timestamp,adjclose,close,high,volume,open,low
2021-04-02 00:00:00,1.900635004043579,1.900635004043579,2.4278690814971924,160166882,2.008021116256714,1.7798899412155151
2021-04-03 00:00:00,2.2255260944366455,2.2255260944366455,2.667651891708374,63493966,1.905403971672058,1.6390899419784546
2021-04-04 00:00:00,1.8740819692611694,1.8740819692611694,2.5621109008789062,30440271,2.2180891036987305,1.7974209785461426
2021-04-05 00:00:00,1.760741949081421,1.760741949081421,2.0071771144866943,28153839,1.8722120523452759,1.5288360118865967
2021-04-06 00:00:00,1.8633290529251099,1.8633290529251099,2.013192892074585,18838073,1.7621010541915894,1.4027199745178223
2021-04-07 00:00:00,1.926516056060791,1.926516056060791,2.030163049697876,15794904,1.8632309436798096,1.382112979888916
2021-04-08 00:00:00,2.1699070930480957,2.1699070930480957,2.2466681003570557,18455829,1.920153021812439,1.6955560445785522
2021-04-09 00:00:00,1.8543699979782104,1.8543699979782104,2.2252609729766846,15544282,2.169987916946411,1.7499710321426392
2021-04-10 00:00:00,1.686640977859497,1.686640977859497,1.8759030103683472,13429686,1.854706048965454,1.5888830423355103
2021-04-11 00:00:00,1.591649055480957,1.591649055480957,1.7317500114440918,7150472,1.6868879795074463,1.5357749462127686
2021-04-12 00:00:00,1.784551978111267,1.784551978111267,1.8551980257034302,7172548,1.5914820432662964,1.550955057144165
2021-04-13 00:00:00,1.536115050315857,1.536115050315857,1.8540380001068115,8200207,1.8540380001068115,1.5166749954223633
2021-04-14 00:00:00,1.3799920082092285,1.3799920082092285,1.5926469564437866,8429356,1.539566993713379,1.3234729766845703
2021-04-15 00:00:00,1.4114569425582886,1.4114569425582886,1.5975220203399658,5141780,1.380046010017395,1.3691519498825073
2021-04-16 00:00:00,1.1674070358276367,1.1674070358276367,1.4185459613800049,6505069,1.4105679988861084,1.119426965713501
2021-04-17 00:00:00,1.219635009765625,1.219635009765625,1.2981610298156738,4029201,1.1680209636688232,1.1309959888458252
2021-04-18 00:00:00,1.1780790090560913,1.1780790090560913,1.2544939517974854,3629090,1.2182430028915405,0.9668110013008118
2021-04-19 00:00:00,1.0731070041656494,1.0731070041656494,1.3452810049057007,5044692,1.1783159971237183,1.0076429843902588
2021-04-20 00:00:00,1.1227079629898071,1.1227079629898071,1.1643589735031128,3818063,1.0720700025558472,0.9307469725608826
2021-04-21 00:00:00,1.05936598777771,1.05936598777771,1.2884069681167603,3865538,1.1223000288009644,1.0060149431228638
2021-04-22 00:00:00,1.0482670068740845,1.0482670068740845,1.2483949661254883,4675023,1.060520052909851,0.9194219708442688
2021-04-23 00:00:00,1.3827580213546753,1.3827580213546753,1.4143999814987183,5916520,1.047827959060669,0.8181710243225098
2021-04-24 00:00:00,1.2584619522094727,1.2584619522094727,1.3829230070114136,4854048,1.3829230070114136,1.0992530584335327
2021-04-25 00:00:00,1.185541033744812,1.185541033744812,1.4080369472503662,4099993,1.2582999467849731,1.1609599590301514
2021-04-26 00:00:00,1.2576220035552979,1.2576220035552979,1.5106350183486938,3117533,1.1709649562835693,1.1709649562835693
2021-04-27 00:00:00,1.2749429941177368,1.2749429941177368,1.437648057937622,2938993,1.2572109699249268,1.2334959506988525
2021-04-28 00:00:00,1.0792969465255737,1.0792969465255737,1.3046519756317139,1722368,1.2755600214004517,1.0357749462127686
2021-04-29 00:00:00,1.240293025970459,1.240293025970459,1.2743879556655884,2852821,1.079679012298584,1.0342390537261963
2021-04-30 00:00:00,1.3874919414520264,1.3874919414520264,1.3913660049438477,5270129,1.2397569417953491,1.1543240547180176
2021-05-01 00:00:00,1.2998499870300293,1.2998499870300293,1.4906680583953857,4922325,1.3873000144958496,1.192878007888794
2021-05-02 00:00:00,1.1406179666519165,1.1406179666519165,1.3774349689483643,6408678,1.299994945526123,0.9361780285835266
2021-05-03 00:00:00,1.234853982925415,1.234853982925415,1.2926729917526245,6915784,1.161586046218872,0.976311981678009
2021-05-04 00:00:00,1.0159330368041992,1.0159330368041992,1.2358930110931396,4241410,1.2358930110931396,1.0159330368041992
2021-05-05 00:00:00,0.9963539838790894,0.9963539838790894,1.142346978187561,4858977,1.016706943511963,0.9467939734458923
2021-05-06 00:00:00,0.9908120036125183,0.9908120036125183,1.0590670108795166,3338529,0.9966080188751221,0.934486985206604
2021-05-07 00:00:00,0.9797009825706482,0.9797009825706482,1.035436987876892,3770922,0.9906420111656189,0.9004520177841187
2021-05-08 00:00:00,0.9727810025215149,0.9727810025215149,1.0216619968414307,1521675,0.9799339771270752,0.9309359788894653
2021-05-09 00:00:00,0.9795349836349487,0.9795349836349487,1.0537830591201782,1781709,0.9751780033111572,0.9282190203666687
2021-05-10 00:00:00,0.843330979347229,0.843330979347229,1.0270329713821411,1577352,0.9793670177459717,0.81973797082901
2021-05-11 00:00:00,0.8782060146331787,0.8782060146331787,0.9305419921875,2177135,0.8444839715957642,0.7556269764900208
2021-05-12 00:00:00,0.8157050013542175,0.8157050013542175,1.0170960426330566,1608564,0.8780400156974792,0.8157050013542175
2021-05-13 00:00:00,0.7922109961509705,0.7922109961509705,0.8819100260734558,1651484,0.8093550205230713,0.7599149942398071
2021-05-14 00:00:00,0.8662880063056946,0.8662880063056946,0.9261000156402588,1556239,0.7925739884376526,0.7910090088844299
2021-05-15 00:00:00,0.6828929781913757,0.6828929781913757,0.8713489770889282,958894,0.8656439781188965,0.6752049922943115
2021-05-16 00:00:00,0.684158980846405,0.684158980846405,0.7355419993400574,1182821,0.6824380159378052,0.6052070260047913
2021-05-17 00:00:00,0.8205289840698242,0.8205289840698242,0.8763880133628845,2787497,0.6849979758262634,0.6275209784507751
2021-05-18 00:00:00,0.8257650136947632,0.8257650136947632,0.9385709762573242,2102379,0.8209609985351562,0.7891359925270081
2021-05-19 00:00:00,0.5175520181655884,0.5175520181655884,0.8397819995880127,1698411,0.8255079984664917,0.4332300126552582
2021-05-20 00:00:00,0.5294219851493835,0.5294219851493835,0.5988569855690002,1023630,0.5150529742240906,0.465721994638443
2021-05-21 00:00:00,0.4006519913673401,0.4006519913673401,0.5492839813232422,796179,0.5286870002746582,0.3550170063972473
2021-05-22 00:00:00,0.3684619963169098,0.3684619963169098,0.4198110103607178,1247954,0.4017210006713867,0.35325101017951965
2021-05-23 00:00:00,0.2789289951324463,0.2789289951324463,0.3868499994277954,1284709,0.3683449923992157,0.24329300224781036
2021-05-24 00:00:00,0.37028101086616516,0.37028101086616516,0.40839800238609314,2196820,0.278903990983963,0.27327099442481995
2021-05-25 00:00:00,0.36028099060058594,0.36028099060058594,0.3910369873046875,1491767,0.3700850009918213,0.3378250002861023
2021-05-26 00:00:00,0.410178005695343,0.410178005695343,0.41179099678993225,1340551,0.360507994890213,0.35705000162124634
2021-05-27 00:00:00,0.3943850100040436,0.3943850100040436,0.4119339883327484,978751,0.41022801399230957,0.372529000043869
2021-05-28 00:00:00,0.3212119936943054,0.3212119936943054,0.4156000018119812,796195,0.40849900245666504,0.30990898609161377
2021-05-29 00:00:00,0.28936299681663513,0.28936299681663513,0.34394600987434387,585856,0.32129499316215515,0.28117600083351135
2021-05-30 00:00:00,0.3547680079936981,0.3547680079936981,0.3592729866504669,436442,0.2902100086212158,0.27397099137306213
2021-05-31 00:00:00,0.3997479975223541,0.3997479975223541,0.41109898686408997,665295,0.3564249873161316,0.32829099893569946
2021-06-01 00:00:00,0.3939630091190338,0.3939630091190338,0.4193199872970581,685956,0.39984801411628723,0.3752419948577881
2021-06-02 00:00:00,0.5005459785461426,0.5005459785461426,0.5327600240707397,791301,0.3939709961414337,0.3891879916191101
2021-06-03 00:00:00,0.5223119854927063,0.5223119854927063,0.5498650074005127,769105,0.5001909732818604,0.48583900928497314
2021-06-04 00:00:00,0.4089069962501526,0.4089069962501526,0.5232759714126587,621533,0.5224490165710449,0.40523800253868103
2021-06-05 00:00:00,0.40851399302482605,0.40851399302482605,0.4500890076160431,538255,0.4087100028991699,0.39674100279808044
2021-06-06 00:00:00,0.43812599778175354,0.43812599778175354,0.4407700002193451,438405,0.40868300199508667,0.39369601011276245
2021-06-07 00:00:00,0.3815169930458069,0.3815169930458069,0.4551900029182434,399693,0.4382059872150421,0.3782869875431061
2021-06-08 00:00:00,0.34796300530433655,0.34796300530433655,0.3811889886856079,589602,0.3811889886856079,0.2963559925556183
2021-06-09 00:00:00,0.3720879852771759,0.3720879852771759,0.3913570046424866,680835,0.34511399269104004,0.3240329921245575
2021-06-10 00:00:00,0.370047003030777,0.370047003030777,0.4088839888572693,485677,0.369937002658844,0.3513149917125702
2021-06-11 00:00:00,0.38269299268722534,0.38269299268722534,0.40435999631881714,414630,0.3700830042362213,0.3673110008239746
2021-06-12 00:00:00,0.3855130076408386,0.3855130076408386,0.3950130045413971,457356,0.38242000341415405,0.343966007232666
2021-06-13 00:00:00,0.5011609792709351,0.5011609792709351,0.5127890110015869,830607,0.38586801290512085,0.3679639995098114
2021-06-14 00:00:00,0.5323259830474854,0.5323259830474854,0.5503280162811279,826212,0.5023019909858704,0.4820539951324463
2021-06-15 00:00:00,0.5522329807281494,0.5522329807281494,0.6483550071716309,1596628,0.5155699849128723,0.49421200156211853
2021-06-16 00:00:00,0.4918540120124817,0.4918540120124817,0.5703139901161194,2390856,0.5624449849128723,0.4538860023021698
2021-06-17 00:00:00,0.4435029923915863,0.4435029923915863,0.5401849746704102,1124897,0.4940280020236969,0.4413920044898987
2021-06-18 00:00:00,0.4032619893550873,0.4032619893550873,0.4487519860267639,714996,0.44355300068855286,0.38911598920822144
2021-06-19 00:00:00,0.372842013835907,0.372842013835907,0.409170001745224,594050,0.403221994638443,0.3615249991416931
2021-06-20 00:00:00,0.37045401334762573,0.37045401334762573,0.38370001316070557,682336,0.3727000057697296,0.3250040113925934
2021-06-21 00:00:00,0.2878339886665344,0.2878339886665344,0.3766219913959503,742807,0.37053200602531433,0.2810499966144562
2021-06-22 00:00:00,0.2550869882106781,0.2550869882106781,0.29127201437950134,933390,0.2879430055618286,0.21620100736618042
2021-06-23 00:00:00,0.28034600615501404,0.28034600615501404,0.2981269955635071,776854,0.2553510069847107,0.2511500120162964
2021-06-24 00:00:00,0.25201600790023804,0.25201600790023804,0.2773829996585846,1058019,0.2759590148925781,0.2150759994983673
2021-06-25 00:00:00,0.23411999642848969,0.23411999642848969,0.26551899313926697,749458,0.2520360052585602,0.22692899405956268
2021-06-26 00:00:00,0.2180899977684021,0.2180899977684021,0.23485000431537628,657417,0.23406699299812317,0.202115997672081
2021-06-27 00:00:00,0.2517769932746887,0.2517769932746887,0.2517769932746887,593807,0.21855899691581726,0.21611200273036957
2021-06-28 00:00:00,0.2611449956893921,0.2611449956893921,0.2789919972419739,586349,0.2527030110359192,0.24413299560546875
2021-06-29 00:00:00,0.28161299228668213,0.28161299228668213,0.29329100251197815,708931,0.26111701130867004,0.2558389902114868
2021-06-30 00:00:00,0.25540000200271606,0.25540000200271606,0.28809401392936707,819092,0.28158000111579895,0.24865399301052094
2021-07-01 00:00:00,0.220770001411438,0.220770001411438,0.2608349919319153,608504,0.2545759975910187,0.21490000188350677
2021-07-02 00:00:00,0.219868004322052,0.219868004322052,0.22606199979782104,486206,0.22076299786567688,0.21097800135612488
2021-07-03 00:00:00,0.2577260136604309,0.2577260136604309,0.26775598526000977,657880,0.2198520004749298,0.2196590006351471
2021-07-04 00:00:00,0.2598559856414795,0.2598559856414795,0.26526498794555664,702067,0.2576979994773865,0.24309700727462769
2021-07-05 00:00:00,0.2569279968738556,0.2569279968738556,0.26188498735427856,661419,0.2598539888858795,0.22870799899101257
2021-07-06 00:00:00,0.27145999670028687,0.27145999670028687,0.28002798557281494,585866,0.2568710148334503,0.2548379898071289
2021-07-07 00:00:00,0.271028995513916,0.271028995513916,0.2757920026779175,486818,0.2714419960975647,0.26623600721359253
2021-07-08 00:00:00,0.23228199779987335,0.23228199779987335,0.2715800106525421,545381,0.2710239887237549,0.23158599436283112
2021-07-09 00:00:00,0.22820700705051422,0.22820700705051422,0.23698100447654724,570387,0.2328750044107437,0.22420300543308258
2021-07-10 00:00:00,0.231004998087883,0.231004998087883,0.23878900706768036,546547,0.22753599286079407,0.22021299600601196
2021-07-11 00:00:00,0.2353069931268692,0.2353069931268692,0.24447299540042877,541577,0.2309499979019165,0.2248079925775528
2021-07-12 00:00:00,0.23371200263500214,0.23371200263500214,0.2568260133266449,618989,0.23530399799346924,0.227292001247406
2021-07-13 00:00:00,0.2074420005083084,0.2074420005083084,0.2356320023536682,659117,0.23345699906349182,0.20657700300216675
2021-07-14 00:00:00,0.21919099986553192,0.21919099986553192,0.22186100482940674,703342,0.20705600082874298,0.1974630057811737
2021-07-15 00:00:00,0.2201160043478012,0.2201160043478012,0.23158100247383118,594707,0.21859699487686157,0.21182399988174438
2021-07-16 00:00:00,0.21022500097751617,0.21022500097751617,0.22485199570655823,569590,0.22056199610233307,0.20835299789905548
2021-07-17 00:00:00,0.21057799458503723,0.21057799458503723,0.21698200702667236,534635,0.21061600744724274,0.2032800018787384
2021-07-18 00:00:00,0.21012599766254425,0.21012599766254425,0.2137479931116104,542867,0.21055400371551514,0.2015099972486496
2021-07-19 00:00:00,0.19674600660800934,0.19674600660800934,0.2124210000038147,652683,0.21005800366401672,0.19186000525951385
2021-07-20 00:00:00,0.17014700174331665,0.17014700174331665,0.19987300038337708,594828,0.1967960000038147,0.166811004281044
2021-07-21 00:00:00,0.17537899315357208,0.17537899315357208,0.18705099821090698,706486,0.1701190024614334,0.16050900518894196
2021-07-22 00:00:00,0.16940100491046906,0.16940100491046906,0.17633500695228577,755071,0.17538699507713318,0.1605689972639084
2021-07-23 00:00:00,0.18263599276542664,0.18263599276542664,0.18263599276542664,523819,0.16927999258041382,0.16875000298023224
2021-07-24 00:00:00,0.18077600002288818,0.18077600002288818,0.19100899994373322,677326,0.1833910048007965,0.16920100152492523
2021-07-25 00:00:00,0.18292200565338135,0.18292200565338135,0.18768300116062164,670201,0.1808280050754547,0.1789889931678772
2021-07-26 00:00:00,0.21048100292682648,0.21048100292682648,0.22869199514389038,635064,0.1829259991645813,0.182559996843338
2021-07-27 00:00:00,0.2416049987077713,0.2416049987077713,0.2642419934272766,969124,0.2104949951171875,0.19907499849796295
2021-07-28 00:00:00,0.2778109908103943,0.2778109908103943,0.28210699558258057,873333,0.24161800742149353,0.23961900174617767
2021-07-29 00:00:00,0.2652049958705902,0.2652049958705902,0.32910799980163574,1157949,0.27879300713539124,0.25369301438331604
2021-07-30 00:00:00,0.25285300612449646,0.25285300612449646,0.2795720100402832,928947,0.2653760015964508,0.2457049936056137
2021-07-31 00:00:00,0.2600190043449402,0.2600190043449402,0.26245999336242676,631382,0.2528350055217743,0.252344012260437
2021-08-01 00:00:00,0.24949300289154053,0.24949300289154053,0.2613629996776581,544668,0.25954198837280273,0.24881799519062042
2021-08-02 00:00:00,0.2522200047969818,0.2522200047969818,0.2560670077800751,639707,0.2494560033082962,0.2416989952325821
2021-08-03 00:00:00,0.25397101044654846,0.25397101044654846,0.2692129909992218,868642,0.25256800651550293,0.25036099553108215
2021-08-04 00:00:00,0.25342801213264465,0.25342801213264465,0.25824499130249023,719853,0.2540600001811981,0.2493470013141632
2021-08-05 00:00:00,0.23795799911022186,0.23795799911022186,0.2607269883155823,843100,0.2534230053424835,0.231672003865242
2021-08-06 00:00:00,0.24631300568580627,0.24631300568580627,0.2518939971923828,674432,0.23844200372695923,0.23364199697971344
2021-08-07 00:00:00,0.23992100358009338,0.23992100358009338,0.25496000051498413,983770,0.24658599495887756,0.239096999168396
2021-08-08 00:00:00,0.23936399817466736,0.23936399817466736,0.24824799597263336,2842595,0.2395849972963333,0.2198989987373352
2021-08-09 00:00:00,0.23324400186538696,0.23324400186538696,0.2457990050315857,2229915,0.23919400572776794,0.21783800423145294
2021-08-10 00:00:00,0.2422659993171692,0.2422659993171692,0.261898010969162,958379,0.23341000080108643,0.22610099613666534
2021-08-11 00:00:00,0.2576119899749756,0.2576119899749756,0.2683990001678467,1683694,0.25451499223709106,0.24995100498199463
2021-08-12 00:00:00,0.2469799965620041,0.2469799965620041,0.2686220109462738,919068,0.25666001439094543,0.2364020049571991
2021-08-13 00:00:00,0.2648620009422302,0.2648620009422302,0.2664079964160919,1684337,0.24664799869060516,0.2346470057964325
2021-08-14 00:00:00,0.2611309885978699,0.2611309885978699,0.2699820101261139,565102,0.26475799083709717,0.2580769956111908
2021-08-15 00:00:00,0.2733539938926697,0.2733539938926697,0.2733539938926697,1170462,0.26102501153945923,0.2545109987258911
2021-08-16 00:00:00,0.28998398780822754,0.28998398780822754,0.3182680010795593,1818444,0.272473007440567,0.269553005695343
2021-08-17 00:00:00,0.32751598954200745,0.32751598954200745,0.36364099383354187,2163486,0.2895140051841736,0.28735101222991943
2021-08-18 00:00:00,0.3324959874153137,0.3324959874153137,0.3517889976501465,1873497,0.3276959955692291,0.2909559905529022
2021-08-19 00:00:00,0.33687999844551086,0.33687999844551086,0.36051398515701294,1379201,0.3323499858379364,0.3233509957790375
2021-08-20 00:00:00,0.3468700051307678,0.3468700051307678,0.3721719980239868,1725320,0.33692699670791626,0.324088990688324
2021-08-21 00:00:00,0.349029004573822,0.349029004573822,0.3795270025730133,1526036,0.34727001190185547,0.32518699765205383
2021-08-22 00:00:00,0.3185400068759918,0.3185400068759918,0.3679639995098114,1492269,0.34900200366973877,0.31328800320625305
2021-08-23 00:00:00,0.33010900020599365,0.33010900020599365,0.34409299492836,1006600,0.3184320032596588,0.3046810030937195
2021-08-24 00:00:00,0.28672799468040466,0.28672799468040466,0.34432101249694824,1742562,0.3301540017127991,0.28589800000190735
2021-08-25 00:00:00,0.3160719871520996,0.3160719871520996,0.31785398721694946,1204488,0.2867400050163269,0.2846449911594391
2021-08-26 00:00:00,0.27428698539733887,0.27428698539733887,0.3217630088329315,1487638,0.315869003534317,0.2717280089855194
2021-08-27 00:00:00,0.29064100980758667,0.29064100980758667,0.2955150008201599,1554914,0.2736479938030243,0.2714270055294037
2021-08-28 00:00:00,0.27890899777412415,0.27890899777412415,0.29457199573516846,496608,0.2910979986190796,0.2733199894428253
2021-08-29 00:00:00,0.26664701104164124,0.26664701104164124,0.2859039902687073,607503,0.2792159914970398,0.2655780017375946
2021-08-30 00:00:00,0.28022700548171997,0.28022700548171997,0.29091599583625793,1030571,0.26673901081085205,0.24903200566768646
2021-08-31 00:00:00,0.3430219888687134,0.3430219888687134,0.4042229950428009,3493281,0.27963799238204956,0.27556300163269043
2021-09-01 00:00:00,0.38836100697517395,0.38836100697517395,0.39564400911331177,3474411,0.34304898977279663,0.32641398906707764
2021-09-02 00:00:00,0.3970170021057129,0.3970170021057129,0.4279859960079193,2408344,0.38844600319862366,0.3865070044994354
2021-09-03 00:00:00,0.38898101449012756,0.38898101449012756,0.40669700503349304,901636,0.39679399132728577,0.3868579864501953
2021-09-04 00:00:00,0.3647879958152771,0.3647879958152771,0.3887520134449005,800514,0.3887520134449005,0.36114200949668884
2021-09-05 00:00:00,0.350165992975235,0.350165992975235,0.36542001366615295,758840,0.36475101113319397,0.3488810062408447
2021-09-06 00:00:00,0.3514530062675476,0.3514530062675476,0.35782501101493835,1346000,0.3500930070877075,0.3362230062484741
2021-09-07 00:00:00,0.2933889925479889,0.2933889925479889,0.353520005941391,829681,0.3521279990673065,0.2835089862346649
2021-09-08 00:00:00,0.29072099924087524,0.29072099924087524,0.2982479929924011,1038500,0.29387998580932617,0.27347201108932495
2021-09-09 00:00:00,0.3241859972476959,0.3241859972476959,0.3772290050983429,1782222,0.29050499200820923,0.2860270142555237
2021-09-10 00:00:00,0.2918829917907715,0.2918829917907715,0.3363789916038513,1373402,0.32341301441192627,0.2824859917163849
2021-09-11 00:00:00,0.31981098651885986,0.31981098651885986,0.32749199867248535,889605,0.29211199283599854,0.29211199283599854
2021-09-12 00:00:00,0.30678999423980713,0.30678999423980713,0.328110009431839,731977,0.31985101103782654,0.3041290044784546
2021-09-13 00:00:00,0.31833401322364807,0.31833401322364807,0.3252809941768646,1004163,0.3068099915981293,0.2851330041885376
2021-09-14 00:00:00,0.3145810067653656,0.3145810067653656,0.3222149908542633,813514,0.3186819851398468,0.31169599294662476
2021-09-15 00:00:00,0.3527269959449768,0.3527269959449768,0.360942006111145,923675,0.31442898511886597,0.3110310137271881
2021-09-16 00:00:00,0.33431899547576904,0.33431899547576904,0.3590790033340454,749217,0.353208988904953,0.32968899607658386
2021-09-17 00:00:00,0.3174560070037842,0.3174560070037842,0.33668801188468933,502832,0.33320799469947815,0.3136630058288574
2021-09-18 00:00:00,0.31255999207496643,0.31255999207496643,0.3243910074234009,510977,0.31739699840545654,0.3100070059299469
2021-09-19 00:00:00,0.3193869888782501,0.3193869888782501,0.3193869888782501,563837,0.3125619888305664,0.3014169931411743
2021-09-20 00:00:00,0.28566598892211914,0.28566598892211914,0.3201889991760254,854313,0.319242000579834,0.28442999720573425
2021-09-21 00:00:00,0.2696869969367981,0.2696869969367981,0.29938098788261414,659889,0.2855750024318695,0.2695559859275818
2021-09-22 00:00:00,0.2894119918346405,0.2894119918346405,0.2926560044288635,632467,0.26978498697280884,0.26978498697280884
2021-09-23 00:00:00,0.28824201226234436,0.28824201226234436,0.2921769917011261,690790,0.2894439995288849,0.2745000123977661
2021-09-24 00:00:00,0.2745400071144104,0.2745400071144104,0.288659006357193,597050,0.28807899355888367,0.2616100013256073
2021-09-25 00:00:00,0.2639380097389221,0.2639380097389221,0.2765960097312927,531965,0.2741450071334839,0.26317501068115234
2021-09-26 00:00:00,0.27278900146484375,0.27278900146484375,0.28011998534202576,554859,0.26424500346183777,0.2547920048236847
2021-09-27 00:00:00,0.25744301080703735,0.25744301080703735,0.2788189947605133,682289,0.27279698848724365,0.2554379999637604
2021-09-28 00:00:00,0.24060499668121338,0.24060499668121338,0.2601639926433563,486443,0.2572459876537323,0.24014399945735931
2021-09-29 00:00:00,0.24289299547672272,0.24289299547672272,0.25366899371147156,871010,0.24034400284290314,0.22908900678157806
2021-09-30 00:00:00,0.23337200284004211,0.23337200284004211,0.24471400678157806,808714,0.24321599304676056,0.2287980020046234
2021-10-01 00:00:00,0.2509480118751526,0.2509480118751526,0.2648780047893524,729811,0.2335350066423416,0.23060700297355652
2021-10-02 00:00:00,0.2477950006723404,0.2477950006723404,0.2542850077152252,552672,0.2508549988269806,0.2405730038881302
2021-10-03 00:00:00,0.2357649952173233,0.2357649952173233,0.2496740072965622,584582,0.24779599905014038,0.23515300452709198
2021-10-04 00:00:00,0.239656001329422,0.239656001329422,0.2568950057029724,748267,0.23600700497627258,0.2273630052804947
2021-10-05 00:00:00,0.23603500425815582,0.23603500425815582,0.24299800395965576,827396,0.23965799808502197,0.22744299471378326
2021-10-06 00:00:00,0.2328920066356659,0.2328920066356659,0.2532700002193451,739571,0.23584499955177307,0.227509006857872
2021-10-07 00:00:00,0.2229679971933365,0.2229679971933365,0.23592600226402283,548545,0.23291200399398804,0.2224850058555603
2021-10-08 00:00:00,0.22075699269771576,0.22075699269771576,0.22941499948501587,536815,0.2229750007390976,0.21727800369262695
2021-10-09 00:00:00,0.2196269929409027,0.2196269929409027,0.22753800451755524,563118,0.22070200741291046,0.21884800493717194
2021-10-10 00:00:00,0.2200080007314682,0.2200080007314682,0.22619299590587616,638474,0.21962499618530273,0.21141700446605682
2021-10-11 00:00:00,0.2488429993391037,0.2488429993391037,0.2738330066204071,2690817,0.2199299931526184,0.2150139957666397
2021-10-12 00:00:00,0.23322300612926483,0.23322300612926483,0.2573930025100708,1912826,0.24887199699878693,0.2308879941701889
2021-10-13 00:00:00,0.24233600497245789,0.24233600497245789,0.26527100801467896,1433052,0.23333799839019775,0.22825899720191956
2021-10-14 00:00:00,0.23446400463581085,0.23446400463581085,0.24480600655078888,793620,0.24273400008678436,0.23220500349998474
2021-10-15 00:00:00,0.23320800065994263,0.23320800065994263,0.23982499539852142,562119,0.23409700393676758,0.22801299393177032
2021-10-16 00:00:00,0.24627800285816193,0.24627800285816193,0.2648639976978302,1028946,0.23304599523544312,0.23013100028038025
2021-10-17 00:00:00,0.24546800553798676,0.24546800553798676,0.25613799691200256,673189,0.2462339997291565,0.238755002617836
2021-10-18 00:00:00,0.24018800258636475,0.24018800258636475,0.2462249994277954,559832,0.24505600333213806,0.23430800437927246
2021-10-19 00:00:00,0.23949900269508362,0.23949900269508362,0.24911899864673615,648441,0.24020600318908691,0.23255600035190582
2021-10-20 00:00:00,0.2457980066537857,0.2457980066537857,0.24926400184631348,851863,0.23951999843120575,0.2375359982252121
2021-10-21 00:00:00,0.23044300079345703,0.23044300079345703,0.25481700897216797,833565,0.2462649941444397,0.2262589931488037
2021-10-22 00:00:00,0.23494799435138702,0.23494799435138702,0.23695699870586395,692653,0.22888199985027313,0.22588799893856049
2021-10-23 00:00:00,0.24008500576019287,0.24008500576019287,0.24320699274539948,785705,0.2348410040140152,0.2307099997997284
2021-10-24 00:00:00,0.23272399604320526,0.23272399604320526,0.24159899353981018,1142691,0.23843200504779816,0.2313610017299652
2021-10-25 00:00:00,0.24358299374580383,0.24358299374580383,0.25102001428604126,988484,0.2327290028333664,0.23163500428199768
2021-10-26 00:00:00,0.2373349964618683,0.2373349964618683,0.24538399279117584,626890,0.24353699386119843,0.23647700250148773
2021-10-27 00:00:00,0.2174520045518875,0.2174520045518875,0.23763799667358398,739594,0.2373030036687851,0.2174520045518875
2021-10-28 00:00:00,0.22273199260234833,0.22273199260234833,0.23382200300693512,882952,0.21776999533176422,0.21297599375247955
2021-10-29 00:00:00,0.22126400470733643,0.22126400470733643,0.22938600182533264,769867,0.22268100082874298,0.21857400238513947
2021-10-30 00:00:00,0.21886900067329407,0.21886900067329407,0.22889100015163422,936631,0.22142599523067474,0.2106979936361313
2021-10-31 00:00:00,0.22585900127887726,0.22585900127887726,0.240106999874115,1556553,0.21887899935245514,0.21806100010871887
2021-11-01 00:00:00,0.22700700163841248,0.22700700163841248,0.2355629950761795,865029,0.22586700320243835,0.21903300285339355
2021-11-02 00:00:00,0.23323599994182587,0.23323599994182587,0.23798799514770508,833726,0.22692500054836273,0.21980999410152435
2021-11-03 00:00:00,0.3432149887084961,0.3432149887084961,0.42544201016426086,14475009,0.233474999666214,0.23335500061511993
2021-11-04 00:00:00,0.293971985578537,0.293971985578537,0.344105988740921,3942000,0.34324800968170166,0.28997400403022766
2021-11-05 00:00:00,0.3236429989337921,0.3236429989337921,0.3502790033817291,2432030,0.29368600249290466,0.2929709851741791
2021-11-06 00:00:00,0.31477001309394836,0.31477001309394836,0.33834099769592285,1232062,0.3236500024795532,0.30104300379753113
2021-11-07 00:00:00,0.3006500005722046,0.3006500005722046,0.33951398730278015,1050976,0.3148080110549927,0.29679399728775024
2021-11-08 00:00:00,0.30730199813842773,0.30730199813842773,0.3087620139122009,981900,0.30077800154685974,0.2911680042743683
2021-11-09 00:00:00,0.32957398891448975,0.32957398891448975,0.33335399627685547,1329690,0.3072980046272278,0.2951520085334778
2021-11-10 00:00:00,0.35700300335884094,0.35700300335884094,0.4016450047492981,4150267,0.3294239938259125,0.3255879878997803
2021-11-11 00:00:00,0.4199120104312897,0.4199120104312897,0.43148401379585266,3522919,0.3571780025959015,0.3557159900665283
2021-11-12 00:00:00,0.4157159924507141,0.4157159924507141,0.48009398579597473,4573258,0.41013601422309875,0.4024620056152344
2021-11-13 00:00:00,0.44780001044273376,0.44780001044273376,0.45604199171066284,2109403,0.41580700874328613,0.39943599700927734
2021-11-14 00:00:00,0.6587669849395752,0.6587669849395752,0.6797609925270081,11510718,0.44992300868034363,0.4307669997215271
2021-11-15 00:00:00,0.7241330146789551,0.7241330146789551,0.7555350065231323,16770557,0.658141016960144,0.6173909902572632
2021-11-16 00:00:00,0.6485530138015747,0.6485530138015747,0.9711980223655701,7154190,0.7247560024261475,0.6223180294036865
2021-11-17 00:00:00,0.7069330215454102,0.7069330215454102,0.7358779907226562,5393365,0.6481559872627258,0.6187180280685425
2021-11-18 00:00:00,0.6135330200195312,0.6135330200195312,0.7151010036468506,4428911,0.7069950103759766,0.5707529783248901
2021-11-19 00:00:00,0.6433380246162415,0.6433380246162415,0.6889820098876953,2585438,0.6168540120124817,0.5823590159416199
2021-11-20 00:00:00,0.9126319885253906,0.9126319885253906,0.9185870289802551,10378635,0.6435610055923462,0.6384299993515015
2021-11-21 00:00:00,0.8481339812278748,0.8481339812278748,0.9490870237350464,9157933,0.913707971572876,0.8113769888877869
2021-11-22 00:00:00,0.781827986240387,0.781827986240387,0.8743389844894409,5220335,0.8513270020484924,0.770861029624939
2021-11-23 00:00:00,0.9438679814338684,0.9438679814338684,0.9449449777603149,5648007,0.7797060012817383,0.7759069800376892
2021-11-24 00:00:00,0.8912720084190369,0.8912720084190369,0.9808210134506226,5192473,0.9416249990463257,0.8830739855766296
2021-11-25 00:00:00,0.9410619735717773,0.9410619735717773,0.9634829759597778,6895886,0.962024986743927,0.8142529726028442
2021-11-26 00:00:00,0.9040970206260681,0.9040970206260681,0.9865490198135376,8872722,0.8424460291862488,0.7328919768333435
2021-11-27 00:00:00,0.963998019695282,0.963998019695282,1.1727240085601807,14425761,0.8956040143966675,0.8864750266075134
2021-11-28 00:00:00,0.9630439877510071,0.9630439877510071,1.0049550533294678,6713070,0.9679549932479858,0.890637993812561
2021-11-29 00:00:00,0.9572920203208923,0.9572920203208923,1.0515730381011963,5167531,0.9653459787368774,0.9546070098876953
2021-11-30 00:00:00,0.8716620206832886,0.8716620206832886,0.9569600224494934,4430315,0.9569600224494934,0.8639280200004578
2021-12-01 00:00:00,0.9510599970817566,0.9510599970817566,1.092270016670227,9661934,0.8703510165214539,0.8416380286216736
2021-12-02 00:00:00,0.9233329892158508,0.9233329892158508,1.0060219764709473,5915525,0.9514859914779663,0.908918023109436
2021-12-03 00:00:00,0.8224909901618958,0.8224909901618958,0.9424560070037842,5152472,0.9235699772834778,0.7771999835968018
2021-12-04 00:00:00,0.7479699850082397,0.7479699850082397,0.8304269909858704,4902082,0.8232420086860657,0.6623749732971191
2021-12-05 00:00:00,0.5942270159721375,0.5942270159721375,0.7489029765129089,3784507,0.7480170130729675,0.5942270159721375
2021-12-06 00:00:00,0.6263719797134399,0.6263719797134399,0.6330249905586243,4683393,0.5930539965629578,0.5289899706840515
2021-12-07 00:00:00,0.623678982257843,0.623678982257843,0.6714720129966736,2714359,0.6272090077400208,0.6100190281867981
2021-12-08 00:00:00,0.6119620203971863,0.6119620203971863,0.6234070062637329,2151635,0.6234070062637329,0.5710530281066895
2021-12-09 00:00:00,0.5219860076904297,0.5219860076904297,0.652072012424469,2118469,0.6112669706344604,0.5219860076904297
2021-12-10 00:00:00,0.481904000043869,0.481904000043869,0.5410100221633911,1668600,0.5232809782028198,0.48152899742126465
2021-12-11 00:00:00,0.5324419736862183,0.5324419736862183,0.5548400282859802,1847593,0.48164600133895874,0.47955799102783203
2021-12-12 00:00:00,0.5563639998435974,0.5563639998435974,0.5677610039710999,1345186,0.5323489904403687,0.5143309831619263
2021-12-13 00:00:00,0.503466010093689,0.503466010093689,0.5602669715881348,1433497,0.5556169748306274,0.492684006690979
2021-12-14 00:00:00,0.4660409986972809,0.4660409986972809,0.5047240257263184,1014838,0.5026569962501526,0.456714004278183
2021-12-15 00:00:00,0.5557190179824829,0.5557190179824829,0.5718780159950256,2300407,0.5014669895172119,0.5012350082397461
2021-12-16 00:00:00,0.5225520133972168,0.5225520133972168,0.5827400088310242,1305919,0.5555909872055054,0.5210080146789551
2021-12-17 00:00:00,0.5144000053405762,0.5144000053405762,0.5411180257797241,1018178,0.5223109722137451,0.49990901350975037
2021-12-18 00:00:00,0.5067440271377563,0.5067440271377563,0.5244600176811218,909880,0.5146030187606812,0.4941149950027466
2021-12-19 00:00:00,0.4843659996986389,0.4843659996986389,0.5128600001335144,803835,0.5062059760093689,0.48142701387405396
2021-12-20 00:00:00,0.47297999262809753,0.47297999262809753,0.4842059910297394,730803,0.4842059910297394,0.45673099160194397
2021-12-21 00:00:00,0.502327024936676,0.502327024936676,0.5081830024719238,1070756,0.47304999828338623,0.4694730043411255
2021-12-22 00:00:00,0.5474200248718262,0.5474200248718262,0.5544059872627258,1561951,0.5022720098495483,0.49098899960517883
2021-12-23 00:00:00,0.5171530246734619,0.5171530246734619,0.5474569797515869,2369230,0.5474569797515869,0.4984070062637329
2021-12-24 00:00:00,0.5375649929046631,0.5375649929046631,0.5630890130996704,1511461,0.5172539949417114,0.5163729786872864
2021-12-25 00:00:00,0.5102149844169617,0.5102149844169617,0.5393469929695129,1233332,0.5376610159873962,0.5099769830703735
2021-12-26 00:00:00,0.548816978931427,0.548816978931427,0.5610420107841492,1989886,0.5102019906044006,0.5009639859199524
2021-12-27 00:00:00,0.5995470285415649,0.5995470285415649,0.6534510254859924,3798489,0.5488160252571106,0.5470560193061829
2021-12-28 00:00:00,0.5378280282020569,0.5378280282020569,0.5993199944496155,2442494,0.5993199944496155,0.5281800031661987
2021-12-29 00:00:00,0.5050569772720337,0.5050569772720337,0.5458959937095642,1277590,0.537293016910553,0.5050569772720337
2021-12-30 00:00:00,0.505886971950531,0.505886971950531,0.5152530074119568,1118937,0.5041030049324036,0.4998520016670227
2021-12-31 00:00:00,0.4661270081996918,0.4661270081996918,0.5079910159111023,1455013,0.5059919953346252,0.46325498819351196
2022-01-01 00:00:00,0.5048789978027344,0.5048789978027344,0.5055490136146545,1167621,0.4661020040512085,0.46523401141166687
2022-01-02 00:00:00,0.4828310012817383,0.4828310012817383,0.5096870064735413,1132269,0.5048760175704956,0.4793980121612549
2022-01-03 00:00:00,0.4565500020980835,0.4565500020980835,0.4829219877719879,1319776,0.4829219877719879,0.44832301139831543
2022-01-04 00:00:00,0.41113999485969543,0.41113999485969543,0.4577830135822296,1635021,0.45653998851776123,0.41098999977111816
2022-01-05 00:00:00,0.37817299365997314,0.37817299365997314,0.44472700357437134,2385531,0.411188006401062,0.36375200748443604
2022-01-06 00:00:00,0.36857300996780396,0.36857300996780396,0.3804349899291992,1608704,0.37915199995040894,0.3501319885253906
2022-01-07 00:00:00,0.32746100425720215,0.32746100425720215,0.36857300996780396,1286394,0.36857300996780396,0.3178659975528717
2022-01-08 00:00:00,0.3006890118122101,0.3006890118122101,0.33200499415397644,863467,0.32749998569488525,0.29747501015663147
2022-01-09 00:00:00,0.3113029897212982,0.3113029897212982,0.3263539969921112,697833,0.30113598704338074,0.29736000299453735
2022-01-10 00:00:00,0.2751840054988861,0.2751840054988861,0.3142170011997223,1977196,0.3111779987812042,0.25223299860954285
2022-01-11 00:00:00,0.3038739860057831,0.3038739860057831,0.30482301115989685,1424966,0.27518901228904724,0.26891300082206726
2022-01-12 00:00:00,0.35539698600769043,0.35539698600769043,0.36114099621772766,2447601,0.30384498834609985,0.3036549985408783
2022-01-13 00:00:00,0.3211880028247833,0.3211880028247833,0.3565169870853424,2703404,0.35537201166152954,0.31343600153923035
2022-01-14 00:00:00,0.31827399134635925,0.31827399134635925,0.3215230107307434,1494205,0.32120299339294434,0.29694700241088867
2022-01-15 00:00:00,0.3065580129623413,0.3065580129623413,0.31877800822257996,977243,0.3184039890766144,0.2991049885749817
2022-01-16 00:00:00,0.2963060140609741,0.2963060140609741,0.30962100625038147,760731,0.3062019944190979,0.2950969934463501
2022-01-17 00:00:00,0.2772519886493683,0.2772519886493683,0.2976379990577698,738228,0.2964400053024292,0.2745879888534546
2022-01-18 00:00:00,0.27263298630714417,0.27263298630714417,0.28208500146865845,683757,0.2772499918937683,0.25945499539375305
2022-01-19 00:00:00,0.2510559856891632,0.2510559856891632,0.2733820080757141,481311,0.2720710039138794,0.24925899505615234
2022-01-20 00:00:00,0.24693100154399872,0.24693100154399872,0.277895987033844,828464,0.25159600377082825,0.24670900404453278
2022-01-21 00:00:00,0.2118690013885498,0.2118690013885498,0.2513889968395233,950005,0.2469169944524765,0.2078620046377182
2022-01-22 00:00:00,0.1936579942703247,0.1936579942703247,0.21360400319099426,791205,0.21190199255943298,0.17648500204086304
2022-01-23 00:00:00,0.1937209963798523,0.1937209963798523,0.20435500144958496,897988,0.19373099505901337,0.18527500331401825
2022-01-24 00:00:00,0.19158799946308136,0.19158799946308136,0.1940709948539734,1438280,0.19366499781608582,0.16238899528980255
2022-01-25 00:00:00,0.20905999839305878,0.20905999839305878,0.22236700356006622,1862711,0.19164499640464783,0.18402700126171112
2022-01-26 00:00:00,0.20311500132083893,0.20311500132083893,0.21804599463939667,1386882,0.2085990011692047,0.19824600219726562
2022-01-27 00:00:00,0.20800000429153442,0.20800000429153442,0.2205660045146942,1136485,0.200872004032135,0.19090500473976135
2022-01-28 00:00:00,0.19951899349689484,0.19951899349689484,0.20890100300312042,632130,0.20797400176525116,0.19190800189971924
2022-01-29 00:00:00,0.19497700035572052,0.19497700035572052,0.2049040049314499,775293,0.1995140016078949,0.19032199680805206
2022-01-30 00:00:00,0.19099800288677216,0.19099800288677216,0.19746799767017365,541933,0.19512799382209778,0.1897670030593872
2022-01-31 00:00:00,0.19071699678897858,0.19071699678897858,0.19891799986362457,551439,0.19057799875736237,0.18154899775981903
2022-02-01 00:00:00,0.19970199465751648,0.19970199465751648,0.20127199590206146,490758,0.1907140016555786,0.19022800028324127
2022-02-02 00:00:00,0.18798400461673737,0.18798400461673737,0.19893500208854675,507443,0.19893500208854675,0.18304699659347534
2022-02-03 00:00:00,0.18082399666309357,0.18082399666309357,0.19075599312782288,452552,0.18804700672626495,0.17663800716400146
2022-02-04 00:00:00,0.19509999454021454,0.19509999454021454,0.1972779929637909,788964,0.18104299902915955,0.17508399486541748
2022-02-05 00:00:00,0.19752000272274017,0.19752000272274017,0.21101799607276917,680815,0.1950100064277649,0.19456900656223297
2022-02-06 00:00:00,0.2036059945821762,0.2036059945821762,0.20430000126361847,641808,0.19753000140190125,0.1968570053577423
2022-02-07 00:00:00,0.22114400565624237,0.22114400565624237,0.22414499521255493,712247,0.20353500545024872,0.20104099810123444
2022-02-08 00:00:00,0.21640299260616302,0.21640299260616302,0.24741700291633606,1261649,0.22105500102043152,0.20773200690746307
2022-02-09 00:00:00,0.22790800034999847,0.22790800034999847,0.227960005402565,835927,0.216729998588562,0.21073900163173676
2022-02-10 00:00:00,0.19679699838161469,0.19679699838161469,0.2347320020198822,940602,0.22787299752235413,0.19647599756717682
2022-02-11 00:00:00,0.1828790009021759,0.1828790009021759,0.2054309993982315,968736,0.19674000144004822,0.18071700632572174
2022-02-12 00:00:00,0.19039799273014069,0.19039799273014069,0.19039799273014069,579521,0.18286800384521484,0.17865100502967834
2022-02-13 00:00:00,0.1821960061788559,0.1821960061788559,0.19860799610614777,746617,0.19027499854564667,0.18063299357891083
2022-02-14 00:00:00,0.18525399267673492,0.18525399267673492,0.18783600628376007,586804,0.1821639984846115,0.17982299625873566
2022-02-15 00:00:00,0.19556200504302979,0.19556200504302979,0.20133499801158905,740229,0.1854110062122345,0.18294799327850342
2022-02-16 00:00:00,0.19108399748802185,0.19108399748802185,0.19599400460720062,783637,0.19535599648952484,0.18354499340057373
2022-02-17 00:00:00,0.18083299696445465,0.18083299696445465,0.19113700091838837,721718,0.19113700091838837,0.17875200510025024
2022-02-18 00:00:00,0.1861249953508377,0.1861249953508377,0.18998299539089203,661910,0.18077999353408813,0.17604300379753113
2022-02-19 00:00:00,0.1804790049791336,0.1804790049791336,0.1861950010061264,464812,0.18592600524425507,0.17943499982357025
2022-02-20 00:00:00,0.17011499404907227,0.17011499404907227,0.18154500424861908,523015,0.18063600361347198,0.16783300042152405
2022-02-21 00:00:00,0.1568019986152649,0.1568019986152649,0.17491799592971802,563261,0.17010700702667236,0.15580600500106812
2022-02-22 00:00:00,0.15106099843978882,0.15106099843978882,0.15854999423027039,472022,0.15711599588394165,0.14804799854755402
2022-02-23 00:00:00,0.14803899824619293,0.14803899824619293,0.1574539989233017,528961,0.1508910059928894,0.14785100519657135
2022-02-24 00:00:00,0.12884099781513214,0.12884099781513214,0.15025299787521362,1256419,0.1479019969701767,0.11389599740505219
2022-02-25 00:00:00,0.13671399652957916,0.13671399652957916,0.13827499747276306,828526,0.12830300629138947,0.1255190074443817
2022-02-26 00:00:00,0.13269299268722534,0.13269299268722534,0.13948999345302582,1058065,0.13668200373649597,0.13045699894428253
2022-02-27 00:00:00,0.12972499430179596,0.12972499430179596,0.13945500552654266,605108,0.13266000151634216,0.127578005194664
2022-02-28 00:00:00,0.14082999527454376,0.14082999527454376,0.14165499806404114,571007,0.12973900139331818,0.12856799364089966
2022-03-01 00:00:00,0.14910300076007843,0.14910300076007843,0.15867699682712555,777892,0.14172300696372986,0.140066996216774
2022-03-02 00:00:00,0.14260399341583252,0.14260399341583252,0.1502009928226471,710848,0.14858999848365784,0.14197200536727905
2022-03-03 00:00:00,0.13556499779224396,0.13556499779224396,0.14321500062942505,554615,0.14257900416851044,0.13520200550556183
2022-03-04 00:00:00,0.13003699481487274,0.13003699481487274,0.1358409970998764,410765,0.135562002658844,0.12759800255298615
2022-03-05 00:00:00,0.13197200000286102,0.13197200000286102,0.13271799683570862,326767,0.1300410032272339,0.1285579949617386
2022-03-06 00:00:00,0.13827000558376312,0.13827000558376312,0.1410669982433319,596647,0.13257500529289246,0.12905600666999817
2022-03-07 00:00:00,0.16187499463558197,0.16187499463558197,0.1714950054883957,2866168,0.13814300298690796,0.13033099472522736
2022-03-08 00:00:00,0.1914750039577484,0.1914750039577484,0.19691599905490875,4963695,0.1618569940328598,0.15840399265289307
2022-03-09 00:00:00,0.24004299938678741,0.24004299938678741,0.26302599906921387,13364622,0.19085900485515594,0.1807679980993271
2022-03-10 00:00:00,0.1978529989719391,0.1978529989719391,0.24789799749851227,11636534,0.24015900492668152,0.18083900213241577
2022-03-11 00:00:00,0.19416500627994537,0.19416500627994537,0.22716300189495087,5172754,0.19790899753570557,0.18594500422477722
2022-03-12 00:00:00,0.20078299939632416,0.20078299939632416,0.2370309978723526,12995860,0.1941940039396286,0.19102700054645538
2022-03-13 00:00:00,0.19912800192832947,0.19912800192832947,0.22260800004005432,8677111,0.20073600113391876,0.198743999004364
2022-03-14 00:00:00,0.19266000390052795,0.19266000390052795,0.19930000603199005,4325968,0.19927099347114563,0.1818069964647293
2022-03-15 00:00:00,0.18944300711154938,0.18944300711154938,0.19360999763011932,2551109,0.19273599982261658,0.17804500460624695
2022-03-16 00:00:00,0.2307489961385727,0.2307489961385727,0.27684301137924194,13710908,0.189300999045372,0.18796299397945404
2022-03-17 00:00:00,0.2075899988412857,0.2075899988412857,0.24382300674915314,4921648,0.23106999695301056,0.20547200739383698
2022-03-18 00:00:00,0.24255000054836273,0.24255000054836273,0.24435099959373474,5132042,0.20824599266052246,0.20332899689674377
2022-03-19 00:00:00,0.2420549988746643,0.2420549988746643,0.25986000895500183,5138111,0.2423810064792633,0.22499600052833557
2022-03-20 00:00:00,0.22518600523471832,0.22518600523471832,0.24689599871635437,2901435,0.24117499589920044,0.21711699664592743
2022-03-21 00:00:00,0.22158999741077423,0.22158999741077423,0.22983300685882568,1920119,0.22514599561691284,0.2188040018081665
2022-03-22 00:00:00,0.226623997092247,0.226623997092247,0.23882000148296356,2055057,0.2218479961156845,0.2208690047264099
2022-03-23 00:00:00,0.2295989990234375,0.2295989990234375,0.24641400575637817,3463429,0.22663600742816925,0.22296300530433655
2022-03-24 00:00:00,0.222679004073143,0.222679004073143,0.23137600719928741,2078329,0.23055399954319,0.21751199662685394
2022-03-25 00:00:00,0.22079500555992126,0.22079500555992126,0.22755500674247742,1459219,0.22268299758434296,0.21690000593662262
2022-03-26 00:00:00,0.22162500023841858,0.22162500023841858,0.22613300383090973,1152491,0.22049500048160553,0.21751199662685394
2022-03-27 00:00:00,0.22708000242710114,0.22708000242710114,0.23925499618053436,2549116,0.22218699753284454,0.21976499259471893
2022-03-28 00:00:00,0.23792199790477753,0.23792199790477753,0.25319400429725647,4225656,0.22707900404930115,0.2246139943599701
2022-03-29 00:00:00,0.24129000306129456,0.24129000306129456,0.251226007938385,2769581,0.23785699903964996,0.23542599380016327
2022-03-30 00:00:00,0.25620999932289124,0.25620999932289124,0.2721349895000458,6375808,0.24128299951553345,0.24029600620269775
2022-03-31 00:00:00,0.24347099661827087,0.24347099661827087,0.2616249918937683,3559685,0.2561950087547302,0.24025699496269226
2022-04-01 00:00:00,0.252936989068985,0.252936989068985,0.252936989068985,2481242,0.2426529973745346,0.2301509976387024
2022-04-02 00:00:00,0.23812900483608246,0.23812900483608246,0.2546760141849518,1485186,0.25286799669265747,0.2379550039768219
2022-04-03 00:00:00,0.32560500502586365,0.32560500502586365,0.3460789918899536,14665346,0.23812399804592133,0.23555800318717957
2022-04-04 00:00:00,0.28809401392936707,0.28809401392936707,0.36708399653434753,14141911,0.3267099857330322,0.2646229863166809
2022-04-05 00:00:00,0.27229198813438416,0.27229198813438416,0.2921069860458374,3345764,0.28655898571014404,0.26897498965263367
2022-04-06 00:00:00,0.245388001203537,0.245388001203537,0.2722280025482178,1949481,0.2722280025482178,0.245388001203537
2022-04-07 00:00:00,0.24904699623584747,0.24904699623584747,0.2517920136451721,980257,0.245386004447937,0.24251499772071838
2022-04-08 00:00:00,0.24318000674247742,0.24318000674247742,0.2635810077190399,1996811,0.24900099635124207,0.24291500449180603
2022-04-09 00:00:00,0.24338200688362122,0.24338200688362122,0.24725699424743652,1227171,0.24294400215148926,0.2399819940328598
2022-04-10 00:00:00,0.23836399614810944,0.23836399614810944,0.24406200647354126,1130617,0.24337999522686005,0.2380799949169159
2022-04-11 00:00:00,0.20038999617099762,0.20038999617099762,0.23966500163078308,1943140,0.23829899728298187,0.19573700428009033
2022-04-12 00:00:00,0.2003439962863922,0.2003439962863922,0.21517600119113922,1317353,0.20083099603652954,0.196492001414299
2022-04-13 00:00:00,0.2000489979982376,0.2000489979982376,0.20834699273109436,794827,0.2001049965620041,0.19550199806690216
2022-04-14 00:00:00,0.1903270035982132,0.1903270035982132,0.20533500611782074,849198,0.19997699558734894,0.18800799548625946
2022-04-15 00:00:00,0.20569400489330292,0.20569400489330292,0.22824199497699738,2584514,0.19023099541664124,0.18918700516223907
2022-04-16 00:00:00,0.21060700714588165,0.21060700714588165,0.22189700603485107,1566795,0.2051820009946823,0.2008959949016571
2022-04-17 00:00:00,0.19669599831104279,0.19669599831104279,0.21589499711990356,1408553,0.21056100726127625,0.19669599831104279
2022-04-18 00:00:00,0.20146599411964417,0.20146599411964417,0.20311899483203888,1184322,0.19670400023460388,0.19297300279140472
2022-04-19 00:00:00,0.20753200352191925,0.20753200352191925,0.21041099727153778,1138436,0.20146700739860535,0.19735200703144073
2022-04-20 00:00:00,0.1968429982662201,0.1968429982662201,0.2138340026140213,1469674,0.2072249948978424,0.1946990042924881
2022-04-21 00:00:00,0.192438006401062,0.192438006401062,0.2089190036058426,1378582,0.19709700345993042,0.19098800420761108
2022-04-22 00:00:00,0.19022899866104126,0.19022899866104126,0.19740399718284607,1059894,0.19283799827098846,0.1886640042066574
2022-04-23 00:00:00,0.18231500685214996,0.18231500685214996,0.19148799777030945,592083,0.19000700116157532,0.18221500515937805
2022-04-24 00:00:00,0.17790000140666962,0.17790000140666962,0.19064800441265106,661785,0.1823119968175888,0.17616300284862518
2022-04-25 00:00:00,0.1868250072002411,0.1868250072002411,0.18974700570106506,910280,0.1779009997844696,0.1671770066022873
2022-04-26 00:00:00,0.16640399396419525,0.16640399396419525,0.1885399967432022,1320965,0.1864369958639145,0.16175499558448792
2022-04-27 00:00:00,0.1644359976053238,0.1644359976053238,0.16984400153160095,487054,0.16617700457572937,0.16100500524044037
2022-04-28 00:00:00,0.16652600467205048,0.16652600467205048,0.1768060028553009,744241,0.16459199786186218,0.1641779989004135
2022-04-29 00:00:00,0.14760200679302216,0.14760200679302216,0.16827499866485596,665410,0.16658200323581696,0.14723600447177887
2022-04-30 00:00:00,0.1418289989233017,0.1418289989233017,0.15077799558639526,546607,0.14753900468349457,0.1375029981136322
2022-05-01 00:00:00,0.1494559943675995,0.1494559943675995,0.15966999530792236,1045363,0.14174699783325195,0.1375180035829544
2022-05-02 00:00:00,0.14730800688266754,0.14730800688266754,0.1504410058259964,1344144,0.14970099925994873,0.13895800709724426
2022-05-03 00:00:00,0.14392800629138947,0.14392800629138947,0.15303699672222137,832509,0.1473580002784729,0.14101700484752655
2022-05-04 00:00:00,0.15471500158309937,0.15471500158309937,0.15755200386047363,939966,0.14388099312782288,0.14312900602817535
2022-05-05 00:00:00,0.14068399369716644,0.14068399369716644,0.15946300327777863,1085707,0.15468500554561615,0.13904500007629395
2022-05-06 00:00:00,0.1375180035829544,0.1375180035829544,0.14285899698734283,498925,0.1405790001153946,0.1345440000295639
2022-05-07 00:00:00,0.14276400208473206,0.14276400208473206,0.1513569951057434,873639,0.13755899667739868,0.13755899667739868
2022-05-08 00:00:00,0.1314450055360794,0.1314450055360794,0.1430409997701645,733490,0.14276200532913208,0.1293729990720749
2022-05-09 00:00:00,0.11601100116968155,0.11601100116968155,0.13309599459171295,1598828,0.1313689947128296,0.11594299972057343
2022-05-10 00:00:00,0.11286000162363052,0.11286000162363052,0.12017899751663208,1022812,0.11646000295877457,0.10985200107097626
2022-05-11 00:00:00,0.07864300161600113,0.07864300161600113,0.11876499652862549,1014811,0.11283700168132782,0.07751800119876862
2022-05-12 00:00:00,0.06510999798774719,0.06510999798774719,0.08205399662256241,841164,0.07878299802541733,0.060837000608444214
2022-05-13 00:00:00,0.07154899835586548,0.07154899835586548,0.08002500236034393,862198,0.06509800255298615,0.06471099704504013
2022-05-14 00:00:00,0.07074599713087082,0.07074599713087082,0.07394500076770782,414085,0.07154300063848495,0.0640759989619255
2022-05-15 00:00:00,0.0751660019159317,0.0751660019159317,0.0765869989991188,594015,0.07076899707317352,0.07005500048398972
2022-05-16 00:00:00,0.08023600280284882,0.08023600280284882,0.0868069976568222,893387,0.07525999844074249,0.07206100225448608
2022-05-17 00:00:00,0.08030399680137634,0.08030399680137634,0.08110400289297104,615758,0.08021000027656555,0.07579399645328522
2022-05-18 00:00:00,0.07022599875926971,0.07022599875926971,0.08155299723148346,586073,0.08030100166797638,0.07004600018262863
2022-05-19 00:00:00,0.07638800144195557,0.07638800144195557,0.07650800049304962,508503,0.07002799957990646,0.06831499934196472
2022-05-20 00:00:00,0.12237600237131119,0.12237600237131119,0.1356479972600937,10718609,0.07641799747943878,0.07571200281381607
2022-05-21 00:00:00,0.11452300101518631,0.11452300101518631,0.16291500627994537,11711472,0.12103500217199326,0.1069829985499382
2022-05-22 00:00:00,0.10782600194215775,0.10782600194215775,0.12119299918413162,4021164,0.11440400034189224,0.10271599888801575
2022-05-23 00:00:00,0.09020400047302246,0.09020400047302246,0.10933899879455566,1457645,0.10793399810791016,0.08973100036382675
2022-05-24 00:00:00,0.0909779965877533,0.0909779965877533,0.09686599671840668,1133491,0.09008900076150894,0.08671499788761139
2022-05-25 00:00:00,0.10948000103235245,0.10948000103235245,0.11681400239467621,1808716,0.09097599983215332,0.08774200081825256
2022-05-26 00:00:00,0.08619900047779083,0.08619900047779083,0.11454900354146957,1886183,0.10756400227546692,0.08555799722671509
2022-05-27 00:00:00,0.08221500366926193,0.08221500366926193,0.09034500271081924,1124319,0.08607300370931625,0.08092299848794937
2022-05-28 00:00:00,0.08240599930286407,0.08240599930286407,0.08423499763011932,815802,0.08404699712991714,0.08090700209140778
2022-05-29 00:00:00,0.08751700073480606,0.08751700073480606,0.09278599917888641,920533,0.08249299973249435,0.0805559977889061
2022-05-30 00:00:00,0.08998800069093704,0.08998800069093704,0.0965920016169548,1274624,0.08739399909973145,0.08530700206756592
2022-05-31 00:00:00,0.08952099829912186,0.08952099829912186,0.09380199760198593,912170,0.08998800069093704,0.08637399971485138
2022-06-01 00:00:00,0.08092399686574936,0.08092399686574936,0.0896029993891716,732711,0.08954299986362457,0.07899799942970276
2022-06-02 00:00:00,0.08295699954032898,0.08295699954032898,0.08469799906015396,636496,0.0809440016746521,0.08028499782085419
2022-06-03 00:00:00,0.0827919989824295,0.0827919989824295,0.08372200280427933,603334,0.08304300159215927,0.07926899939775467
2022-06-04 00:00:00,0.09086500108242035,0.09086500108242035,0.09403199702501297,1221753,0.08273400366306305,0.08149000257253647
2022-06-05 00:00:00,0.0874750018119812,0.0874750018119812,0.09186600148677826,483396,0.09116700291633606,0.08430899679660797
2022-06-06 00:00:00,0.08755800127983093,0.08755800127983093,0.09281700104475021,753188,0.0874980017542839,0.0863960012793541
2022-06-07 00:00:00,0.08695399761199951,0.08695399761199951,0.08867400139570236,747985,0.0876149982213974,0.081557996571064
2022-06-08 00:00:00,0.0841049998998642,0.0841049998998642,0.09271900355815887,851941,0.08696500211954117,0.08251100033521652
2022-06-09 00:00:00,0.08217000216245651,0.08217000216245651,0.08436399698257446,896145,0.08421699702739716,0.08058299869298935
2022-06-10 00:00:00,0.07843399792909622,0.07843399792909622,0.08288999646902084,501922,0.0821710005402565,0.07523400336503983
2022-06-11 00:00:00,0.07390599697828293,0.07390599697828293,0.07955799996852875,539080,0.0783500000834465,0.06999599933624268
2022-06-12 00:00:00,0.06561800092458725,0.06561800092458725,0.07509499788284302,488827,0.07388900220394135,0.06502500176429749
2022-06-13 00:00:00,0.05605199933052063,0.05605199933052063,0.06568700075149536,598612,0.06565599888563156,0.05290700122714043
2022-06-14 00:00:00,0.056182000786066055,0.056182000786066055,0.060166001319885254,623160,0.05604900047183037,0.05372399836778641
2022-06-15 00:00:00,0.059154000133275986,0.059154000133275986,0.05929100140929222,693040,0.056154001504182816,0.04936999827623367
2022-06-16 00:00:00,0.05136200040578842,0.05136200040578842,0.06062300130724907,491354,0.05914200097322464,0.05111299827694893
2022-06-17 00:00:00,0.061358001083135605,0.061358001083135605,0.0654660016298294,821481,0.05143199861049652,0.05131800100207329
2022-06-18 00:00:00,0.05138399824500084,0.05138399824500084,0.061583999544382095,767295,0.061583999544382095,0.046518001705408096
2022-06-19 00:00:00,0.05238800123333931,0.05238800123333931,0.055247001349925995,992315,0.05146700143814087,0.04798400029540062
2022-06-20 00:00:00,0.053943000733852386,0.053943000733852386,0.05674799904227257,677400,0.052570998668670654,0.0512549988925457
2022-06-21 00:00:00,0.06603500247001648,0.06603500247001648,0.07041600346565247,1669599,0.05384000018239021,0.052344001829624176
2022-06-22 00:00:00,0.06086200103163719,0.06086200103163719,0.06784100085496902,2010396,0.06656400114297867,0.056829001754522324
2022-06-23 00:00:00,0.06071300059556961,0.06071300059556961,0.06207999959588051,751949,0.06072799861431122,0.057468999177217484
2022-06-24 00:00:00,0.06026000156998634,0.06026000156998634,0.061298999935388565,457451,0.060752999037504196,0.058465998619794846
2022-06-25 00:00:00,0.059202998876571655,0.059202998876571655,0.06055400148034096,229454,0.06039600074291229,0.057307999581098557
2022-06-26 00:00:00,0.05621099844574928,0.05621099844574928,0.060113001614809036,135508,0.059310998767614365,0.05605100095272064
2022-06-27 00:00:00,0.05715800076723099,0.05715800076723099,0.0580889992415905,226515,0.05621299892663956,0.05420000106096268
2022-06-28 00:00:00,0.05545699968934059,0.05545699968934059,0.05921800062060356,373639,0.05712199956178665,0.05522400140762329
2022-06-29 00:00:00,0.05248900130391121,0.05248900130391121,0.05634099990129471,283806,0.055459000170230865,0.052216000854969025
2022-06-30 00:00:00,0.05119900032877922,0.05119900032877922,0.052616000175476074,335267,0.05248599871993065,0.04931500181555748
2022-07-01 00:00:00,0.049194999039173126,0.049194999039173126,0.051708001643419266,301607,0.05133799836039543,0.049194999039173126
2022-07-02 00:00:00,0.050009001046419144,0.050009001046419144,0.05057699978351593,263682,0.049199000000953674,0.04809100180864334
2022-07-03 00:00:00,0.050328001379966736,0.050328001379966736,0.050891999155282974,224848,0.049945998936891556,0.04981299862265587
2022-07-04 00:00:00,0.05061100050806999,0.05061100050806999,0.05106699839234352,254994,0.05020900070667267,0.04967699944972992
2022-07-05 00:00:00,0.08112499862909317,0.08112499862909317,0.0969879999756813,14326595,0.050586000084877014,0.04952400177717209
2022-07-06 00:00:00,0.09469299763441086,0.09469299763441086,0.1309179961681366,31739282,0.08158399909734726,0.08158399909734726
2022-07-07 00:00:00,0.08237399905920029,0.08237399905920029,0.09507700055837631,7291395,0.09445299953222275,0.08048000186681747
2022-07-08 00:00:00,0.07644200325012207,0.07644200325012207,0.08278600126504898,2564125,0.08222199976444244,0.07508400082588196
2022-07-09 00:00:00,0.0752130001783371,0.0752130001783371,0.07827799767255783,1120957,0.07652200013399124,0.07330799847841263
2022-07-10 00:00:00,0.0719280019402504,0.0719280019402504,0.07520999759435654,891556,0.07520999759435654,0.0688840001821518
2022-07-11 00:00:00,0.07283300161361694,0.07283300161361694,0.09323800355195999,4596331,0.07193700224161148,0.06825199723243713
2022-07-12 00:00:00,0.071212999522686,0.071212999522686,0.08449999988079071,2286493,0.07283399999141693,0.07088399678468704
2022-07-13 00:00:00,0.0721760019659996,0.0721760019659996,0.07334300130605698,1145699,0.07120899856090546,0.06561899930238724
2022-07-14 00:00:00,0.06940499693155289,0.06940499693155289,0.07280399650335312,1093438,0.07218000292778015,0.0647680014371872
2022-07-15 00:00:00,0.0734729990363121,0.0734729990363121,0.08580999821424484,2713047,0.06956499814987183,0.06699299812316895
2022-07-16 00:00:00,0.0719740018248558,0.0719740018248558,0.0767659991979599,1797414,0.07345200330018997,0.06913299858570099
2022-07-17 00:00:00,0.07043199986219406,0.07043199986219406,0.07641199976205826,804012,0.0720210000872612,0.07009900361299515
2022-07-18 00:00:00,0.07611099630594254,0.07611099630594254,0.07611099630594254,741440,0.07053899765014648,0.07027100026607513
2022-07-19 00:00:00,0.07538799941539764,0.07538799941539764,0.07654999941587448,686101,0.07607299834489822,0.07203000038862228
2022-07-20 00:00:00,0.0715389996767044,0.0715389996767044,0.07553999871015549,578250,0.07538100332021713,0.07138200104236603
2022-07-21 00:00:00,0.0696209967136383,0.0696209967136383,0.07216200232505798,427456,0.07140100002288818,0.06735599786043167
2022-07-22 00:00:00,0.06955599784851074,0.06955599784851074,0.07181999832391739,526918,0.0698150023818016,0.06921300292015076
2022-07-23 00:00:00,0.06830800324678421,0.06830800324678421,0.07113700360059738,410094,0.06972599774599075,0.06802699714899063
2022-07-24 00:00:00,0.0683860033750534,0.0683860033750534,0.07009399682283401,323605,0.06830000132322311,0.06784799695014954
2022-07-25 00:00:00,0.06066200137138367,0.06066200137138367,0.0687209963798523,470670,0.06840900331735611,0.06057799980044365
2022-07-26 00:00:00,0.06142500042915344,0.06142500042915344,0.06174200028181076,349165,0.060798998922109604,0.0587100014090538
2022-07-27 00:00:00,0.06538800150156021,0.06538800150156021,0.07688300311565399,1689413,0.061567001044750214,0.061567001044750214
2022-07-28 00:00:00,0.06557799875736237,0.06557799875736237,0.06768400222063065,607169,0.06542100012302399,0.06302399933338165
2022-07-29 00:00:00,0.0676330029964447,0.0676330029964447,0.06848199665546417,357597,0.06557200103998184,0.06441400200128555
2022-07-30 00:00:00,0.0715780034661293,0.0715780034661293,0.07224299758672714,489091,0.06748899817466736,0.0656069964170456
2022-07-31 00:00:00,0.0668260008096695,0.0668260008096695,0.07558999955654144,919828,0.07173299789428711,0.06633500009775162
2022-08-01 00:00:00,0.06729800254106522,0.06729800254106522,0.0692100003361702,387854,0.06690999865531921,0.06616199761629105
2022-08-02 00:00:00,0.06792700290679932,0.06792700290679932,0.07195399701595306,439366,0.06730899959802628,0.0649389997124672
2022-08-03 00:00:00,0.06827100366353989,0.06827100366353989,0.07053200155496597,420223,0.06793499737977982,0.06536900252103806
2022-08-04 00:00:00,0.06655900180339813,0.06655900180339813,0.06880799680948257,259146,0.06823799759149551,0.06637299805879593
2022-08-05 00:00:00,0.06932000070810318,0.06932000070810318,0.07003600150346756,210297,0.06657999753952026,0.06646700203418732
2022-08-06 00:00:00,0.07072000205516815,0.07072000205516815,0.07095400243997574,315111,0.06922399997711182,0.06802500039339066
2022-08-07 00:00:00,0.07339899986982346,0.07339899986982346,0.08827999979257584,2050325,0.07070700079202652,0.06863799691200256
2022-08-08 00:00:00,0.07377400249242783,0.07377400249242783,0.08217799663543701,1475041,0.0734269991517067,0.0726580023765564
2022-08-09 00:00:00,0.07132299989461899,0.07132299989461899,0.07413200289011002,374510,0.07381399720907211,0.06904800236225128
2022-08-10 00:00:00,0.07406199723482132,0.07406199723482132,0.07658900320529938,427949,0.07130999863147736,0.0689150020480156
2022-08-11 00:00:00,0.07190799713134766,0.07190799713134766,0.07588399946689606,224578,0.07406499981880188,0.07164199650287628
2022-08-12 00:00:00,0.07233399897813797,0.07233399897813797,0.07278800010681152,372998,0.071942999958992,0.07007700204849243
2022-08-13 00:00:00,0.07165399938821793,0.07165399938821793,0.07307200133800507,182172,0.07252100110054016,0.07163199782371521
2022-08-14 00:00:00,0.07201699912548065,0.07201699912548065,0.07270099967718124,297297,0.07165399938821793,0.0697380006313324
2022-08-15 00:00:00,0.06938699632883072,0.06938699632883072,0.07934100180864334,703302,0.07209300249814987,0.06888899952173233
2022-08-16 00:00:00,0.06872300058603287,0.06872300058603287,0.07053600251674652,369504,0.06937199831008911,0.06700199842453003
2022-08-17 00:00:00,0.06628800183534622,0.06628800183534622,0.06951499730348587,202289,0.06870999932289124,0.06579799950122833
2022-08-18 00:00:00,0.06311500072479248,0.06311500072479248,0.06712999939918518,206713,0.06627299636602402,0.06307400017976761
2022-08-19 00:00:00,0.05612200126051903,0.05612200126051903,0.06318099796772003,723005,0.06308399885892868,0.05602699890732765
2022-08-20 00:00:00,0.060051001608371735,0.060051001608371735,0.06112400069832802,385728,0.056113000959157944,0.056113000959157944
2022-08-21 00:00:00,0.05954600125551224,0.05954600125551224,0.07712999731302261,2593841,0.06001700088381767,0.05868599936366081
2022-08-22 00:00:00,0.05991499871015549,0.05991499871015549,0.06243399903178215,704918,0.06008400022983551,0.05728000029921532
2022-08-23 00:00:00,0.06222299858927727,0.06222299858927727,0.06335800141096115,356298,0.05988699942827225,0.05784999951720238
2022-08-24 00:00:00,0.06104300171136856,0.06104300171136856,0.06291300058364868,296821,0.06209300085902214,0.05852599814534187
2022-08-25 00:00:00,0.060499999672174454,0.060499999672174454,0.06220899894833565,188068,0.06104400008916855,0.05973000079393387
2022-08-26 00:00:00,0.05738399922847748,0.05738399922847748,0.061069998890161514,259814,0.0605349987745285,0.05733500048518181
2022-08-27 00:00:00,0.057075001299381256,0.057075001299381256,0.05850699916481972,203410,0.057443998754024506,0.05688399821519852
2022-08-28 00:00:00,0.05614199861884117,0.05614199861884117,0.05787400156259537,142427,0.05706299841403961,0.056007999926805496
2022-08-29 00:00:00,0.06053899973630905,0.06053899973630905,0.06065500155091286,224208,0.05584900081157684,0.05531100183725357
2022-08-30 00:00:00,0.058226000517606735,0.058226000517606735,0.072673000395298,2407605,0.06051599979400635,0.057627998292446136
2022-08-31 00:00:00,0.05754199996590614,0.05754199996590614,0.06241900101304054,530203,0.05823000147938728,0.05747300013899803
2022-09-01 00:00:00,0.057068001478910446,0.057068001478910446,0.05800500139594078,248622,0.05757800117135048,0.05651099979877472
2022-09-02 00:00:00,0.05684699863195419,0.05684699863195419,0.05861999839544296,220724,0.057082001119852066,0.05658400058746338
2022-09-03 00:00:00,0.05797500163316727,0.05797500163316727,0.06575600057840347,829524,0.05684199929237366,0.05662799999117851
2022-09-04 00:00:00,0.05767799913883209,0.05767799913883209,0.05877299979329109,211343,0.058028001338243484,0.05720499902963638
2022-09-05 00:00:00,0.05726400017738342,0.05726400017738342,0.05786700174212456,115610,0.05766500160098076,0.057048000395298004
2022-09-06 00:00:00,0.05591399967670441,0.05591399967670441,0.05898800119757652,291791,0.05727899819612503,0.05558200180530548
2022-09-07 00:00:00,0.05618299916386604,0.05618299916386604,0.05689200013875961,151780,0.0559069998562336,0.05477900058031082
2022-09-08 00:00:00,0.05564400181174278,0.05564400181174278,0.05693000182509422,210365,0.05611199885606766,0.055323000997304916
2022-09-09 00:00:00,0.060072001069784164,0.060072001069784164,0.060102999210357666,348435,0.05564500018954277,0.05523400008678436
2022-09-10 00:00:00,0.05995500087738037,0.05995500087738037,0.07172500342130661,1763034,0.06002800166606903,0.058410998433828354
2022-09-11 00:00:00,0.061305999755859375,0.061305999755859375,0.06313300132751465,370863,0.05995099991559982,0.059512000530958176
2022-09-12 00:00:00,0.060065001249313354,0.060065001249313354,0.06171900033950806,321949,0.06122000142931938,0.05865500122308731
2022-09-13 00:00:00,0.05699799954891205,0.05699799954891205,0.06062300130724907,251211,0.060072001069784164,0.05677499994635582
2022-09-14 00:00:00,0.05775199830532074,0.05775199830532074,0.05821400135755539,142206,0.05723800137639046,0.05664300173521042
2022-09-15 00:00:00,0.05564799904823303,0.05564799904823303,0.06177400052547455,379858,0.05776600167155266,0.05527200177311897
2022-09-16 00:00:00,0.05538100004196167,0.05538100004196167,0.05662300065159798,208077,0.05559299886226654,0.05467100068926811
2022-09-17 00:00:00,0.05693700164556503,0.05693700164556503,0.06613899767398834,1101708,0.055392999202013016,0.05533900111913681
2022-09-18 00:00:00,0.05567299947142601,0.05567299947142601,0.05891000106930733,392987,0.05693700164556503,0.05557499825954437
2022-09-19 00:00:00,0.05468500033020973,0.05468500033020973,0.055962998420000076,387022,0.055736999958753586,0.051061999052762985
2022-09-20 00:00:00,0.05344599857926369,0.05344599857926369,0.055799998342990875,237868,0.05452900007367134,0.05333000048995018
2022-09-21 00:00:00,0.05217700079083443,0.05217700079083443,0.05426099896430969,211049,0.05346100032329559,0.05155099928379059
2022-09-22 00:00:00,0.05329599976539612,0.05329599976539612,0.05488799884915352,225047,0.05216500163078308,0.05148100107908249
2022-09-23 00:00:00,0.053706999868154526,0.053706999868154526,0.05415799841284752,165953,0.053286999464035034,0.051187001168727875
2022-09-24 00:00:00,0.05436599999666214,0.05436599999666214,0.0548739992082119,190331,0.05371600016951561,0.05325699970126152
2022-09-25 00:00:00,0.05347499996423721,0.05347499996423721,0.05619800090789795,216470,0.05436699837446213,0.0533749982714653
2022-09-26 00:00:00,0.05279900133609772,0.05279900133609772,0.053651999682188034,169704,0.05347900092601776,0.051968999207019806
2022-09-27 00:00:00,0.05222000181674957,0.05222000181674957,0.053769998252391815,170854,0.052786000072956085,0.051530998200178146
2022-09-28 08:59:00,0.050672270357608795,0.050672270357608795,0.05220285803079605,158516,0.05218520388007164,0.050396233797073364
