timestamp,adjclose,close,low,high,open,volume
2020-10-10 00:00:00,0.05175499990582466,0.05175499990582466,0.05056200176477432,0.10688400268554688,0.10688400268554688,0
2020-10-11 00:00:00,0.04333699867129326,0.04333699867129326,0.04270799830555916,0.05175499990582466,0.05175499990582466,0
2020-10-12 00:00:00,0.04273499920964241,0.04273499920964241,0.04268399998545647,0.04938200116157532,0.04333699867129326,0
2020-10-13 00:00:00,0.04338200017809868,0.04338200017809868,0.04199400171637535,0.04566799849271774,0.04293200001120567,161693
2020-10-14 00:00:00,0.04364199936389923,0.04364199936389923,0.041749998927116394,0.0452519990503788,0.043258000165224075,1757240
2020-10-15 00:00:00,0.037769000977277756,0.037769000977277756,0.037758998572826385,0.04361699894070625,0.04361699894070625,1267945
2020-10-16 00:00:00,0.033782001584768295,0.033782001584768295,0.033369001001119614,0.03857100009918213,0.037769000977277756,1889906
2020-10-17 00:00:00,0.03998100012540817,0.03998100012540817,0.0336729995906353,0.04565799981355667,0.033782001584768295,8804201
2020-10-18 00:00:00,0.03753799945116043,0.03753799945116043,0.03660999983549118,0.03998100012540817,0.03998100012540817,2717737
2020-10-19 00:00:00,0.03268799930810928,0.03268799930810928,0.03202899917960167,0.037629999220371246,0.03753799945116043,1795972
2020-10-20 00:00:00,0.031129999086260796,0.031129999086260796,0.029100999236106873,0.032871998846530914,0.03268799930810928,1466175
2020-10-21 00:00:00,0.031321000307798386,0.031321000307798386,0.029224999248981476,0.03470100089907646,0.031129999086260796,2583659
2020-10-22 00:00:00,0.031582001596689224,0.031582001596689224,0.031120000407099724,0.034960001707077026,0.031321000307798386,2349800
2020-10-23 00:00:00,0.03201400116086006,0.03201400116086006,0.03061000071465969,0.034136999398469925,0.03158099949359894,936226
2020-10-24 00:00:00,0.032033998519182205,0.032033998519182205,0.03144599869847298,0.03547099977731705,0.032016001641750336,1053146
2020-10-25 00:00:00,0.03446799889206886,0.03446799889206886,0.03182400017976761,0.03469099849462509,0.03203099966049194,1024768
2020-10-26 00:00:00,0.032388001680374146,0.032388001680374146,0.030974000692367554,0.038895998150110245,0.03447199985384941,2705438
2020-10-27 00:00:00,0.03129599988460541,0.03129599988460541,0.030698999762535095,0.033663999289274216,0.03238900005817413,748955
2020-10-28 00:00:00,0.028793999925255775,0.028793999925255775,0.028216000646352768,0.031314000487327576,0.031304001808166504,469336
2020-10-29 00:00:00,0.030966000631451607,0.030966000631451607,0.02709300071001053,0.03444100171327591,0.028790000826120377,2462708
2020-10-30 00:00:00,0.029400000348687172,0.029400000348687172,0.027379000559449196,0.030977999791502953,0.030956000089645386,1002286
2020-10-31 00:00:00,0.028463000431656837,0.028463000431656837,0.028132999315857887,0.029670000076293945,0.029400000348687172,338640
2020-11-01 00:00:00,0.029058000072836876,0.029058000072836876,0.028366999700665474,0.029392000287771225,0.028463000431656837,299587
2020-11-02 00:00:00,0.028123000636696815,0.028123000636696815,0.028116999194025993,0.0305160004645586,0.029059000313282013,485771
2020-11-03 00:00:00,0.027643999084830284,0.027643999084830284,0.025700999423861504,0.02821899950504303,0.028123000636696815,398795
2020-11-04 00:00:00,0.028409000486135483,0.028409000486135483,0.02701999992132187,0.030028000473976135,0.027643999084830284,1220684
2020-11-05 00:00:00,0.030571000650525093,0.030571000650525093,0.0282600000500679,0.033434998244047165,0.028409000486135483,1908929
2020-11-06 00:00:00,0.03771499916911125,0.03771499916911125,0.030264999717473984,0.03867800161242485,0.030571000650525093,2347799
2020-11-07 00:00:00,0.03920400142669678,0.03920400142669678,0.03621299937367439,0.04651099815964699,0.03771499916911125,3298622
2020-11-08 00:00:00,0.04947299882769585,0.04947299882769585,0.03707600012421608,0.0554330013692379,0.03920400142669678,8342372
2020-11-09 00:00:00,0.047919001430273056,0.047919001430273056,0.04215399920940399,0.05760100111365318,0.04947400093078613,6632310
2020-11-10 00:00:00,0.052657000720500946,0.052657000720500946,0.04717700183391571,0.05561399832367897,0.047915998846292496,3855504
2020-11-11 00:00:00,0.05635499954223633,0.05635499954223633,0.049810998141765594,0.06969399750232697,0.05265599861741066,7869687
2020-11-12 00:00:00,0.06591799855232239,0.06591799855232239,0.05516799911856651,0.07910600304603577,0.056352999061346054,15082365
2020-11-13 00:00:00,0.08550000190734863,0.08550000190734863,0.06415600329637527,0.09081999957561493,0.06591899693012238,11023755
2020-11-14 00:00:00,0.09367399662733078,0.09367399662733078,0.08230900019407272,0.1039159968495369,0.08550000190734863,21569815
2020-11-15 00:00:00,0.13994300365447998,0.13994300365447998,0.09099400043487549,0.14917400479316711,0.09367500245571136,38311726
2020-11-16 00:00:00,0.14745000004768372,0.14745000004768372,0.12435299903154373,0.1875700056552887,0.13995100557804108,63746595
2020-11-17 00:00:00,0.12373699992895126,0.12373699992895126,0.11570200324058533,0.14913800358772278,0.12675799429416656,43742188
2020-11-18 00:00:00,0.14893299341201782,0.14893299341201782,0.09903299808502197,0.1705310046672821,0.12374600023031235,74746243
2020-11-19 00:00:00,0.13917399942874908,0.13917399942874908,0.13387399911880493,0.17227600514888763,0.14897899329662323,43973697
2020-11-20 00:00:00,0.1424809992313385,0.1424809992313385,0.1386680006980896,0.15501199662685394,0.1391730010509491,19951786
2020-11-21 00:00:00,0.1565289944410324,0.1565289944410324,0.13839499652385712,0.16472400724887848,0.14247900247573853,19878711
2020-11-22 00:00:00,0.19588600099086761,0.19588600099086761,0.15299299359321594,0.20728899538516998,0.15653300285339355,41313950
2020-11-23 00:00:00,0.1920589953660965,0.1920589953660965,0.18300999701023102,0.22220000624656677,0.19582800567150116,46004120
2020-11-24 00:00:00,0.2688310146331787,0.2688310146331787,0.18327400088310242,0.2833459973335266,0.19211600720882416,80848284
2020-11-25 00:00:00,0.24549399316310883,0.24549399316310883,0.2254199981689453,0.2756589949131012,0.26843398809432983,39363975
2020-11-26 00:00:00,0.21176199615001678,0.21176199615001678,0.18726199865341187,0.24727100133895874,0.24535000324249268,45904950
2020-11-27 00:00:00,0.21905100345611572,0.21905100345611572,0.20737099647521973,0.24533000588417053,0.2121559977531433,18813262
2020-11-28 00:00:00,0.22365500032901764,0.22365500032901764,0.19505000114440918,0.23515799641609192,0.21923400461673737,21694702
2020-11-29 00:00:00,0.22239899635314941,0.22239899635314941,0.2050040066242218,0.22686199843883514,0.22408999502658844,21016188
2020-11-30 00:00:00,0.22975699603557587,0.22975699603557587,0.22233200073242188,0.2475070059299469,0.22233200073242188,33276467
2020-12-01 00:00:00,0.22763599455356598,0.22763599455356598,0.2133679986000061,0.24008099734783173,0.229762002825737,25650589
2020-12-02 00:00:00,0.2616649866104126,0.2616649866104126,0.22497500479221344,0.2731879949569702,0.2279449999332428,36987487
2020-12-03 00:00:00,0.28112998604774475,0.28112998604774475,0.2525469958782196,0.3040519952774048,0.2617439925670624,53796741
2020-12-04 00:00:00,0.23474200069904327,0.23474200069904327,0.23150500655174255,0.29228898882865906,0.28161901235580444,38106368
2020-12-05 00:00:00,0.2618330121040344,0.2618330121040344,0.23103000223636627,0.26522400975227356,0.23421700298786163,22771898
2020-12-06 00:00:00,0.2536559998989105,0.2536559998989105,0.24177299439907074,0.2638719975948334,0.2616629898548126,21517712
2020-12-07 00:00:00,0.2398429960012436,0.2398429960012436,0.2374349981546402,0.25441399216651917,0.2537020146846771,17808715
2020-12-08 00:00:00,0.20806699991226196,0.20806699991226196,0.20601700246334076,0.24297299981117249,0.2396329939365387,25594803
2020-12-09 00:00:00,0.22254399955272675,0.22254399955272675,0.19090799987316132,0.23515400290489197,0.20804500579833984,34677915
2020-12-10 00:00:00,0.20788000524044037,0.20788000524044037,0.2036139965057373,0.22273999452590942,0.22248299419879913,19450091
2020-12-11 00:00:00,0.17755599319934845,0.17755599319934845,0.1775519996881485,0.20778800547122955,0.20778800547122955,24956673
2020-12-12 00:00:00,0.2020989954471588,0.2020989954471588,0.1744299978017807,0.20541499555110931,0.1763550043106079,27593435
2020-12-13 00:00:00,0.20455500483512878,0.20455500483512878,0.19657699763774872,0.21876999735832214,0.20216800272464752,24522815
2020-12-14 00:00:00,0.20697200298309326,0.20697200298309326,0.19596600532531738,0.20852699875831604,0.20454999804496765,20315975
2020-12-15 00:00:00,0.19370800256729126,0.19370800256729126,0.19223099946975708,0.20920799672603607,0.20697399973869324,20453882
2020-12-16 00:00:00,0.2377309948205948,0.2377309948205948,0.19090600311756134,0.24494999647140503,0.19359000027179718,39813924
2020-12-17 00:00:00,0.22808000445365906,0.22808000445365906,0.22647200524806976,0.2536349892616272,0.23754599690437317,33499396
2020-12-18 00:00:00,0.23947300016880035,0.23947300016880035,0.22357800602912903,0.24754400551319122,0.2281379997730255,23836640
2020-12-19 00:00:00,0.2281010001897812,0.2281010001897812,0.22627800703048706,0.25022900104522705,0.2397570013999939,20092270
2020-12-20 00:00:00,0.21189899742603302,0.21189899742603302,0.20617200434207916,0.23524600267410278,0.22807499766349792,19633349
2020-12-21 00:00:00,0.20658400654792786,0.20658400654792786,0.19863000512123108,0.21910199522972107,0.21173100173473358,20460256
2020-12-22 00:00:00,0.20674900710582733,0.20674900710582733,0.18882200121879578,0.21679699420928955,0.20633099973201752,27325876
2020-12-23 00:00:00,0.1729000061750412,0.1729000061750412,0.16136600077152252,0.20845800638198853,0.20676200091838837,5232090
2020-12-24 00:00:00,0.18194900453090668,0.18194900453090668,0.16094599664211273,0.18202100694179535,0.1729149967432022,15495249
2020-12-25 00:00:00,0.1688690036535263,0.1688690036535263,0.16792500019073486,0.18480700254440308,0.1818619966506958,13029914
2020-12-26 00:00:00,0.16642899811267853,0.16642899811267853,0.16360999643802643,0.1747400015592575,0.1687989979982376,15005853
2020-12-27 00:00:00,0.17427900433540344,0.17427900433540344,0.15566599369049072,0.18726299703121185,0.16651000082492828,20114409
2020-12-28 00:00:00,0.1845020055770874,0.1845020055770874,0.17408700287342072,0.19239799678325653,0.1740889996290207,14951994
2020-12-29 00:00:00,0.19305899739265442,0.19305899739265442,0.17211300134658813,0.19414900243282318,0.1845169961452484,16935080
2020-12-30 00:00:00,0.18031400442123413,0.18031400442123413,0.17888499796390533,0.1935490071773529,0.1931840032339096,17320459
2020-12-31 00:00:00,0.1844169944524765,0.1844169944524765,0.1751590073108673,0.1862020045518875,0.18029800057411194,14692643
2021-01-01 00:00:00,0.21757599711418152,0.21757599711418152,0.18212099373340607,0.21953700482845306,0.18445999920368195,20910635
2021-01-02 00:00:00,0.23537099361419678,0.23537099361419678,0.21033300459384918,0.24369299411773682,0.21757400035858154,35834369
2021-01-03 00:00:00,0.28677698969841003,0.28677698969841003,0.22732999920845032,0.3045470118522644,0.23509499430656433,44645302
2021-01-04 00:00:00,0.2557240128517151,0.2557240128517151,0.24388499557971954,0.31838101148605347,0.28629499673843384,44368429
2021-01-05 00:00:00,0.2875719964504242,0.2875719964504242,0.24324999749660492,0.28845301270484924,0.2562749981880188,31095586
2021-01-06 00:00:00,0.2947390079498291,0.2947390079498291,0.27162501215934753,0.30507901310920715,0.2874569892883301,32838009
2021-01-07 00:00:00,0.4122540056705475,0.4122540056705475,0.29490500688552856,0.45708999037742615,0.29490500688552856,146673193
2021-01-08 00:00:00,0.3835490047931671,0.3835490047931671,0.3554379940032959,0.451088011264801,0.41269901394844055,84810877
2021-01-09 00:00:00,0.4562169909477234,0.4562169909477234,0.37350499629974365,0.4797379970550537,0.3841570019721985,35921788
2021-01-10 00:00:00,0.4250189960002899,0.4250189960002899,0.3949579894542694,0.48920300602912903,0.45671799778938293,51814998
2021-01-11 00:00:00,0.3527500033378601,0.3527500033378601,0.3036549985408783,0.4247240126132965,0.4247240126132965,49014269
2021-01-12 00:00:00,0.382845014333725,0.382845014333725,0.33285099267959595,0.4126279950141907,0.3528519868850708,46717519
2021-01-13 00:00:00,0.45956701040267944,0.45956701040267944,0.3686400055885315,0.46887800097465515,0.3833119869232178,51061611
2021-01-14 00:00:00,0.43713799118995667,0.43713799118995667,0.4147059917449951,0.4773940145969391,0.45917099714279175,55102321
2021-01-15 00:00:00,0.4338949918746948,0.4338949918746948,0.394553005695343,0.4943220019340515,0.43719300627708435,57405020
2021-01-16 00:00:00,0.4758639931678772,0.4758639931678772,0.4287410080432892,0.5482450127601624,0.43390101194381714,78042081
2021-01-17 00:00:00,0.49025601148605347,0.49025601148605347,0.4447000026702881,0.5132880210876465,0.4756479859352112,49654745
2021-01-18 00:00:00,0.544215977191925,0.544215977191925,0.4888319969177246,0.544215977191925,0.4895870089530945,47803237
2021-01-19 00:00:00,0.5832369923591614,0.5832369923591614,0.5439929962158203,0.6466479897499084,0.5440030097961426,78531999
2021-01-20 00:00:00,0.7165549993515015,0.7165549993515015,0.561352014541626,0.7237290143966675,0.5807809829711914,96453904
2021-01-21 00:00:00,0.6509230136871338,0.6509230136871338,0.6385170221328735,0.7834179997444153,0.7172930240631104,106640650
2021-01-22 00:00:00,0.8014940023422241,0.8014940023422241,0.5920820236206055,0.8450719714164734,0.6495839953422546,105073424
2021-01-23 00:00:00,0.8999900221824646,0.8999900221824646,0.7796840071678162,1.0105880498886108,0.80103600025177,93559875
2021-01-24 00:00:00,1.0912729501724243,1.0912729501724243,0.8966060280799866,1.0912729501724243,0.8999230265617371,145557361
2021-01-25 00:00:00,0.937375009059906,0.937375009059906,0.9306399822235107,1.0976769924163818,1.0903290510177612,112324739
2021-01-26 00:00:00,1.4254260063171387,1.4254260063171387,0.9309920072555542,1.4396209716796875,0.9371849894523621,252963793
2021-01-27 00:00:00,1.4708139896392822,1.4708139896392822,1.2474550008773804,1.7545239925384521,1.4275380373001099,462456746
2021-01-28 00:00:00,1.6672790050506592,1.6672790050506592,1.3968349695205688,1.855573058128357,1.472579002380371,262098048
2021-01-29 00:00:00,2.1288259029388428,2.1288259029388428,1.3780250549316406,2.1579229831695557,1.617130994796753,392067201
2021-01-30 00:00:00,2.1536190509796143,2.1536190509796143,1.9080469608306885,2.3627729415893555,2.1278350353240967,307752492
2021-01-31 00:00:00,2.044217109680176,2.044217109680176,1.9930269718170166,2.318253993988037,2.1562678813934326,140871493
2021-02-01 00:00:00,2.084559917449951,2.084559917449951,1.7518789768218994,2.1719489097595215,2.0350100994110107,275001097
2021-02-02 00:00:00,1.9211809635162354,1.9211809635162354,1.8558919429779053,2.113028049468994,2.082753896713257,177095009
2021-02-03 00:00:00,2.1135990619659424,2.1135990619659424,1.8329060077667236,2.1354739665985107,1.9218319654464722,185353031
2021-02-04 00:00:00,2.318082094192505,2.318082094192505,1.9509919881820679,2.4933900833129883,2.1149840354919434,325628118
2021-02-05 00:00:00,2.6191210746765137,2.6191210746765137,2.306051015853882,2.924124002456665,2.31243896484375,235260312
2021-02-06 00:00:00,2.440109968185425,2.440109968185425,2.293102979660034,2.635390043258667,2.618366003036499,198179282
2021-02-07 00:00:00,2.238142967224121,2.238142967224121,1.9465739727020264,2.45599102973938,2.4355740547180176,210688128
2021-02-08 00:00:00,2.24932599067688,2.24932599067688,2.1124720573425293,2.453495979309082,2.2351810932159424,165782502
2021-02-09 00:00:00,2.1043050289154053,2.1043050289154053,2.0042309761047363,2.583911895751953,2.2499639987945557,241087127
2021-02-10 00:00:00,2.197801113128662,2.197801113128662,1.9728449583053589,2.419642925262451,2.1029889583587646,217900295
2021-02-11 00:00:00,2.134377956390381,2.134377956390381,2.047257900238037,2.2613470554351807,2.1867289543151855,143141629
2021-02-12 00:00:00,2.169429063796997,2.169429063796997,2.0520389080047607,2.4045159816741943,2.133979082107544,158986952
2021-02-13 00:00:00,1.8688679933547974,1.8688679933547974,1.7484359741210938,2.3157451152801514,2.170069932937622,378003883
2021-02-14 00:00:00,1.6952259540557861,1.6952259540557861,1.5811899900436401,1.8962260484695435,1.8673640489578247,160667572
2021-02-15 00:00:00,1.594256043434143,1.594256043434143,1.3326619863510132,1.8123339414596558,1.6837480068206787,23822726
2021-02-16 00:00:00,1.6008479595184326,1.6008479595184326,1.5023740530014038,1.7636970281600952,1.599457025527954,69375538
2021-02-17 00:00:00,1.6730810403823853,1.6730810403823853,1.4123159646987915,1.7297359704971313,1.6015750169754028,44189373
2021-02-18 00:00:00,1.63189697265625,1.63189697265625,1.5705820322036743,1.8525760173797607,1.673334002494812,137647711
2021-02-19 00:00:00,1.554075002670288,1.554075002670288,1.5254329442977905,1.6870930194854736,1.632336974143982,118400437
2021-02-20 00:00:00,1.5766479969024658,1.5766479969024658,1.4676940441131592,1.7956310510635376,1.5562399625778198,144079946
2021-02-21 00:00:00,1.6049749851226807,1.6049749851226807,1.4993319511413574,1.6508320569992065,1.5728759765625,89025357
2021-02-22 00:00:00,1.472417950630188,1.472417950630188,1.2113440036773682,1.7795610427856445,1.6038810014724731,226778327
2021-02-23 00:00:00,1.2258579730987549,1.2258579730987549,0.9921129941940308,1.4753589630126953,1.4714829921722412,69781124
2021-02-24 00:00:00,1.518975019454956,1.518975019454956,1.1643680334091187,1.5271680355072021,1.2262229919433594,114882188
2021-02-25 00:00:00,1.408555030822754,1.408555030822754,1.408555030822754,1.7748479843139648,1.5165820121765137,176423268
2021-02-26 00:00:00,1.2768349647521973,1.2768349647521973,1.1757580041885376,1.436843991279602,1.4071869850158691,150772600
2021-02-27 00:00:00,1.2232880592346191,1.2232880592346191,1.1824660301208496,1.3703210353851318,1.280387043952942,53288551
2021-02-28 00:00:00,1.2403379678726196,1.2403379678726196,1.0814299583435059,1.2819050550460815,1.2219150066375732,91289602
2021-03-01 00:00:00,1.573604941368103,1.573604941368103,1.2299530506134033,1.5835269689559937,1.2436959743499756,133358280
2021-03-02 00:00:00,1.5134190320968628,1.5134190320968628,1.4322680234909058,1.6772429943084717,1.5746400356292725,149699827
2021-03-03 00:00:00,1.8404079675674438,1.8404079675674438,1.493129014968872,1.9257830381393433,1.515889048576355,222439855
2021-03-04 00:00:00,1.7228330373764038,1.7228330373764038,1.6862579584121704,2.0784430503845215,1.8366470336914062,189630446
2021-03-05 00:00:00,1.8317680358886719,1.8317680358886719,1.5542839765548706,1.896420955657959,1.7189610004425049,151486232
2021-03-06 00:00:00,1.7047580480575562,1.7047580480575562,1.624045968055725,1.8873389959335327,1.8277380466461182,72387733
2021-03-07 00:00:00,1.6899479627609253,1.6899479627609253,1.6125819683074951,1.7352570295333862,1.7058910131454468,69608351
2021-03-08 00:00:00,1.6293100118637085,1.6293100118637085,1.53091299533844,1.7208820581436157,1.688222050666809,72448214
2021-03-09 00:00:00,1.846930980682373,1.846930980682373,1.6193259954452515,1.8497799634933472,1.6231529712677002,106748031
2021-03-10 00:00:00,1.6282459497451782,1.6282459497451782,1.5904409885406494,1.849979043006897,1.8468049764633179,80581673
2021-03-11 00:00:00,1.597607970237732,1.597607970237732,1.546004056930542,1.6991620063781738,1.6264959573745728,71153653
2021-03-12 00:00:00,1.4883309602737427,1.4883309602737427,1.4394110441207886,1.6879080533981323,1.599364995956421,67113528
2021-03-13 00:00:00,1.5444940328598022,1.5444940328598022,1.4103620052337646,1.5876209735870361,1.4884159564971924,66164779
2021-03-14 00:00:00,1.5171669721603394,1.5171669721603394,1.453413963317871,1.574226975440979,1.5427600145339966,52442230
2021-03-15 00:00:00,1.65926194190979,1.65926194190979,1.4795639514923096,1.746880054473877,1.511173963546753,132943232
2021-03-16 00:00:00,1.6639690399169922,1.6639690399169922,1.5373090505599976,1.6808340549468994,1.6563570499420166,84720672
2021-03-17 00:00:00,1.8117280006408691,1.8117280006408691,1.6629680395126343,1.9044469594955444,1.6629680395126343,164070263
2021-03-18 00:00:00,1.7367010116577148,1.7367010116577148,1.7268669605255127,1.8713380098342896,1.810276985168457,70416534
2021-03-19 00:00:00,1.7619760036468506,1.7619760036468506,1.6573660373687744,1.8031200170516968,1.734753966331482,50803904
2021-03-20 00:00:00,1.8613899946212769,1.8613899946212769,1.7605299949645996,1.9740480184555054,1.7605299949645996,93729184
2021-03-21 00:00:00,1.7494139671325684,1.7494139671325684,1.7261179685592651,1.8723210096359253,1.860826015472412,57318188
2021-03-22 00:00:00,1.695261001586914,1.695261001586914,1.6691910028457642,1.8882759809494019,1.7492790222167969,77535028
2021-03-23 00:00:00,2.1579370498657227,2.1579370498657227,1.683318018913269,2.1746931076049805,1.6917999982833862,221001581
2021-03-24 00:00:00,1.8048629760742188,1.8048629760742188,1.730996012687683,2.294116973876953,2.1416800022125244,213307977
2021-03-25 00:00:00,1.642775058746338,1.642775058746338,1.6337419748306274,1.857193946838379,1.7978110313415527,97885150
2021-03-26 00:00:00,1.937298059463501,1.937298059463501,1.6390399932861328,1.9708529710769653,1.6416399478912354,107989213
2021-03-27 00:00:00,1.8640509843826294,1.8640509843826294,1.810410976409912,1.9538259506225586,1.938410997390747,58845093
2021-03-28 00:00:00,1.8022509813308716,1.8022509813308716,1.753093957901001,1.967818021774292,1.8606979846954346,59956987
2021-03-29 00:00:00,1.841102957725525,1.841102957725525,1.763353943824768,1.8728870153427124,1.8031929731369019,57596780
2021-03-30 00:00:00,1.8366190195083618,1.8366190195083618,1.8215819597244263,1.9241060018539429,1.8396159410476685,72133229
2021-03-31 00:00:00,1.7409579753875732,1.7409579753875732,1.7251629829406738,1.8692549467086792,1.836635947227478,74282118
2021-04-01 00:00:00,1.8046109676361084,1.8046109676361084,1.7163989543914795,1.8657269477844238,1.742287039756775,74618266
2021-04-02 00:00:00,1.8556859493255615,1.8556859493255615,1.7604600191116333,1.8604170083999634,1.8028390407562256,66923663
2021-04-03 00:00:00,1.8138580322265625,1.8138580322265625,1.7797460556030273,2.0165319442749023,1.8569469451904297,110306811
2021-04-04 00:00:00,1.9260989427566528,1.9260989427566528,1.7943589687347412,1.9445970058441162,1.8160109519958496,72311175
2021-04-05 00:00:00,1.9090559482574463,1.9090559482574463,1.825227975845337,2.092848062515259,1.923609972000122,99677955
2021-04-06 00:00:00,1.9641879796981812,1.9641879796981812,1.906967043876648,2.1412649154663086,1.906967043876648,125418857
2021-04-07 00:00:00,1.7352399826049805,1.7352399826049805,1.6837140321731567,1.984207034111023,1.9633959531784058,92307627
2021-04-08 00:00:00,1.7524590492248535,1.7524590492248535,1.7078880071640015,1.8168679475784302,1.7379369735717773,89150362
2021-04-09 00:00:00,1.6887400150299072,1.6887400150299072,1.6866270303726196,1.7874670028686523,1.7524030208587646,88641426
2021-04-10 00:00:00,1.5879470109939575,1.5879470109939575,1.5304230451583862,1.7339810132980347,1.6891260147094727,124797369
2021-04-11 00:00:00,1.5746439695358276,1.5746439695358276,1.5145460367202759,1.6268579959869385,1.5878829956054688,98624029
2021-04-12 00:00:00,1.6318559646606445,1.6318559646606445,1.5114550590515137,1.6581499576568604,1.5746300220489502,117564514
2021-04-13 00:00:00,1.5302670001983643,1.5302670001983643,1.5192539691925049,1.6563160419464111,1.6325019598007202,100734331
2021-04-14 00:00:00,1.615671992301941,1.615671992301941,1.3966699838638306,1.625802993774414,1.5306769609451294,127380898
2021-04-15 00:00:00,1.666524052619934,1.666524052619934,1.609895944595337,1.7469029426574707,1.6140919923782349,140003825
2021-04-16 00:00:00,1.635180950164795,1.635180950164795,1.5054620504379272,1.668612003326416,1.6634999513626099,103396921
2021-04-17 00:00:00,1.692973017692566,1.692973017692566,1.6282800436019897,1.7627780437469482,1.6282800436019897,140888659
2021-04-18 00:00:00,1.4696249961853027,1.4696249961853027,1.2203079462051392,1.7678649425506592,1.6933540105819702,176503048
2021-04-19 00:00:00,1.2809929847717285,1.2809929847717285,1.2715610265731812,1.5733280181884766,1.4726439714431763,81329018
2021-04-20 00:00:00,1.3597530126571655,1.3597530126571655,1.1382440328598022,1.3697869777679443,1.2751270532608032,114025898
2021-04-21 00:00:00,1.5317349433898926,1.5317349433898926,1.3291770219802856,1.577947974205017,1.360381007194519,138108176
2021-04-22 00:00:00,1.3618839979171753,1.3618839979171753,1.3202359676361084,1.6440529823303223,1.520555019378662,119467385
2021-04-23 00:00:00,1.3708499670028687,1.3708499670028687,1.196951985359192,1.388213038444519,1.3622280359268188,113533794
2021-04-24 00:00:00,1.236212968826294,1.236212968826294,1.2239760160446167,1.373391032218933,1.373391032218933,39552612
2021-04-25 00:00:00,1.2157119512557983,1.2157119512557983,1.1353950500488281,1.2913620471954346,1.232504963874817,43320273
2021-04-26 00:00:00,1.3354829549789429,1.3354829549789429,1.209077000617981,1.3969889879226685,1.2189160585403442,65287305
2021-04-27 00:00:00,1.4502090215682983,1.4502090215682983,1.3082749843597412,1.477763056755066,1.3347820043563843,70388031
2021-04-28 00:00:00,1.4319430589675903,1.4319430589675903,1.3403489589691162,1.5140379667282104,1.449821949005127,62825834
2021-04-29 00:00:00,1.604544997215271,1.604544997215271,1.4020459651947021,1.6370630264282227,1.4322470426559448,101421078
2021-04-30 00:00:00,1.9333029985427856,1.9333029985427856,1.5647649765014648,1.9576979875564575,1.6071280241012573,212463169
2021-05-01 00:00:00,2.0466790199279785,2.0466790199279785,1.8804670572280884,2.1852469444274902,1.9334410429000854,166713736
2021-05-02 00:00:00,1.976680040359497,1.976680040359497,1.9335540533065796,2.0833001136779785,2.0439341068267822,82320657
2021-05-03 00:00:00,2.1799709796905518,2.1799709796905518,1.9726649522781372,2.2504680156707764,1.9726649522781372,124725378
2021-05-04 00:00:00,1.8596550226211548,1.8596550226211548,1.831936001777649,2.1775450706481934,2.1775450706481934,105540888
2021-05-05 00:00:00,1.9856109619140625,1.9856109619140625,1.8366090059280396,2.0424089431762695,1.8613719940185547,71429320
2021-05-06 00:00:00,1.9293110370635986,1.9293110370635986,1.8938930034637451,2.03918194770813,1.9885669946670532,69724134
2021-05-07 00:00:00,1.9436780214309692,1.9436780214309692,1.8559730052947998,2.06596302986145,1.9292800426483154,73816956
2021-05-08 00:00:00,1.8745349645614624,1.8745349645614624,1.8000860214233398,1.976639986038208,1.9436850547790527,108996177
2021-05-09 00:00:00,1.882277011871338,1.882277011871338,1.8024200201034546,1.9097709655761719,1.8756370544433594,61639687
2021-05-10 00:00:00,1.669584035873413,1.669584035873413,1.5347670316696167,1.9161900281906128,1.8822230100631714,58102839
2021-05-11 00:00:00,1.8795310258865356,1.8795310258865356,1.6362650394439697,1.8828920125961304,1.666864037513733,65073322
2021-05-12 00:00:00,1.7920080423355103,1.7920080423355103,1.7920080423355103,2.3826539516448975,1.8775789737701416,275237167
2021-05-13 00:00:00,2.2350480556488037,2.2350480556488037,1.7069309949874878,2.5144290924072266,1.8083449602127075,424443538
2021-05-14 00:00:00,2.219599962234497,2.219599962234497,2.1340699195861816,2.4607670307159424,2.2395639419555664,211398520
2021-05-15 00:00:00,1.9398850202560425,1.9398850202560425,1.9276410341262817,2.254112958908081,2.2178280353546143,89433764
2021-05-16 00:00:00,1.8928760290145874,1.8928760290145874,1.750396966934204,2.099544048309326,1.938770055770874,72055647
2021-05-17 00:00:00,1.7827869653701782,1.7827869653701782,1.651839017868042,1.9337129592895508,1.8945800065994263,77632744
2021-05-18 00:00:00,1.8917150497436523,1.8917150497436523,1.7637280225753784,2.0004780292510986,1.7799619436264038,66773062
2021-05-19 00:00:00,1.157034993171692,1.157034993171692,1.023429036140442,1.920354962348938,1.8931100368499756,99743475
2021-05-20 00:00:00,1.321370005607605,1.321370005607605,1.101261019706726,1.4125699996948242,1.1488499641418457,68814464
2021-05-21 00:00:00,1.049198031425476,1.049198031425476,0.8831480145454407,1.4017629623413086,1.3144069910049438,77547767
2021-05-22 00:00:00,0.8840129971504211,0.8840129971504211,0.8742629885673523,1.0705900192260742,1.0506060123443604,35936569
2021-05-23 00:00:00,0.6592280268669128,0.6592280268669128,0.513795018196106,0.925042986869812,0.8844980001449585,58356112
2021-05-24 00:00:00,0.9292830228805542,0.9292830228805542,0.6392130255699158,0.9588660001754761,0.6543059945106506,72892095
2021-05-25 00:00:00,0.8540840148925781,0.8540840148925781,0.7759569883346558,0.9972259998321533,0.9307159781455994,51227735
2021-05-26 00:00:00,0.9635339975357056,0.9635339975357056,0.8291260004043579,0.9847019910812378,0.8553529977798462,43193014
2021-05-27 00:00:00,0.8914629817008972,0.8914629817008972,0.8666300177574158,0.9719640016555786,0.9688490033149719,34501843
2021-05-28 00:00:00,0.7702100276947021,0.7702100276947021,0.7298449873924255,0.9313730001449585,0.8936120271682739,40374199
2021-05-29 00:00:00,0.7018569707870483,0.7018569707870483,0.6646680235862732,0.8229339718818665,0.7694349884986877,26929259
2021-05-30 00:00:00,0.7514399886131287,0.7514399886131287,0.6588960289955139,0.7969909906387329,0.7013710141181946,26270139
2021-05-31 00:00:00,0.8683580160140991,0.8683580160140991,0.7052990198135376,0.8762980103492737,0.7526919841766357,50414871
2021-06-01 00:00:00,0.8240759968757629,0.8240759968757629,0.7866560220718384,0.8886380195617676,0.8679119944572449,34278169
2021-06-02 00:00:00,0.8385379910469055,0.8385379910469055,0.7959259748458862,0.8613420128822327,0.8240699768066406,28174804
2021-06-03 00:00:00,0.9256489872932434,0.9256489872932434,0.825173020362854,0.9420449733734131,0.8378469944000244,50190975
2021-06-04 00:00:00,0.823826014995575,0.823826014995575,0.7816900014877319,0.925715982913971,0.925715982913971,39533680
2021-06-05 00:00:00,0.7767289876937866,0.7767289876937866,0.7503640055656433,0.8782039880752563,0.8249880075454712,33598144
2021-06-06 00:00:00,0.7911360263824463,0.7911360263824463,0.7679299712181091,0.803076982498169,0.778734028339386,15778233
2021-06-07 00:00:00,0.7042170166969299,0.7042170166969299,0.6997489929199219,0.8171749711036682,0.7916269898414612,23144099
2021-06-08 00:00:00,0.6769629716873169,0.6769629716873169,0.6196110248565674,0.7169889807701111,0.705331027507782,29047688
2021-06-09 00:00:00,0.7281669974327087,0.7281669974327087,0.6277459859848022,0.7299399971961975,0.6758829951286316,27937992
2021-06-10 00:00:00,0.6593400239944458,0.6593400239944458,0.6492300033569336,0.7563989758491516,0.7278990149497986,25809591
2021-06-11 00:00:00,0.5912690162658691,0.5912690162658691,0.5744580030441284,0.717399001121521,0.6612650156021118,37732450
2021-06-12 00:00:00,0.5805180072784424,0.5805180072784424,0.552947998046875,0.6022019982337952,0.5917069911956787,25311181
2021-06-13 00:00:00,0.6129760146141052,0.6129760146141052,0.5640550255775452,0.6219760179519653,0.5806130170822144,20863447
2021-06-14 00:00:00,0.6187149882316589,0.6187149882316589,0.5937110185623169,0.638899028301239,0.6121339797973633,21640009
2021-06-15 00:00:00,0.6607339978218079,0.6607339978218079,0.6254580020904541,0.6732810139656067,0.6558210253715515,33883895
2021-06-16 00:00:00,0.591618001461029,0.591618001461029,0.5878689885139465,0.6396660208702087,0.6396660208702087,18163024
2021-06-17 00:00:00,0.5984510183334351,0.5984510183334351,0.5819129943847656,0.6191700100898743,0.5912619829177856,9775880
2021-06-18 00:00:00,0.5578020215034485,0.5578020215034485,0.5417529940605164,0.6065800189971924,0.598766028881073,14507426
2021-06-19 00:00:00,0.5390859842300415,0.5390859842300415,0.535968005657196,0.5683659911155701,0.5587000250816345,10991538
2021-06-20 00:00:00,0.5395010113716125,0.5395010113716125,0.4959920048713684,0.5586410164833069,0.5372790098190308,16742156
2021-06-21 00:00:00,0.39294201135635376,0.39294201135635376,0.3914870023727417,0.5446209907531738,0.5384979844093323,21635673
2021-06-22 00:00:00,0.3338170051574707,0.3338170051574707,0.30483898520469666,0.4153589904308319,0.3924280107021332,37771543
2021-06-23 00:00:00,0.37154701352119446,0.37154701352119446,0.3202430009841919,0.39405301213264465,0.3346950113773346,34079437
2021-06-24 00:00:00,0.3946860134601593,0.3946860134601593,0.3537620007991791,0.4096420109272003,0.3734450042247772,20618438
2021-06-25 00:00:00,0.3547010123729706,0.3547010123729706,0.3440589904785156,0.41091498732566833,0.39570900797843933,22026982
2021-06-26 00:00:00,0.3574340045452118,0.3574340045452118,0.3321380019187927,0.3692089915275574,0.35418900847435,19291425
2021-06-27 00:00:00,0.38253098726272583,0.38253098726272583,0.35036399960517883,0.3836889863014221,0.35877299308776855,12816919
2021-06-28 00:00:00,0.41970300674438477,0.41970300674438477,0.3757759928703308,0.4409469962120056,0.3837659955024719,27056685
2021-06-29 00:00:00,0.4719510078430176,0.4719510078430176,0.41809898614883423,0.5129650235176086,0.42073601484298706,41244991
2021-06-30 00:00:00,0.48407799005508423,0.48407799005508423,0.4341390132904053,0.4844509959220886,0.4743649959564209,32658426
2021-07-01 00:00:00,0.436149001121521,0.436149001121521,0.4300050139427185,0.48457199335098267,0.4845600128173828,18891430
2021-07-02 00:00:00,0.4449140131473541,0.4449140131473541,0.4197930097579956,0.4467189908027649,0.4362330138683319,17285310
2021-07-03 00:00:00,0.4588429927825928,0.4588429927825928,0.43255698680877686,0.46246200799942017,0.44449999928474426,14760417
2021-07-04 00:00:00,0.5342170000076294,0.5342170000076294,0.4493280053138733,0.5411949753761292,0.4590109884738922,31929307
2021-07-05 00:00:00,0.607450008392334,0.607450008392334,0.501446008682251,0.6244530081748962,0.5309339761734009,82318420
2021-07-06 00:00:00,0.7889950275421143,0.7889950275421143,0.6065379977226257,0.886584997177124,0.606827974319458,270623071
2021-07-07 00:00:00,0.9063590168952942,0.9063590168952942,0.7568269968032837,0.9435840249061584,0.7882450222969055,131891904
2021-07-08 00:00:00,0.742247998714447,0.742247998714447,0.7113890051841736,0.9238229990005493,0.9088209867477417,106853612
2021-07-09 00:00:00,0.7401139736175537,0.7401139736175537,0.6988250017166138,0.7573819756507874,0.7371929883956909,48578292
2021-07-10 00:00:00,0.7522979974746704,0.7522979974746704,0.7343779802322388,0.855771005153656,0.7392699718475342,82597573
2021-07-11 00:00:00,0.7690050005912781,0.7690050005912781,0.7406569719314575,0.7953550219535828,0.7534139752388,36509523
2021-07-12 00:00:00,0.7502099871635437,0.7502099871635437,0.725799024105072,0.8340489864349365,0.7691659927368164,56995462
2021-07-13 00:00:00,0.6703519821166992,0.6703519821166992,0.6600440144538879,0.7552040219306946,0.7484189867973328,40550885
2021-07-14 00:00:00,0.6151670217514038,0.6151670217514038,0.5832880139350891,0.6719670295715332,0.6695770025253296,69590687
2021-07-15 00:00:00,0.5646079778671265,0.5646079778671265,0.5441889762878418,0.6481500267982483,0.6135320067405701,53569198
2021-07-16 00:00:00,0.5343829989433289,0.5343829989433289,0.518966019153595,0.6024479866027832,0.5645660161972046,46646323
2021-07-17 00:00:00,0.5130460262298584,0.5130460262298584,0.5035120248794556,0.5530740022659302,0.53398197889328,34392064
2021-07-18 00:00:00,0.5175480246543884,0.5175480246543884,0.5021139979362488,0.5475019812583923,0.5132550001144409,27918737
2021-07-19 00:00:00,0.4648599922657013,0.4648599922657013,0.4560689926147461,0.5178160071372986,0.5156710147857666,28261643
2021-07-20 00:00:00,0.4981530010700226,0.4981530010700226,0.41648799180984497,0.5247510075569153,0.46730300784111023,62208457
2021-07-21 00:00:00,0.5443130135536194,0.5443130135536194,0.4747140109539032,0.5542110204696655,0.49707499146461487,68679882
2021-07-22 00:00:00,0.5623520016670227,0.5623520016670227,0.5209180116653442,0.5735179781913757,0.5462870001792908,44915226
2021-07-23 00:00:00,0.5646389722824097,0.5646389722824097,0.5198289752006531,0.5731689929962158,0.5619580149650574,36091197
2021-07-24 00:00:00,0.599327027797699,0.599327027797699,0.55663001537323,0.6088799834251404,0.5642589926719666,44616558
2021-07-25 00:00:00,0.5996140241622925,0.5996140241622925,0.551833987236023,0.6157839894294739,0.5982509851455688,46198739
2021-07-26 00:00:00,0.6107460260391235,0.6107460260391235,0.5945960283279419,0.6749849915504456,0.5990229845046997,72749228
2021-07-27 00:00:00,0.6062059998512268,0.6062059998512268,0.5706819891929626,0.6247239708900452,0.6076670289039612,45197867
2021-07-28 00:00:00,0.5954470038414001,0.5954470038414001,0.5810160040855408,0.6186929941177368,0.606594979763031,34530443
2021-07-29 00:00:00,0.6178719997406006,0.6178719997406006,0.5857120156288147,0.6193090081214905,0.5979080200195312,31890677
2021-07-30 00:00:00,0.6404029726982117,0.6404029726982117,0.5929200053215027,0.6537629961967468,0.6189990043640137,46776976
2021-07-31 00:00:00,0.6367980241775513,0.6367980241775513,0.6130139827728271,0.6486250162124634,0.6385679841041565,35637524
2021-08-01 00:00:00,0.6783930063247681,0.6783930063247681,0.6279399991035461,0.7235100269317627,0.6341850161552429,71775935
2021-08-02 00:00:00,0.6763790249824524,0.6763790249824524,0.647487998008728,0.7105550169944763,0.6756680011749268,52932434
2021-08-03 00:00:00,0.6501539945602417,0.6501539945602417,0.6351069808006287,0.6915069818496704,0.6756749749183655,38200498
2021-08-04 00:00:00,0.7468469738960266,0.7468469738960266,0.6440110206604004,0.7468469738960266,0.6525020003318787,60613063
2021-08-05 00:00:00,0.8136799931526184,0.8136799931526184,0.723904013633728,0.8718929886817932,0.7467629909515381,139220997
2021-08-06 00:00:00,0.7992010116577148,0.7992010116577148,0.7765740156173706,0.8282600045204163,0.8130080103874207,56401262
2021-08-07 00:00:00,0.9346200227737427,0.9346200227737427,0.7898409962654114,1.015984058380127,0.8004029989242554,150480985
2021-08-08 00:00:00,0.8665909767150879,0.8665909767150879,0.8487759828567505,0.9605540037155151,0.9355049729347229,70845637
2021-08-09 00:00:00,0.9606919884681702,0.9606919884681702,0.8301020264625549,0.9676039814949036,0.865697979927063,78261291
2021-08-10 00:00:00,0.9303100109100342,0.9303100109100342,0.8951370120048523,0.9652850031852722,0.9603300094604492,66586690
2021-08-11 00:00:00,0.9949889779090881,0.9949889779090881,0.9284769892692566,1.0787630081176758,0.9302480220794678,110016901
2021-08-12 00:00:00,0.9491410255432129,0.9491410255432129,0.9020460247993469,1.0428420305252075,0.995402991771698,70897726
2021-08-13 00:00:00,1.026587963104248,1.026587963104248,0.944674015045166,1.0345640182495117,0.9522590041160583,58512227
2021-08-14 00:00:00,0.9878010153770447,0.9878010153770447,0.9526360034942627,1.0390510559082031,1.0276490449905396,65785035
2021-08-15 00:00:00,1.020367980003357,1.020367980003357,0.9511439800262451,1.0286840200424194,0.9885410070419312,51260696
2021-08-16 00:00:00,0.9684690237045288,0.9684690237045288,0.9380999803543091,1.0587879419326782,1.017233967781067,78334743
2021-08-17 00:00:00,0.9079089760780334,0.9079089760780334,0.8867779970169067,1.0172439813613892,0.9604210257530212,70555033
2021-08-18 00:00:00,0.8934310078620911,0.8934310078620911,0.8581820130348206,0.9193540215492249,0.9079909920692444,57634382
2021-08-19 00:00:00,0.9203119874000549,0.9203119874000549,0.8406029939651489,0.9210609793663025,0.8902530074119568,52446730
2021-08-20 00:00:00,1.0311880111694336,1.0311880111694336,0.9181410074234009,1.0429470539093018,0.9204959869384766,82221645
2021-08-21 00:00:00,0.9820449948310852,0.9820449948310852,0.9680820107460022,1.032364010810852,1.0321110486984253,49057904
2021-08-22 00:00:00,1.1706440448760986,1.1706440448760986,0.977262020111084,1.1881799697875977,0.9838110208511353,154388664
2021-08-23 00:00:00,1.1317559480667114,1.1317559480667114,1.0917600393295288,1.1772340536117554,1.1721429824829102,82995742
2021-08-24 00:00:00,1.162750005722046,1.162750005722046,0.9993399977684021,1.2065880298614502,1.1330660581588745,118392424
2021-08-25 00:00:00,1.1674580574035645,1.1674580574035645,1.1186449527740479,1.2678229808807373,1.161010980606079,178002127
2021-08-26 00:00:00,1.0693600177764893,1.0693600177764893,1.0484939813613892,1.200773000717163,1.1691420078277588,83630235
2021-08-27 00:00:00,1.1321439743041992,1.1321439743041992,1.018744945526123,1.1363849639892578,1.069553017616272,59920811
2021-08-28 00:00:00,1.0913660526275635,1.0913660526275635,1.0811779499053955,1.1534340381622314,1.132897973060608,45416750
2021-08-29 00:00:00,1.0936599969863892,1.0936599969863892,1.0553289651870728,1.1323410272598267,1.092406988143921,39522031
2021-08-30 00:00:00,1.0935859680175781,1.0935859680175781,1.0674409866333008,1.165621042251587,1.0933970212936401,89092756
2021-08-31 00:00:00,1.2217450141906738,1.2217450141906738,1.0828189849853516,1.3044610023498535,1.0934439897537231,138223130
2021-09-01 00:00:00,1.3164399862289429,1.3164399862289429,1.1735310554504395,1.3740479946136475,1.2223210334777832,130168908
2021-09-02 00:00:00,1.3564529418945312,1.3564529418945312,1.2784769535064697,1.378440022468567,1.3153990507125854,89520774
2021-09-03 00:00:00,1.3825780153274536,1.3825780153274536,1.346832036972046,1.4552550315856934,1.3566689491271973,84611102
2021-09-04 00:00:00,1.3406260013580322,1.3406260013580322,1.3258960247039795,1.4057769775390625,1.3848309516906738,43202687
2021-09-05 00:00:00,1.3875420093536377,1.3875420093536377,1.3165370225906372,1.4224849939346313,1.3355319499969482,54587014
2021-09-06 00:00:00,1.4053000211715698,1.4053000211715698,1.3785079717636108,1.4979280233383179,1.387287974357605,83340473
2021-09-07 00:00:00,1.1470179557800293,1.1470179557800293,0.9409940242767334,1.4304800033569336,1.406615972518921,139663492
2021-09-08 00:00:00,1.1293779611587524,1.1293779611587524,1.037598967552185,1.1998399496078491,1.1468210220336914,73239979
2021-09-09 00:00:00,1.1675419807434082,1.1675419807434082,1.107077956199646,1.2440840005874634,1.1120389699935913,66524295
2021-09-10 00:00:00,1.0967299938201904,1.0967299938201904,1.0603690147399902,1.2228859663009644,1.1682230234146118,53901043
2021-09-11 00:00:00,1.0787309408187866,1.0787309408187866,1.069996953010559,1.1490260362625122,1.098343014717102,38134925
2021-09-12 00:00:00,1.1214590072631836,1.1214590072631836,1.0642839670181274,1.1595150232315063,1.080273985862732,43788720
2021-09-13 00:00:00,1.0698039531707764,1.0698039531707764,1.0037659406661987,1.1337419748306274,1.1214319467544556,48031462
2021-09-14 00:00:00,1.1733649969100952,1.1733649969100952,1.054049015045166,1.2000080347061157,1.0702370405197144,62665078
2021-09-15 00:00:00,1.2203019857406616,1.2203019857406616,1.1473050117492676,1.2420589923858643,1.170657992362976,57815155
2021-09-16 00:00:00,1.189473032951355,1.189473032951355,1.1514630317687988,1.290084958076477,1.2212330102920532,59913480
2021-09-17 00:00:00,1.1178920269012451,1.1178920269012451,1.0915390253067017,1.199779987335205,1.1901819705963135,45924786
2021-09-18 00:00:00,1.09866201877594,1.09866201877594,1.0813850164413452,1.1565409898757935,1.116171956062317,35243162
2021-09-19 00:00:00,1.0652300119400024,1.0652300119400024,1.052603006362915,1.1078200340270996,1.099194049835205,33377318
2021-09-20 00:00:00,0.8764240145683289,0.8764240145683289,0.8567529916763306,1.0700700283050537,1.0686670541763306,69164732
2021-09-21 00:00:00,0.809145987033844,0.809145987033844,0.7938629984855652,0.9354879856109619,0.8846979737281799,43658910
2021-09-22 00:00:00,0.926476001739502,0.926476001739502,0.7998189926147461,0.9296990036964417,0.8071119785308838,36867906
2021-09-23 00:00:00,0.956089973449707,0.956089973449707,0.8935289978981018,0.9653189778327942,0.924921989440918,39070805
2021-09-24 00:00:00,0.8708009719848633,0.8708009719848633,0.8226649761199951,0.9590280055999756,0.9563390016555786,39091386
2021-09-25 00:00:00,0.8519229888916016,0.8519229888916016,0.8476679921150208,0.9093930125236511,0.87192302942276,24021714
2021-09-26 00:00:00,0.8477759957313538,0.8477759957313538,0.789268970489502,0.8760110139846802,0.8519279956817627,29003756
2021-09-27 00:00:00,0.8249419927597046,0.8249419927597046,0.8217710256576538,0.9016979932785034,0.8510059714317322,26408066
2021-09-28 00:00:00,0.7885820269584656,0.7885820269584656,0.7865110039710999,0.8404589891433716,0.8228480219841003,22006549
2021-09-29 00:00:00,0.8292649984359741,0.8292649984359741,0.7857199907302856,0.9013680219650269,0.7899320125579834,40265798
2021-09-30 00:00:00,0.8644809722900391,0.8644809722900391,0.8248990178108215,0.8786550164222717,0.8305000066757202,32814736
2021-10-01 00:00:00,0.950111985206604,0.950111985206604,0.8608670234680176,0.9613680243492126,0.8663359880447388,32296929
2021-10-02 00:00:00,0.9888139963150024,0.9888139963150024,0.9283130168914795,1.0352970361709595,0.9511420130729675,33354738
2021-10-03 00:00:00,0.9923539757728577,0.9923539757728577,0.9608610272407532,1.0328359603881836,0.9878910183906555,31774019
2021-10-04 00:00:00,0.9992949962615967,0.9992949962615967,0.9386119842529297,1.0153529644012451,0.9921919703483582,40718419
2021-10-05 00:00:00,1.0386250019073486,1.0386250019073486,0.9871219992637634,1.0616090297698975,1.0007189512252808,43369179
2021-10-06 00:00:00,1.0460419654846191,1.0460419654846191,0.9671739935874939,1.0626330375671387,1.0394680500030518,42754890
2021-10-07 00:00:00,1.0790469646453857,1.0790469646453857,1.0025659799575806,1.0906020402908325,1.0440880060195923,50330095
2021-10-08 00:00:00,1.054893970489502,1.054893970489502,1.0188590288162231,1.0993850231170654,1.078874945640564,45673218
2021-10-09 00:00:00,1.0344189405441284,1.0344189405441284,1.0162489414215088,1.0602370500564575,1.0564219951629639,26765908
2021-10-10 00:00:00,0.962073028087616,0.962073028087616,0.9565709829330444,1.0413689613342285,1.0355620384216309,25858235
2021-10-11 00:00:00,0.9652820229530334,0.9652820229530334,0.9356259703636169,0.9991840124130249,0.9614840149879456,16603505
2021-10-12 00:00:00,0.9730790257453918,0.9730790257453918,0.8962339758872986,0.9752529859542847,0.9655429720878601,21759809
2021-10-13 00:00:00,1.0327520370483398,1.0327520370483398,0.9440709948539734,1.0481599569320679,0.971176028251648,33722255
2021-10-14 00:00:00,1.0588359832763672,1.0588359832763672,1.025467038154602,1.06118905544281,1.0316510200500488,25502862
2021-10-15 00:00:00,1.0276609659194946,1.0276609659194946,1.0116970539093018,1.0838559865951538,1.058351993560791,37877389
2021-10-16 00:00:00,1.0660699605941772,1.0660699605941772,1.0251049995422363,1.1107549667358398,1.0296109914779663,39204071
2021-10-17 00:00:00,1.0183589458465576,1.0183589458465576,0.9823690056800842,1.079501986503601,1.0651609897613525,23275878
2021-10-18 00:00:00,1.0404390096664429,1.0404390096664429,0.9957810044288635,1.0470930337905884,1.0178719758987427,23730885
2021-10-19 00:00:00,1.0256999731063843,1.0256999731063843,1.0024399757385254,1.0441080331802368,1.04196298122406,14656874
2021-10-20 00:00:00,1.0534240007400513,1.0534240007400513,1.0050300359725952,1.066027045249939,1.024548053741455,19639394
2021-10-21 00:00:00,1.035146951675415,1.035146951675415,1.0141570568084717,1.1025819778442383,1.0564240217208862,30469627
2021-10-22 00:00:00,1.0559229850769043,1.0559229850769043,1.0285069942474365,1.1013710498809814,1.0355089902877808,30227398
2021-10-23 00:00:00,1.0595959424972534,1.0595959424972534,1.0374109745025635,1.071537971496582,1.0571099519729614,16032748
2021-10-24 00:00:00,1.0144579410552979,1.0144579410552979,0.9955809712409973,1.063999056816101,1.0600440502166748,17580594
2021-10-25 00:00:00,1.0506629943847656,1.0506629943847656,1.0080510377883911,1.061540961265564,1.0137920379638672,18725861
2021-10-26 00:00:00,1.0955009460449219,1.0955009460449219,1.0499080419540405,1.1426349878311157,1.050115942955017,37655541
2021-10-27 00:00:00,0.9580069780349731,0.9580069780349731,0.9580069780349731,1.1594229936599731,1.0938279628753662,51481646
2021-10-28 00:00:00,1.004925012588501,1.004925012588501,0.9607030153274536,1.0221370458602905,0.9607030153274536,32683454
2021-10-29 00:00:00,1.0380630493164062,1.0380630493164062,0.9978100061416626,1.0479520559310913,1.0044920444488525,24201018
2021-10-30 00:00:00,1.0137510299682617,1.0137510299682617,0.9870610237121582,1.0428600311279297,1.0394350290298462,21728272
2021-10-31 00:00:00,1.020827054977417,1.020827054977417,0.9823470115661621,1.0242969989776611,1.0133520364761353,22253764
2021-11-01 00:00:00,1.065250039100647,1.065250039100647,0.9915000200271606,1.076200008392334,1.0216530561447144,33492919
2021-11-02 00:00:00,1.2044140100479126,1.2044140100479126,1.043876051902771,1.2756949663162231,1.0690449476242065,112546662
2021-11-03 00:00:00,1.159613013267517,1.159613013267517,1.109097957611084,1.2420799732208252,1.2047380208969116,50013226
2021-11-04 00:00:00,1.1920280456542969,1.1920280456542969,1.1331349611282349,1.228140950202942,1.1610610485076904,57706979
2021-11-05 00:00:00,1.1625250577926636,1.1625250577926636,1.1531269550323486,1.2501330375671387,1.1918319463729858,42152686
2021-11-06 00:00:00,1.1317640542984009,1.1317640542984009,1.0951550006866455,1.1797300577163696,1.1622370481491089,23680308
2021-11-07 00:00:00,1.1655009984970093,1.1655009984970093,1.1244109869003296,1.1914470195770264,1.1337100267410278,25939951
2021-11-08 00:00:00,1.1872589588165283,1.1872589588165283,1.1460490226745605,1.2005200386047363,1.165719985961914,30578995
2021-11-09 00:00:00,1.1963109970092773,1.1963109970092773,1.1769700050354004,1.2666670083999634,1.1881150007247925,54873892
2021-11-10 00:00:00,1.1027940511703491,1.1027940511703491,1.0177069902420044,1.2693430185317993,1.1985529661178589,58037399
2021-11-11 00:00:00,1.1403089761734009,1.1403089761734009,1.0899059772491455,1.2412409782409668,1.104019045829773,46815537
2021-11-12 00:00:00,1.1864169836044312,1.1864169836044312,1.104043960571289,1.2092299461364746,1.1386140584945679,55762818
2021-11-13 00:00:00,1.1746230125427246,1.1746230125427246,1.151505947113037,1.2285579442977905,1.1885169744491577,32145145
2021-11-14 00:00:00,1.1597980260849,1.1597980260849,1.1326980590820312,1.1934380531311035,1.1750309467315674,20389350
2021-11-15 00:00:00,1.1556010246276855,1.1556010246276855,1.1427429914474487,1.2040280103683472,1.1615769863128662,31448949
2021-11-16 00:00:00,1.0146950483322144,1.0146950483322144,0.9553589820861816,1.1599019765853882,1.1599019765853882,43093011
2021-11-17 00:00:00,1.0011199712753296,1.0011199712753296,0.9679949879646301,1.0350730419158936,1.0158909559249878,32746627
2021-11-18 00:00:00,0.8900589942932129,0.8900589942932129,0.8573979735374451,1.0223259925842285,1.0025620460510254,35695092
2021-11-19 00:00:00,0.9386389851570129,0.9386389851570129,0.8795580267906189,0.9548770189285278,0.8924840092658997,21513353
2021-11-20 00:00:00,1.0037930011749268,1.0037930011749268,0.9374619722366333,1.0237270593643188,0.9381710290908813,30394272
2021-11-21 00:00:00,0.9786390066146851,0.9786390066146851,0.9703810214996338,1.0135270357131958,1.00490403175354,21294210
2021-11-22 00:00:00,0.9246910214424133,0.9246910214424133,0.9157199859619141,0.9940019845962524,0.9796419739723206,27226216
2021-11-23 00:00:00,0.9364259839057922,0.9364259839057922,0.9127770066261292,0.9519199728965759,0.9253140091896057,19153322
2021-11-24 00:00:00,0.9183520078659058,0.9183520078659058,0.8701099753379822,0.9431790113449097,0.9374009966850281,18001685
2021-11-25 00:00:00,0.9120299816131592,0.9120299816131592,0.8884239792823792,0.9584590196609497,0.8972169756889343,21900580
2021-11-26 00:00:00,0.8562530279159546,0.8562530279159546,0.8216130137443542,0.9574159979820251,0.9330530166625977,28104481
2021-11-27 00:00:00,0.9184030294418335,0.9184030294418335,0.854216992855072,0.9636480212211609,0.85623699426651,32339875
2021-11-28 00:00:00,0.9291430115699768,0.9291430115699768,0.8612390160560608,1.0319880247116089,0.9181510210037231,72897159
2021-11-29 00:00:00,0.9538339972496033,0.9538339972496033,0.921521008014679,1.0262130498886108,0.9308450222015381,47546370
2021-11-30 00:00:00,0.9426440000534058,0.9426440000534058,0.9133539795875549,0.9916449785232544,0.9542329907417297,28355707
2021-12-01 00:00:00,0.9467859864234924,0.9467859864234924,0.9264799952507019,1.0172580480575562,0.9403250217437744,36062482
2021-12-02 00:00:00,0.944441020488739,0.944441020488739,0.907380998134613,0.9500259757041931,0.9488229751586914,18968018
2021-12-03 00:00:00,0.9780300259590149,0.9780300259590149,0.9010519981384277,1.0471760034561157,0.9449949860572815,69101039
2021-12-04 00:00:00,0.8273329734802246,0.8273329734802246,0.7181379795074463,1.0090240240097046,0.9835690259933472,57516733
2021-12-05 00:00:00,0.7546719908714294,0.7546719908714294,0.7244499921798706,0.8448489904403687,0.8265810012817383,23995823
2021-12-06 00:00:00,0.7662069797515869,0.7662069797515869,0.6804749965667725,0.7724030017852783,0.7553589940071106,22777616
2021-12-07 00:00:00,0.845097005367279,0.845097005367279,0.7576349973678589,0.8642370104789734,0.7638520002365112,32610993
2021-12-08 00:00:00,0.8407279849052429,0.8407279849052429,0.7954859733581543,0.8713210225105286,0.8433160185813904,25504877
2021-12-09 00:00:00,0.7580080032348633,0.7580080032348633,0.7534440159797668,0.8487330079078674,0.8390359878540039,17078318
2021-12-10 00:00:00,0.7239459753036499,0.7239459753036499,0.7211369872093201,0.7872560024261475,0.7578110098838806,13138589
2021-12-11 00:00:00,0.7458410263061523,0.7458410263061523,0.7135130167007446,0.7533599734306335,0.7242370247840881,10922381
2021-12-12 00:00:00,0.7413319945335388,0.7413319945335388,0.7223420143127441,0.75661301612854,0.7451019883155823,11949881
2021-12-13 00:00:00,0.6474609971046448,0.6474609971046448,0.6349949836730957,0.74788898229599,0.7432979941368103,15741280
2021-12-14 00:00:00,0.6661679744720459,0.6661679744720459,0.6367729902267456,0.6791650056838989,0.6483190059661865,13628844
2021-12-15 00:00:00,0.6845309734344482,0.6845309734344482,0.638401985168457,0.7149699926376343,0.6660019755363464,26715692
2021-12-16 00:00:00,0.6659939885139465,0.6659939885139465,0.665211021900177,0.7061150074005127,0.6855900287628174,11086158
2021-12-17 00:00:00,0.6542530059814453,0.6542530059814453,0.6380450129508972,0.6821780204772949,0.6667479872703552,10170206
2021-12-18 00:00:00,0.6796290278434753,0.6796290278434753,0.6436150074005127,0.6967340111732483,0.654246985912323,9895791
2021-12-19 00:00:00,0.6824769973754883,0.6824769973754883,0.6693670153617859,0.7378569841384888,0.6802970170974731,14983603
2021-12-20 00:00:00,0.6667829751968384,0.6667829751968384,0.6422560214996338,0.690339982509613,0.6818770170211792,10878136
2021-12-21 00:00:00,0.7030689716339111,0.7030689716339111,0.6635540127754211,0.707506000995636,0.6658070087432861,10012345
2021-12-22 00:00:00,0.7282639741897583,0.7282639741897583,0.7035419940948486,0.7614650130271912,0.7039290070533752,16022423
2021-12-23 00:00:00,0.7756590247154236,0.7756590247154236,0.7151839733123779,0.7797520160675049,0.7286999821662903,15836220
2021-12-24 00:00:00,0.7440310120582581,0.7440310120582581,0.7337859869003296,0.7872620224952698,0.7780200242996216,11562947
2021-12-25 00:00:00,0.7646539807319641,0.7646539807319641,0.7414000034332275,0.7757710218429565,0.7443159818649292,8597589
2021-12-26 00:00:00,0.7505220174789429,0.7505220174789429,0.7280570268630981,0.7691699862480164,0.7645959854125977,11597363
2021-12-27 00:00:00,0.7755460143089294,0.7755460143089294,0.74549400806427,0.8180570006370544,0.7504180073738098,19962321
2021-12-28 00:00:00,0.7138519883155823,0.7138519883155823,0.704954981803894,0.7750869989395142,0.7750869989395142,14833106
2021-12-29 00:00:00,0.682915985584259,0.682915985584259,0.6768730282783508,0.727653980255127,0.7137410044670105,12691072
2021-12-30 00:00:00,0.6906160116195679,0.6906160116195679,0.6670629978179932,0.7011650204658508,0.6839770078659058,12000894
2021-12-31 00:00:00,0.6618310213088989,0.6618310213088989,0.6551079750061035,0.703311026096344,0.6904690265655518,11661568
2022-01-01 00:00:00,0.6963369846343994,0.6963369846343994,0.6615620255470276,0.6963369846343994,0.6618790030479431,8306185
2022-01-02 00:00:00,0.697467029094696,0.697467029094696,0.6836770176887512,0.7022309899330139,0.6965659856796265,8499346
2022-01-03 00:00:00,0.7018089890480042,0.7018089890480042,0.6855239868164062,0.7457259893417358,0.6973069906234741,24529571
2022-01-04 00:00:00,0.6982839703559875,0.6982839703559875,0.6877689957618713,0.7226830124855042,0.7018210291862488,15023900
2022-01-05 00:00:00,0.6304849982261658,0.6304849982261658,0.6066280007362366,0.7273929715156555,0.6982560157775879,15922795
2022-01-06 00:00:00,0.6034550070762634,0.6034550070762634,0.5910400152206421,0.6304200291633606,0.6303790211677551,16991438
2022-01-07 00:00:00,0.5526739954948425,0.5526739954948425,0.5432479977607727,0.604170024394989,0.6033120155334473,14475109
2022-01-08 00:00:00,0.5253570079803467,0.5253570079803467,0.5092480182647705,0.5683900117874146,0.5526890158653259,9307322
2022-01-09 00:00:00,0.5477929711341858,0.5477929711341858,0.5223709940910339,0.5572130084037781,0.5252190232276917,8387067
2022-01-10 00:00:00,0.5117300152778625,0.5117300152778625,0.4977959990501404,0.5538520216941833,0.547789990901947,12565142
2022-01-11 00:00:00,0.5401639938354492,0.5401639938354492,0.5075230002403259,0.5590429902076721,0.5117300152778625,17834143
2022-01-12 00:00:00,0.5939509868621826,0.5939509868621826,0.5393610000610352,0.5989270210266113,0.5401390194892883,20670815
2022-01-13 00:00:00,0.5651370286941528,0.5651370286941528,0.5626180171966553,0.6050620079040527,0.5941359996795654,17569569
2022-01-14 00:00:00,0.5630469918251038,0.5630469918251038,0.5485799908638,0.5806580185890198,0.5651829838752747,14742435
2022-01-15 00:00:00,0.5854349732398987,0.5854349732398987,0.5612840056419373,0.5948479771614075,0.563040018081665,11317846
2022-01-16 00:00:00,0.577085018157959,0.577085018157959,0.5672829747200012,0.5912629961967468,0.5854349732398987,8704733
2022-01-17 00:00:00,0.545615017414093,0.545615017414093,0.5377150177955627,0.57846599817276,0.5771549940109253,10222638
2022-01-18 00:00:00,0.540054976940155,0.540054976940155,0.5269830226898193,0.5550220012664795,0.5455809831619263,9594959
2022-01-19 00:00:00,0.521107017993927,0.521107017993927,0.5174070000648499,0.5406360030174255,0.5400440096855164,7637985
2022-01-20 00:00:00,0.49488699436187744,0.49488699436187744,0.49488699436187744,0.5468800067901611,0.5211210250854492,6585156
2022-01-21 00:00:00,0.4233990013599396,0.4233990013599396,0.4164460003376007,0.49718400835990906,0.4950140118598938,15398947
2022-01-22 00:00:00,0.3956170082092285,0.3956170082092285,0.36417898535728455,0.43687400221824646,0.4235070049762726,20612661
2022-01-23 00:00:00,0.40863698720932007,0.40863698720932007,0.3915109932422638,0.4193840026855469,0.3957589864730835,9939965
2022-01-24 00:00:00,0.3823130130767822,0.3823130130767822,0.34937798976898193,0.40885698795318604,0.40872400999069214,12676840
2022-01-25 00:00:00,0.39859700202941895,0.39859700202941895,0.37585198879241943,0.40328100323677063,0.3822999894618988,9448252
2022-01-26 00:00:00,0.3928169906139374,0.3928169906139374,0.38893499970436096,0.42353999614715576,0.39858898520469666,10059867
2022-01-27 00:00:00,0.3713879883289337,0.3713879883289337,0.35883599519729614,0.3962180018424988,0.3927290141582489,15140797
2022-01-28 00:00:00,0.3772130012512207,0.3772130012512207,0.35991600155830383,0.3793430030345917,0.37129101157188416,10357524
2022-01-29 00:00:00,0.39035099744796753,0.39035099744796753,0.37550100684165955,0.39454299211502075,0.3771980106830597,9095534
2022-01-30 00:00:00,0.3787109851837158,0.3787109851837158,0.3752470016479492,0.3993780016899109,0.3904159963130951,8275150
2022-01-31 00:00:00,0.38361701369285583,0.38361701369285583,0.3602930009365082,0.3841859996318817,0.37872499227523804,10707374
2022-02-01 00:00:00,0.38622400164604187,0.38622400164604187,0.383109986782074,0.39958301186561584,0.3836120069026947,12009490
2022-02-02 00:00:00,0.3699600100517273,0.3699600100517273,0.3669709861278534,0.39215800166130066,0.38621899485588074,9163194
2022-02-03 00:00:00,0.37965700030326843,0.37965700030326843,0.3628529906272888,0.38058701157569885,0.36994999647140503,9004114
2022-02-04 00:00:00,0.43175700306892395,0.43175700306892395,0.37940800189971924,0.4319019913673401,0.379599004983902,12237293
2022-02-05 00:00:00,0.42548900842666626,0.42548900842666626,0.41996899247169495,0.44701001048088074,0.4318239986896515,11300389
2022-02-06 00:00:00,0.44141900539398193,0.44141900539398193,0.42014700174331665,0.44141900539398193,0.4255029857158661,9500015
2022-02-07 00:00:00,0.45038899779319763,0.45038899779319763,0.43369200825691223,0.4550600051879883,0.44156700372695923,14036822
2022-02-08 00:00:00,0.435606986284256,0.435606986284256,0.42545801401138306,0.4689140021800995,0.4504869878292084,22291830
2022-02-09 00:00:00,0.44518399238586426,0.44518399238586426,0.4263469874858856,0.44955500960350037,0.4356130063533783,15933570
2022-02-10 00:00:00,0.43227899074554443,0.43227899074554443,0.4287950098514557,0.4765770137310028,0.4451580047607422,64598148
2022-02-11 00:00:00,0.4034540057182312,0.4034540057182312,0.39642098546028137,0.4678559899330139,0.4322800040245056,46081491
2022-02-12 00:00:00,0.3997170031070709,0.3997170031070709,0.3885999917984009,0.41409799456596375,0.40358200669288635,20428815
2022-02-13 00:00:00,0.37950199842453003,0.37950199842453003,0.3786030113697052,0.40478500723838806,0.39977699518203735,13047143
2022-02-14 00:00:00,0.3841579854488373,0.3841579854488373,0.36422500014305115,0.3866859972476959,0.37918001413345337,16606581
2022-02-15 00:00:00,0.4126020073890686,0.4126020073890686,0.38390299677848816,0.4137910008430481,0.38415399193763733,18766482
2022-02-16 00:00:00,0.3959119915962219,0.3959119915962219,0.38807499408721924,0.41323500871658325,0.41251999139785767,18400278
2022-02-17 00:00:00,0.3629699945449829,0.3629699945449829,0.36107999086380005,0.4009760022163391,0.39580899477005005,17997493
2022-02-18 00:00:00,0.3592570126056671,0.3592570126056671,0.3563089966773987,0.37954801321029663,0.3628790080547333,17764611
2022-02-19 00:00:00,0.3559669852256775,0.3559669852256775,0.3437289893627167,0.3654260039329529,0.35924801230430603,12488509
2022-02-20 00:00:00,0.3261309862136841,0.3261309862136841,0.3215140104293823,0.35600700974464417,0.35600700974464417,14668106
2022-02-21 00:00:00,0.3035629987716675,0.3035629987716675,0.30268800258636475,0.3446049988269806,0.3260909914970398,18886198
2022-02-22 00:00:00,0.3179740011692047,0.3179740011692047,0.2927530109882355,0.3210349977016449,0.30350399017333984,17344476
2022-02-23 00:00:00,0.30867999792099,0.30867999792099,0.30867999792099,0.3323099911212921,0.3180620074272156,15502933
2022-02-24 00:00:00,0.2987020015716553,0.2987020015716553,0.26548799872398376,0.3090130090713501,0.30845698714256287,28606590
2022-02-25 00:00:00,0.3218030035495758,0.3218030035495758,0.2951909899711609,0.3259260058403015,0.2988109886646271,25146752
2022-02-26 00:00:00,0.3179450035095215,0.3179450035095215,0.31690800189971924,0.3312790095806122,0.3218039870262146,11128682
2022-02-27 00:00:00,0.30648699402809143,0.30648699402809143,0.30259400606155396,0.3242790102958679,0.31794899702072144,13234999
2022-02-28 00:00:00,0.3423309922218323,0.3423309922218323,0.30232200026512146,0.3424549996852875,0.30645400285720825,15814239
2022-03-01 00:00:00,0.346343994140625,0.346343994140625,0.3393059968948364,0.35523900389671326,0.3423289954662323,19182397
2022-03-02 00:00:00,0.3425459861755371,0.3425459861755371,0.3365060091018677,0.35304999351501465,0.3463360071182251,12104841
2022-03-03 00:00:00,0.3262459933757782,0.3262459933757782,0.3215390145778656,0.34384700655937195,0.34261900186538696,9705781
2022-03-04 00:00:00,0.30273300409317017,0.30273300409317017,0.3009589910507202,0.3264319896697998,0.3262540102005005,9047900
2022-03-05 00:00:00,0.31109699606895447,0.31109699606895447,0.2960439920425415,0.3127720057964325,0.3027209937572479,7960535
2022-03-06 00:00:00,0.2958369851112366,0.2958369851112366,0.29572299122810364,0.3130129873752594,0.3111090064048767,8201901
2022-03-07 00:00:00,0.27882999181747437,0.27882999181747437,0.27438199520111084,0.3043000102043152,0.29587000608444214,12443054
2022-03-08 00:00:00,0.2737089991569519,0.2737089991569519,0.2695290148258209,0.2861109972000122,0.2787590026855469,13177221
2022-03-09 00:00:00,0.2806270122528076,0.2806270122528076,0.27371299266815186,0.29317599534988403,0.27371299266815186,14208806
2022-03-10 00:00:00,0.2739250063896179,0.2739250063896179,0.2648729979991913,0.28074800968170166,0.28060299158096313,11738994
2022-03-11 00:00:00,0.2650269865989685,0.2650269865989685,0.26377299427986145,0.2778010070323944,0.2739279866218567,10389708
2022-03-12 00:00:00,0.26655301451683044,0.26655301451683044,0.264741986989975,0.2736940085887909,0.26501399278640747,8353730
2022-03-13 00:00:00,0.25828999280929565,0.25828999280929565,0.2581549882888794,0.3134259879589081,0.2664889991283417,38360074
2022-03-14 00:00:00,0.2634029984474182,0.2634029984474182,0.25344300270080566,0.26412901282310486,0.25825798511505127,98806935
2022-03-15 00:00:00,0.2669070065021515,0.2669070065021515,0.2542319893836975,0.2685840129852295,0.26340800523757935,78074563
2022-03-16 00:00:00,0.2784009873867035,0.2784009873867035,0.26527801156044006,0.2805449962615967,0.2668839991092682,19050603
2022-03-17 00:00:00,0.27645400166511536,0.27645400166511536,0.2740980088710785,0.28328099846839905,0.27838900685310364,14093687
2022-03-18 00:00:00,0.2906320095062256,0.2906320095062256,0.27416500449180603,0.2929140031337738,0.27642300724983215,20161359
2022-03-19 00:00:00,0.29623299837112427,0.29623299837112427,0.2906079888343811,0.3096019923686981,0.2906529903411865,24850906
2022-03-20 00:00:00,0.28421100974082947,0.28421100974082947,0.27848300337791443,0.2978140115737915,0.2962520122528076,28490919
2022-03-21 00:00:00,0.28297901153564453,0.28297901153564453,0.2789109945297241,0.2946310043334961,0.2842029929161072,27573212
2022-03-22 00:00:00,0.28389498591423035,0.28389498591423035,0.28126800060272217,0.29148998856544495,0.28301000595092773,31257409
2022-03-23 00:00:00,0.290924996137619,0.290924996137619,0.2786799967288971,0.2937679886817932,0.28387901186943054,34011086
2022-03-24 00:00:00,0.3082599937915802,0.3082599937915802,0.2851409912109375,0.3105260133743286,0.29093900322914124,61679006
2022-03-25 00:00:00,0.3112809956073761,0.3112809956073761,0.3000290095806122,0.3238379955291748,0.30821800231933594,44159651
2022-03-26 00:00:00,0.3315359950065613,0.3315359950065613,0.30636098980903625,0.3378559947013855,0.3111239969730377,37166788
2022-03-27 00:00:00,0.3809559941291809,0.3809559941291809,0.3308719992637634,0.3898020088672638,0.33151501417160034,88524311
2022-03-28 00:00:00,0.339352011680603,0.339352011680603,0.33786600828170776,0.39320799708366394,0.3811439871788025,48014824
2022-03-29 00:00:00,0.3723810017108917,0.3723810017108917,0.33955898880958557,0.38339999318122864,0.33955898880958557,46206280
2022-03-30 00:00:00,0.41549599170684814,0.41549599170684814,0.3584260046482086,0.42124199867248535,0.3723500072956085,77845464
2022-03-31 00:00:00,0.41652101278305054,0.41652101278305054,0.39063599705696106,0.4446119964122772,0.41553500294685364,70292704
2022-04-01 00:00:00,0.5738149881362915,0.5738149881362915,0.3893910050392151,0.6354219913482666,0.4169130027294159,424128580
2022-04-02 00:00:00,0.5553820133209229,0.5553820133209229,0.5553010106086731,0.6928579807281494,0.57327800989151,270662198
2022-04-03 00:00:00,0.542809009552002,0.542809009552002,0.5360260009765625,0.6081550121307373,0.5553290247917175,81874864
2022-04-04 00:00:00,0.5841320157051086,0.5841320157051086,0.5118700265884399,0.5867469906806946,0.5427410006523132,90821592
2022-04-05 00:00:00,0.4923509955406189,0.4923509955406189,0.49204498529434204,0.5832549929618835,0.5832549929618835,69408390
2022-04-06 00:00:00,0.42505401372909546,0.42505401372909546,0.4249570071697235,0.49275898933410645,0.49220600724220276,61316677
2022-04-07 00:00:00,0.43421900272369385,0.43421900272369385,0.4132179915904999,0.4442470073699951,0.4250740110874176,42671709
2022-04-08 00:00:00,0.39647001028060913,0.39647001028060913,0.39269599318504333,0.4425790011882782,0.43418198823928833,38314694
2022-04-09 00:00:00,0.4154849946498871,0.4154849946498871,0.3964749872684479,0.41981399059295654,0.3964749872684479,26325970
2022-04-10 00:00:00,0.3953939974308014,0.3953939974308014,0.3926030099391937,0.41997599601745605,0.41542500257492065,23862911
2022-04-11 00:00:00,0.3471269905567169,0.3471269905567169,0.34443598985671997,0.3951820135116577,0.3951820135116577,32449585
2022-04-12 00:00:00,0.3697969913482666,0.3697969913482666,0.3463039994239807,0.38774600625038147,0.347106009721756,34522538
2022-04-13 00:00:00,0.40159499645233154,0.40159499645233154,0.3587769865989685,0.40547800064086914,0.3696010112762451,30309656
2022-04-14 00:00:00,0.38215699791908264,0.38215699791908264,0.3710870146751404,0.41130900382995605,0.4015350043773651,34877214
2022-04-15 00:00:00,0.3752039968967438,0.3752039968967438,0.368461012840271,0.38909101486206055,0.38215601444244385,20086634
2022-04-16 00:00:00,0.37626999616622925,0.37626999616622925,0.36959901452064514,0.38246798515319824,0.3751940131187439,13268397
2022-04-17 00:00:00,0.3561129868030548,0.3561129868030548,0.3555609881877899,0.3773860037326813,0.376240998506546,12256133
2022-04-18 00:00:00,0.3615710139274597,0.3615710139274597,0.33669400215148926,0.36202698945999146,0.3561519980430603,19919951
2022-04-19 00:00:00,0.3714289963245392,0.3714289963245392,0.35543400049209595,0.37217000126838684,0.3615809977054596,17833147
2022-04-20 00:00:00,0.3903129994869232,0.3903129994869232,0.36396899819374084,0.4111739993095398,0.37141698598861694,45381863
2022-04-21 00:00:00,0.39320099353790283,0.39320099353790283,0.3866199851036072,0.42424800992012024,0.3903079926967621,57584838
2022-04-22 00:00:00,0.3734630048274994,0.3734630048274994,0.3703950047492981,0.410504013299942,0.3931260108947754,30112540
2022-04-23 00:00:00,0.3664439916610718,0.3664439916610718,0.3647240102291107,0.3758690059185028,0.37348100543022156,14842930
2022-04-24 00:00:00,0.3539080023765564,0.3539080023765564,0.35143500566482544,0.37284401059150696,0.3662460148334503,14002552
2022-04-25 00:00:00,0.351826012134552,0.351826012134552,0.3293760120868683,0.354669988155365,0.3539470136165619,19221313
2022-04-26 00:00:00,0.3200730085372925,0.3200730085372925,0.31841200590133667,0.36276599764823914,0.35179901123046875,24665866
2022-04-27 00:00:00,0.32990801334381104,0.32990801334381104,0.320125013589859,0.3361620008945465,0.320125013589859,16447562
2022-04-28 00:00:00,0.32590600848197937,0.32590600848197937,0.3203110098838806,0.3373909890651703,0.3298240005970001,15841599
2022-04-29 00:00:00,0.2996459901332855,0.2996459901332855,0.2949190139770508,0.3285770118236542,0.32590100169181824,16737859
2022-04-30 00:00:00,0.26546499133110046,0.26546499133110046,0.25288400053977966,0.3089419901371002,0.29963698983192444,19273251
2022-05-01 00:00:00,0.28747400641441345,0.28747400641441345,0.261231005191803,0.28867098689079285,0.26547500491142273,20974097
2022-05-02 00:00:00,0.27971601486206055,0.27971601486206055,0.26855000853538513,0.2898100018501282,0.2873789966106415,17843862
2022-05-03 00:00:00,0.27059000730514526,0.27059000730514526,0.2664729952812195,0.2866100072860718,0.27976900339126587,14375431
2022-05-04 00:00:00,0.3073039948940277,0.3073039948940277,0.2704789936542511,0.3088110089302063,0.270550012588501,18462073
2022-05-05 00:00:00,0.27360400557518005,0.27360400557518005,0.26686999201774597,0.31493499875068665,0.3073039948940277,23602776
2022-05-06 00:00:00,0.26950499415397644,0.26950499415397644,0.2603580057621002,0.27539798617362976,0.27361300587654114,19618937
2022-05-07 00:00:00,0.25553199648857117,0.25553199648857117,0.250777006149292,0.2704409956932068,0.26946499943733215,16128177
2022-05-08 00:00:00,0.2532060146331787,0.2532060146331787,0.2479490041732788,0.2623269855976105,0.25553300976753235,15409519
2022-05-09 00:00:00,0.21191899478435516,0.21191899478435516,0.21191899478435516,0.26058098673820496,0.2534030079841614,17724421
2022-05-10 00:00:00,0.2215840071439743,0.2215840071439743,0.20268599689006805,0.299795001745224,0.21164000034332275,51868351
2022-05-11 00:00:00,0.17150500416755676,0.17150500416755676,0.16289900243282318,0.22554199397563934,0.2213679999113083,29187995
2022-05-12 00:00:00,0.15761899948120117,0.15761899948120117,0.13404199481010437,0.17990900576114655,0.1716340035200119,22561544
2022-05-13 00:00:00,0.15667599439620972,0.15667599439620972,0.15466099977493286,0.18224400281906128,0.15750600397586823,16923503
2022-05-14 00:00:00,0.16494399309158325,0.16494399309158325,0.1440420001745224,0.16742299497127533,0.15668100118637085,12907356
2022-05-15 00:00:00,0.16530099511146545,0.16530099511146545,0.14169299602508545,0.16572299599647522,0.1648939996957779,15982558
2022-05-16 00:00:00,0.15041400492191315,0.15041400492191315,0.14503100514411926,0.1652970016002655,0.1652970016002655,14117591
2022-05-17 00:00:00,0.16002100706100464,0.16002100706100464,0.14960399270057678,0.16616900265216827,0.15043899416923523,13787639
2022-05-18 00:00:00,0.14455099403858185,0.14455099403858185,0.14354099333286285,0.1683569997549057,0.1600089967250824,16802802
2022-05-19 00:00:00,0.15960699319839478,0.15960699319839478,0.14167599380016327,0.16109399497509003,0.1445229947566986,18961854
2022-05-20 00:00:00,0.1509920060634613,0.1509920060634613,0.1463409960269928,0.1632930040359497,0.15952900052070618,17958473
2022-05-21 00:00:00,0.15874899923801422,0.15874899923801422,0.14784200489521027,0.160521999001503,0.1509079933166504,13137534
2022-05-22 00:00:00,0.1651969999074936,0.1651969999074936,0.15646199882030487,0.17043699324131012,0.15874600410461426,22229200
2022-05-23 00:00:00,0.15207600593566895,0.15207600593566895,0.15117399394512177,0.17075100541114807,0.16513000428676605,34455753
2022-05-24 00:00:00,0.17490899562835693,0.17490899562835693,0.1521179974079132,0.1863590031862259,0.1521179974079132,77032479
2022-05-25 00:00:00,0.1649390012025833,0.1649390012025833,0.1641470044851303,0.17891499400138855,0.17492300271987915,31279408
2022-05-26 00:00:00,0.14670200645923615,0.14670200645923615,0.14567899703979492,0.1681710034608841,0.16494999825954437,19444763
2022-05-27 00:00:00,0.13921800255775452,0.13921800255775452,0.13808399438858032,0.15057000517845154,0.14668400585651398,24854708
2022-05-28 00:00:00,0.14090099930763245,0.14090099930763245,0.1378519982099533,0.14372600615024567,0.13921500742435455,23611593
2022-05-29 00:00:00,0.14493000507354736,0.14493000507354736,0.13755400478839874,0.1472650021314621,0.14137400686740875,16677612
2022-05-30 00:00:00,0.16360700130462646,0.16360700130462646,0.14413699507713318,0.16599400341510773,0.14492900669574738,30176526
2022-05-31 00:00:00,0.1660590022802353,0.1660590022802353,0.15795199573040009,0.1722549945116043,0.16355299949645996,33864627
2022-06-01 00:00:00,0.14787299931049347,0.14787299931049347,0.1454409956932068,0.17213700711727142,0.1660650074481964,34774602
2022-06-02 00:00:00,0.15249399840831757,0.15249399840831757,0.14473700523376465,0.15407699346542358,0.14785300195217133,27120385
2022-06-03 00:00:00,0.1473959982395172,0.1473959982395172,0.1423410028219223,0.1533540040254593,0.15249599516391754,20675970
2022-06-04 00:00:00,0.15340499579906464,0.15340499579906464,0.14566700160503387,0.15425799787044525,0.14742299914360046,21691754
2022-06-05 00:00:00,0.15057699382305145,0.15057699382305145,0.14854200184345245,0.15436099469661713,0.15342099964618683,16879562
2022-06-06 00:00:00,0.154556006193161,0.154556006193161,0.14998500049114227,0.15855999290943146,0.15059100091457367,25697183
2022-06-07 00:00:00,0.16112299263477325,0.16112299263477325,0.14336499571800232,0.1681710034608841,0.15454499423503876,26066027
2022-06-08 00:00:00,0.17264500260353088,0.17264500260353088,0.15768399834632874,0.17799299955368042,0.1611350029706955,64164193
2022-06-09 00:00:00,0.15679000318050385,0.15679000318050385,0.15512299537658691,0.17410099506378174,0.1727840006351471,28014676
2022-06-10 00:00:00,0.14562299847602844,0.14562299847602844,0.14543400704860687,0.15796400606632233,0.15684300661087036,17351297
2022-06-11 00:00:00,0.13506199419498444,0.13506199419498444,0.13376399874687195,0.15170300006866455,0.14563199877738953,18082910
2022-06-12 00:00:00,0.12301799654960632,0.12301799654960632,0.1230119988322258,0.13638100028038025,0.13507400453090668,10578813
2022-06-13 00:00:00,0.10802199691534042,0.10802199691534042,0.10057000070810318,0.12292499840259552,0.12292499840259552,17302561
2022-06-14 00:00:00,0.11046700179576874,0.11046700179576874,0.1001570001244545,0.11469399929046631,0.10805200040340424,12713850
2022-06-15 00:00:00,0.11913000047206879,0.11913000047206879,0.09912899881601334,0.1193619966506958,0.11044000089168549,12703284
2022-06-16 00:00:00,0.10493700206279755,0.10493700206279755,0.10259699821472168,0.12216400355100632,0.11915100365877151,12023620
2022-06-17 00:00:00,0.1087300032377243,0.1087300032377243,0.1044130027294159,0.11139799654483795,0.1049640029668808,8699654
2022-06-18 00:00:00,0.10088799893856049,0.10088799893856049,0.09464199841022491,0.11021800339221954,0.10872799903154373,8076368
2022-06-19 00:00:00,0.10976999998092651,0.10976999998092651,0.09669700264930725,0.11056499928236008,0.10089000314474106,9050905
2022-06-20 00:00:00,0.11545799672603607,0.11545799672603607,0.10538999736309052,0.11723600327968597,0.10976699739694595,12165342
2022-06-21 00:00:00,0.11667700111865997,0.11667700111865997,0.11398900300264359,0.1233299970626831,0.1154400035738945,8321473
2022-06-22 00:00:00,0.11034999787807465,0.11034999787807465,0.11023099720478058,0.11792100220918655,0.1167759969830513,6169377
2022-06-23 00:00:00,0.11932999640703201,0.11932999640703201,0.10988599807024002,0.11945799738168716,0.11035200208425522,5802843
2022-06-24 00:00:00,0.12800399959087372,0.12800399959087372,0.11919700354337692,0.13094300031661987,0.11926399916410446,10038307
2022-06-25 00:00:00,0.13152900338172913,0.13152900338172913,0.12451300024986267,0.13505199551582336,0.12796999514102936,9868235
2022-06-26 00:00:00,0.12437199801206589,0.12437199801206589,0.12431500107049942,0.1370300054550171,0.13155600428581238,7727177
2022-06-27 00:00:00,0.12405800074338913,0.12405800074338913,0.12248899787664413,0.13151399791240692,0.1243709996342659,5438986
2022-06-28 00:00:00,0.11593899875879288,0.11593899875879288,0.11533799767494202,0.12693700194358826,0.1240520030260086,6085511
2022-06-29 00:00:00,0.11403500288724899,0.11403500288724899,0.11236699670553207,0.11880700290203094,0.11603199690580368,5538125
2022-06-30 00:00:00,0.11305399984121323,0.11305399984121323,0.1069910004734993,0.11474200338125229,0.11408700048923492,5793604
2022-07-01 00:00:00,0.11041299998760223,0.11041299998760223,0.10789400339126587,0.11596299707889557,0.11314000189304352,4818014
2022-07-02 00:00:00,0.11160500347614288,0.11160500347614288,0.10819599777460098,0.1128000020980835,0.11047399789094925,3361176
2022-07-03 00:00:00,0.11257299780845642,0.11257299780845642,0.10908400267362595,0.11398299783468246,0.11161000281572342,3795740
2022-07-04 00:00:00,0.1180649995803833,0.1180649995803833,0.11028999835252762,0.11816299706697464,0.11258299648761749,5058624
2022-07-05 00:00:00,0.11363299936056137,0.11363299936056137,0.1111610010266304,0.11913499981164932,0.1180419996380806,5801805
2022-07-06 00:00:00,0.11682400107383728,0.11682400107383728,0.11212799698114395,0.11760599911212921,0.11364199966192245,5058256
2022-07-07 00:00:00,0.12196800112724304,0.12196800112724304,0.11613199859857559,0.12224999815225601,0.11682300269603729,6269671
2022-07-08 00:00:00,0.12068799883127213,0.12068799883127213,0.11831499636173248,0.12540100514888763,0.12193100154399872,6107089
2022-07-09 00:00:00,0.12604199349880219,0.12604199349880219,0.12037499994039536,0.1272359937429428,0.12065800279378891,5305115
2022-07-10 00:00:00,0.11959300190210342,0.11959300190210342,0.11822599917650223,0.12599200010299683,0.12599200010299683,4655133
2022-07-11 00:00:00,0.10618799924850464,0.10618799924850464,0.10571499913930893,0.1195790022611618,0.1195790022611618,5500919
2022-07-12 00:00:00,0.10412199795246124,0.10412199795246124,0.10412199795246124,0.10893899947404861,0.10619000345468521,4296892
2022-07-13 00:00:00,0.1083500012755394,0.1083500012755394,0.10026399791240692,0.1083500012755394,0.10413400083780289,4625706
2022-07-14 00:00:00,0.11621899902820587,0.11621899902820587,0.10818900167942047,0.12766799330711365,0.1083730012178421,16970280
2022-07-15 00:00:00,0.11700700223445892,0.11700700223445892,0.11448799818754196,0.12003099918365479,0.11623600125312805,6856667
2022-07-16 00:00:00,0.12508200109004974,0.12508200109004974,0.11439300328493118,0.12529000639915466,0.11699099838733673,8499634
2022-07-17 00:00:00,0.12646499276161194,0.12646499276161194,0.12288600206375122,0.13056600093841553,0.1250929981470108,9478557
2022-07-18 00:00:00,0.14004400372505188,0.14004400372505188,0.12646299600601196,0.14004400372505188,0.12646299600601196,9817482
2022-07-19 00:00:00,0.1427379995584488,0.1427379995584488,0.135561004281044,0.14810800552368164,0.13998199999332428,10238846
2022-07-20 00:00:00,0.1323920041322708,0.1323920041322708,0.13140200078487396,0.1475600004196167,0.14277799427509308,6953804
2022-07-21 00:00:00,0.13542699813842773,0.13542699813842773,0.12759900093078613,0.13604900240898132,0.1323850005865097,5702895
2022-07-22 00:00:00,0.1305750012397766,0.1305750012397766,0.12984199821949005,0.1406790018081665,0.13544100522994995,5769303
2022-07-23 00:00:00,0.1336210072040558,0.1336210072040558,0.1287440061569214,0.13527899980545044,0.13050700724124908,5056315
2022-07-24 00:00:00,0.13506199419498444,0.13506199419498444,0.13196100294589996,0.13847999274730682,0.13360999524593353,6026028
2022-07-25 00:00:00,0.12230399996042252,0.12230399996042252,0.1222739964723587,0.13585300743579865,0.1350480020046234,5723037
2022-07-26 00:00:00,0.12079700082540512,0.12079700082540512,0.11573199927806854,0.12228599935770035,0.12228599935770035,5123645
2022-07-27 00:00:00,0.12758299708366394,0.12758299708366394,0.11794400215148926,0.12758299708366394,0.12081599980592728,5286128
2022-07-28 00:00:00,0.13813699781894684,0.13813699781894684,0.1259949952363968,0.14127899706363678,0.1276250034570694,8147527
2022-07-29 00:00:00,0.16456200182437897,0.16456200182437897,0.137705996632576,0.1678999960422516,0.1381399929523468,24473339
2022-07-30 00:00:00,0.15528999269008636,0.15528999269008636,0.15349799394607544,0.16971200704574585,0.1650809943675995,15124596
2022-07-31 00:00:00,0.1517000049352646,0.1517000049352646,0.15080000460147858,0.16210299730300903,0.15535899996757507,9102970
2022-08-01 00:00:00,0.16196200251579285,0.16196200251579285,0.15160399675369263,0.1833059936761856,0.15160399675369263,23467236
2022-08-02 00:00:00,0.16244299709796906,0.16244299709796906,0.1504720002412796,0.16566400229930878,0.16190899908542633,14336451
2022-08-03 00:00:00,0.16276100277900696,0.16276100277900696,0.15760399401187897,0.1729000061750412,0.1624480038881302,12201476
2022-08-04 00:00:00,0.16669799387454987,0.16669799387454987,0.1629199981689453,0.1723109930753708,0.1629199981689453,7791223
2022-08-05 00:00:00,0.1705780029296875,0.1705780029296875,0.16581599414348602,0.17208699882030487,0.16661399602890015,6499364
2022-08-06 00:00:00,0.17589600384235382,0.17589600384235382,0.1694680005311966,0.17949999868869781,0.17058399319648743,9458482
2022-08-07 00:00:00,0.17483200132846832,0.17483200132846832,0.17299799621105194,0.17952999472618103,0.17589500546455383,7297979
2022-08-08 00:00:00,0.1732349991798401,0.1732349991798401,0.17186599969863892,0.18237699568271637,0.17489300668239594,8707236
2022-08-09 00:00:00,0.16039900481700897,0.16039900481700897,0.15728500485420227,0.17475000023841858,0.173226997256279,7651513
2022-08-10 00:00:00,0.16600699722766876,0.16600699722766876,0.15599499642848969,0.16713300347328186,0.16035500168800354,5324200
2022-08-11 00:00:00,0.16015900671482086,0.16015900671482086,0.15897999703884125,0.1682009994983673,0.16605399549007416,6226214
2022-08-12 00:00:00,0.16457000374794006,0.16457000374794006,0.1576099991798401,0.164669007062912,0.1601410061120987,4715719
2022-08-13 00:00:00,0.16071200370788574,0.16071200370788574,0.16055700182914734,0.16583900153636932,0.16457800567150116,4651781
2022-08-14 00:00:00,0.15500199794769287,0.15500199794769287,0.15294800698757172,0.16410699486732483,0.16070400178432465,8073475
2022-08-15 00:00:00,0.15589599311351776,0.15589599311351776,0.15146900713443756,0.15834900736808777,0.15498000383377075,5498338
2022-08-16 00:00:00,0.15317699313163757,0.15317699313163757,0.15154099464416504,0.1570899933576584,0.15583300590515137,4746983
2022-08-17 00:00:00,0.14245399832725525,0.14245399832725525,0.14145199954509735,0.15766499936580658,0.1531900018453598,5485019
2022-08-18 00:00:00,0.1383969932794571,0.1383969932794571,0.1382559984922409,0.14787399768829346,0.14248499274253845,4105813
2022-08-19 00:00:00,0.12421300262212753,0.12421300262212753,0.12303200364112854,0.13849100470542908,0.13849100470542908,5815461
2022-08-20 00:00:00,0.12500900030136108,0.12500900030136108,0.1212339997291565,0.1289069950580597,0.124208003282547,3939217
2022-08-21 00:00:00,0.1296990066766739,0.1296990066766739,0.12469500303268433,0.13105900585651398,0.12497799843549728,3537759
2022-08-22 00:00:00,0.12719400227069855,0.12719400227069855,0.12208300083875656,0.12970300018787384,0.12970300018787384,3277903
2022-08-23 00:00:00,0.13135600090026855,0.13135600090026855,0.12411700189113617,0.13187900185585022,0.12719599902629852,3784462
2022-08-24 00:00:00,0.131413996219635,0.131413996219635,0.12803100049495697,0.1349020004272461,0.13135899603366852,4180745
2022-08-25 00:00:00,0.1341239959001541,0.1341239959001541,0.13113200664520264,0.13569200038909912,0.13142800331115723,3590446
2022-08-26 00:00:00,0.11920099705457687,0.11920099705457687,0.11852999776601791,0.13485200703144073,0.1340930014848709,4663323
2022-08-27 00:00:00,0.11954899877309799,0.11954899877309799,0.11789499968290329,0.12147899717092514,0.11922000348567963,3107646
2022-08-28 00:00:00,0.1146090030670166,0.1146090030670166,0.1146090030670166,0.12113700062036514,0.11954700201749802,2680973
2022-08-29 00:00:00,0.12584200501441956,0.12584200501441956,0.1139340028166771,0.12585900723934174,0.11465699970722198,5043134
2022-08-30 00:00:00,0.1216529980301857,0.1216529980301857,0.11829300224781036,0.12727899849414825,0.12582600116729736,4428612
2022-08-31 00:00:00,0.12188699841499329,0.12188699841499329,0.1216450035572052,0.12616899609565735,0.12169499695301056,3624924
2022-09-01 00:00:00,0.12258999794721603,0.12258999794721603,0.11793900281190872,0.12287600338459015,0.12186600267887115,2918202
2022-09-02 00:00:00,0.12082099914550781,0.12082099914550781,0.12014000117778778,0.125232994556427,0.12257900089025497,3830577
2022-09-03 00:00:00,0.11830099672079086,0.11830099672079086,0.11732999980449677,0.1214120015501976,0.12082000076770782,2626690
2022-09-04 00:00:00,0.11933500319719315,0.11933500319719315,0.11678300052881241,0.11963000148534775,0.11830300092697144,1999686
2022-09-05 00:00:00,0.11883299797773361,0.11883299797773361,0.11613500118255615,0.12008500099182129,0.11932999640703201,2201449
2022-09-06 00:00:00,0.10785900056362152,0.10785900056362152,0.10785699635744095,0.12700699269771576,0.11884400248527527,7570337
2022-09-07 00:00:00,0.11712300032377243,0.11712300032377243,0.10728900134563446,0.11938600242137909,0.10783199965953827,5180206
2022-09-08 00:00:00,0.11826000362634659,0.11826000362634659,0.1142439991235733,0.11895599961280823,0.1170869991183281,5053814
2022-09-09 00:00:00,0.1292549967765808,0.1292549967765808,0.11813999712467194,0.13121600449085236,0.11824899911880493,6698941
2022-09-10 00:00:00,0.1288370043039322,0.1288370043039322,0.12617799639701843,0.13176999986171722,0.12919099628925323,11116240
2022-09-11 00:00:00,0.12974999845027924,0.12974999845027924,0.12709499895572662,0.13148100674152374,0.1288360059261322,4293499
2022-09-12 00:00:00,0.1280210018157959,0.1280210018157959,0.1250540018081665,0.1328669935464859,0.1297360062599182,4737269
2022-09-13 00:00:00,0.11811800301074982,0.11811800301074982,0.11604800075292587,0.12811200320720673,0.12806500494480133,4702980
2022-09-14 00:00:00,0.1188879981637001,0.1188879981637001,0.11567799746990204,0.1193080022931099,0.11655399948358536,3604840
2022-09-15 00:00:00,0.1113239973783493,0.1113239973783493,0.11111100018024445,0.11884500086307526,0.11884500086307526,3659553
2022-09-16 00:00:00,0.11237499862909317,0.11237499862909317,0.11017099767923355,0.11301500350236893,0.1114170029759407,2986280
2022-09-17 00:00:00,0.11585099995136261,0.11585099995136261,0.11216100305318832,0.11590000241994858,0.1123879998922348,2348707
2022-09-18 00:00:00,0.10603199899196625,0.10603199899196625,0.10437099635601044,0.11586499959230423,0.11584600061178207,4327269
2022-09-19 00:00:00,0.1081089973449707,0.1081089973449707,0.1024399995803833,0.10840000212192535,0.10602500289678574,3215620
2022-09-20 00:00:00,0.1056710034608841,0.1056710034608841,0.10515200346708298,0.10946200042963028,0.10812400281429291,3446209
2022-09-21 00:00:00,0.10375499725341797,0.10375499725341797,0.1024169996380806,0.11082500219345093,0.1056779995560646,4257288
2022-09-22 00:00:00,0.11163599789142609,0.11163599789142609,0.1029609963297844,0.11191099882125854,0.10360699892044067,3024699
2022-09-23 00:00:00,0.11285600066184998,0.11285600066184998,0.10822399705648422,0.1138010025024414,0.11161699891090393,3443667
2022-09-24 00:00:00,0.10764600336551666,0.10764600336551666,0.10745999962091446,0.11442600190639496,0.1128849983215332,2712321
2022-09-25 00:00:00,0.10414999723434448,0.10414999723434448,0.10340800136327744,0.10919299721717834,0.10766399651765823,3136392
2022-09-26 00:00:00,0.10529699921607971,0.10529699921607971,0.10218799859285355,0.10553500056266785,0.10415399819612503,3081115
2022-09-27 00:00:00,0.10739000141620636,0.10739000141620636,0.10507199913263321,0.11158599704504013,0.10531400144100189,5562361
2022-09-28 08:58:00,0.10382546484470367,0.10382546484470367,0.10302892327308655,0.10760978609323502,0.10737662762403488,5032131
