timestamp,adjclose,low,open,volume,close,high
2020-09-11 00:00:00,0.01115499995648861,0.009429000318050385,0.009530000388622284,339581,0.01115499995648861,0.01115499995648861
2020-09-12 00:00:00,0.011843999847769737,0.01107999961823225,0.01115300040692091,201512,0.011843999847769737,0.012090000323951244
2020-09-13 00:00:00,0.011423000134527683,0.011210000142455101,0.011845000088214874,311292,0.011423000134527683,0.012047999538481236
2020-09-14 00:00:00,0.012010999955236912,0.0110470000654459,0.01143800001591444,172603,0.012010999955236912,0.012303999625146389
2020-09-15 00:00:00,0.011134999804198742,0.01092700008302927,0.012010999955236912,913609,0.011134999804198742,0.0124080004170537
2020-09-16 00:00:00,0.009894000366330147,0.009769000113010406,0.011245000176131725,751176,0.009894000366330147,0.011253999546170235
2020-09-17 00:00:00,0.008861999958753586,0.008771000429987907,0.009902999736368656,256191,0.008861999958753586,0.010191000066697598
2020-09-18 00:00:00,0.007891999557614326,0.007350000087171793,0.008860000409185886,600481,0.007891999557614326,0.00889500044286251
2020-09-19 00:00:00,0.008797000162303448,0.007814999669790268,0.007891999557614326,439767,0.008797000162303448,0.008825999684631824
2020-09-20 00:00:00,0.008666999638080597,0.008549000136554241,0.00880999956279993,344043,0.008666999638080597,0.008945000357925892
2020-09-21 00:00:00,0.008124999701976776,0.007838999852538109,0.008666999638080597,416338,0.008124999701976776,0.008860999718308449
2020-09-22 00:00:00,0.007833999581634998,0.007362999953329563,0.008107000030577183,327609,0.007833999581634998,0.008194999769330025
2020-09-23 00:00:00,0.007228999864310026,0.007110999897122383,0.007809000089764595,368137,0.007228999864310026,0.007822000421583652
2020-09-24 00:00:00,0.007710000034421682,0.007174000144004822,0.007222999818623066,350318,0.007710000034421682,0.00773000018671155
2020-09-25 00:00:00,0.0072730001993477345,0.006951000075787306,0.007689999882131815,262578,0.0072730001993477345,0.0077240001410245895
2020-09-26 00:00:00,0.007114999927580357,0.007019999902695417,0.007277000229805708,303685,0.007114999927580357,0.007433000020682812
2020-09-27 00:00:00,0.006643999833613634,0.006415999960154295,0.0071319998241961,327024,0.006643999833613634,0.007174000144004822
2020-09-28 00:00:00,0.006310999859124422,0.006308000069111586,0.006637000013142824,429043,0.006310999859124422,0.006893000099807978
2020-09-29 00:00:00,0.006635999772697687,0.00598399993032217,0.006310999859124422,273353,0.006635999772697687,0.006678000092506409
2020-09-30 00:00:00,0.006558000110089779,0.006326999980956316,0.006661999970674515,264446,0.006558000110089779,0.006810999941080809
2020-10-01 00:00:00,0.0064570000395178795,0.006058999802917242,0.006568000186234713,275587,0.0064570000395178795,0.006800000090152025
2020-10-02 00:00:00,0.005849999841302633,0.005688000004738569,0.006430999841541052,204821,0.005849999841302633,0.006430999841541052
2020-10-03 00:00:00,0.005923999939113855,0.005778999999165535,0.00583299994468689,194301,0.005923999939113855,0.006045999936759472
2020-10-04 00:00:00,0.0066189998760819435,0.005915000103414059,0.005936000030487776,229512,0.0066189998760819435,0.006684999912977219
2020-10-05 00:00:00,0.006541000213474035,0.006126000080257654,0.00662099989131093,249112,0.006541000213474035,0.0067170001566410065
2020-10-06 00:00:00,0.0061969999223947525,0.005743999965488911,0.0065379999577999115,254331,0.0061969999223947525,0.006682999897748232
2020-10-07 00:00:00,0.005628999788314104,0.005497999954968691,0.006173999980092049,196013,0.005628999788314104,0.006178999785333872
2020-10-08 00:00:00,0.005876000039279461,0.005472999997437,0.005588999949395657,149692,0.005876000039279461,0.006051000207662582
2020-10-09 00:00:00,0.005824999883770943,0.0056779999285936356,0.005901999771595001,197117,0.005824999883770943,0.006043999921530485
2020-10-10 00:00:00,0.006031000055372715,0.005632000043988228,0.00583200016990304,211523,0.006031000055372715,0.006095999851822853
2020-10-11 00:00:00,0.005996000021696091,0.0058120000176131725,0.006072999909520149,168194,0.005996000021696091,0.006322000175714493
2020-10-12 00:00:00,0.0059529999271035194,0.005698999855667353,0.005975999869406223,177802,0.0059529999271035194,0.006085999775677919
2020-10-13 00:00:00,0.005801999941468239,0.005601000040769577,0.0059529999271035194,159663,0.005801999941468239,0.006002999842166901
2020-10-14 00:00:00,0.005853000096976757,0.005669000092893839,0.005787999834865332,177807,0.005853000096976757,0.005915999878197908
2020-10-15 00:00:00,0.00573199987411499,0.005628000013530254,0.005890999920666218,194549,0.00573199987411499,0.0058929999358952045
2020-10-16 00:00:00,0.005659000016748905,0.005429000128060579,0.0057299998588860035,183217,0.005659000016748905,0.005787000060081482
2020-10-17 00:00:00,0.0063310000114142895,0.005594999995082617,0.005659999791532755,181094,0.0063310000114142895,0.006450999993830919
2020-10-18 00:00:00,0.00634399987757206,0.005781999789178371,0.0063310000114142895,154802,0.00634399987757206,0.0065899998880922794
2020-10-19 00:00:00,0.005415000021457672,0.0053820000030100346,0.006326000206172466,181080,0.005415000021457672,0.006393000017851591
2020-10-20 00:00:00,0.005289999768137932,0.005158999934792519,0.005417999811470509,176275,0.005289999768137932,0.005623000208288431
2020-10-21 00:00:00,0.005286000203341246,0.004993000067770481,0.005319999996572733,185360,0.005286000203341246,0.005553999915719032
2020-10-22 00:00:00,0.005224000196903944,0.004976999945938587,0.005344000179320574,208081,0.005224000196903944,0.005665000062435865
2020-10-23 00:00:00,0.005251999944448471,0.005111999809741974,0.005253999959677458,139951,0.005251999944448471,0.005677000153809786
2020-10-24 00:00:00,0.0050200000405311584,0.004910000134259462,0.005251999944448471,216791,0.0050200000405311584,0.0056500001810491085
2020-10-25 00:00:00,0.004867999814450741,0.004753999877721071,0.0050200000405311584,202309,0.004867999814450741,0.0051369997672736645
2020-10-26 00:00:00,0.0045540002174675465,0.004112000111490488,0.004869000054895878,202165,0.0045540002174675465,0.005042999982833862
2020-10-27 00:00:00,0.003932000137865543,0.0039029999170452356,0.0045540002174675465,231392,0.003932000137865543,0.00469199987128377
2020-10-28 00:00:00,0.003920999821275473,0.003737000050023198,0.003932000137865543,149473,0.003920999821275473,0.004321000073105097
2020-10-29 00:00:00,0.0035669999197125435,0.003548000007867813,0.003920999821275473,180903,0.0035669999197125435,0.0041519999504089355
2020-10-30 00:00:00,0.0038209999911487103,0.0034779999405145645,0.0035669999197125435,154531,0.0038209999911487103,0.003843999933451414
2020-10-31 00:00:00,0.00356599991209805,0.003512999974191189,0.0038209999911487103,112648,0.00356599991209805,0.003965000156313181
2020-11-01 00:00:00,0.003601999953389168,0.003413999918848276,0.00356599991209805,120089,0.003601999953389168,0.003705000039190054
2020-11-02 00:00:00,0.0038209999911487103,0.00355900009162724,0.003602999961003661,127849,0.0038209999911487103,0.004015999846160412
2020-11-03 00:00:00,0.003949999809265137,0.0036269999109208584,0.0038209999911487103,105251,0.003949999809265137,0.004029999952763319
2020-11-04 00:00:00,0.003725999966263771,0.003450999967753887,0.003949999809265137,124166,0.003725999966263771,0.003949999809265137
2020-11-05 00:00:00,0.0034469999372959137,0.003369000041857362,0.003725999966263771,113494,0.0034469999372959137,0.0038870000280439854
2020-11-06 00:00:00,0.0040259999223053455,0.003415999934077263,0.0034469999372959137,190058,0.0040259999223053455,0.01734199933707714
2020-11-07 00:00:00,0.003487000009045005,0.0034179999493062496,0.004025000147521496,114544,0.003487000009045005,0.0042860000394284725
2020-11-08 00:00:00,0.0037640000227838755,0.003355999942868948,0.003487000009045005,104480,0.0037640000227838755,0.003785999957472086
2020-11-09 00:00:00,0.0034000000450760126,0.003287999890744686,0.0037640000227838755,131459,0.0034000000450760126,0.0037879999727010727
2020-11-10 00:00:00,0.0033519999124109745,0.003019999945536256,0.0034000000450760126,134808,0.0033519999124109745,0.003530000103637576
2020-11-11 00:00:00,0.003570999950170517,0.0033489998895674944,0.0033519999124109745,97216,0.003570999950170517,0.0037410000804811716
2020-11-12 00:00:00,0.0039610001258552074,0.0035490000154823065,0.003570999950170517,129527,0.0039610001258552074,0.004029000177979469
2020-11-13 00:00:00,0.004501999821513891,0.00356599991209805,0.0039610001258552074,151192,0.004501999821513891,0.004718999844044447
2020-11-14 00:00:00,0.0036349999718368053,0.0035989999305456877,0.004501999821513891,113351,0.0036349999718368053,0.004776000045239925
2020-11-15 00:00:00,0.004346000030636787,0.0031510000117123127,0.0036349999718368053,141271,0.004346000030636787,0.004674999974668026
2020-11-16 00:00:00,0.003413999918848276,0.003114999970421195,0.004346000030636787,100524,0.003413999918848276,0.0045900000259280205
2020-11-17 00:00:00,0.004639999940991402,0.0007949999999254942,0.004203000105917454,167089,0.004639999940991402,0.005148999858647585
2020-11-18 00:00:00,0.004273000173270702,0.003708000062033534,0.004639999940991402,165978,0.004273000173270702,0.005065999925136566
2020-11-19 00:00:00,0.004120000172406435,0.0036849998869001865,0.004273000173270702,122229,0.004120000172406435,0.005193999968469143
2020-11-20 00:00:00,0.004993000067770481,0.0034920000471174717,0.004120000172406435,117173,0.004993000067770481,0.004993000067770481
2020-11-21 00:00:00,0.004604999907314777,0.003510999958962202,0.004993000067770481,124371,0.004604999907314777,0.004993000067770481
2020-11-22 00:00:00,0.004749000072479248,0.0035379999317228794,0.004604999907314777,148385,0.004749000072479248,0.005013999994844198
2020-11-23 00:00:00,0.005729000084102154,0.003911999985575676,0.004747999832034111,221406,0.005729000084102154,0.0057680001482367516
2020-11-24 00:00:00,0.0058570001274347305,0.0039019999094307423,0.00573199987411499,321822,0.0058570001274347305,0.006178000010550022
2020-11-25 00:00:00,0.0058650001883506775,0.004538999870419502,0.005859000142663717,272818,0.0058650001883506775,0.0063749998807907104
2020-11-26 00:00:00,0.0053969998843967915,0.0040350002236664295,0.0058639999479055405,200339,0.0053969998843967915,0.0059460001066327095
2020-11-27 00:00:00,0.005779999773949385,0.004164000041782856,0.005398999899625778,185046,0.005779999773949385,0.006246000062674284
2020-11-28 00:00:00,0.0059529999271035194,0.005661000031977892,0.005781000014394522,192299,0.0059529999271035194,0.0066200001165270805
2020-11-29 00:00:00,0.006134999915957451,0.005584000144153833,0.00595200015231967,251053,0.006134999915957451,0.00661499984562397
2020-11-30 00:00:00,0.006386999972164631,0.005913999862968922,0.006134000141173601,250593,0.006386999972164631,0.006812999956309795
2020-12-01 00:00:00,0.0059090000577270985,0.005828999914228916,0.00647599995136261,221448,0.0059090000577270985,0.006649000104516745
2020-12-02 00:00:00,0.005888000130653381,0.00570600014179945,0.0059079998172819614,185247,0.005888000130653381,0.006448000203818083
2020-12-03 00:00:00,0.005985999945551157,0.005617000162601471,0.005886999890208244,193900,0.005985999945551157,0.0061079999431967735
2020-12-04 00:00:00,0.005520999897271395,0.005450999829918146,0.005985999945551157,150181,0.005520999897271395,0.006066000089049339
2020-12-05 00:00:00,0.006477999966591597,0.005375999957323074,0.005520000122487545,257203,0.006477999966591597,0.006928000133484602
2020-12-06 00:00:00,0.007426000200212002,0.006039999891072512,0.006479000207036734,327438,0.007426000200212002,0.007613999769091606
2020-12-07 00:00:00,0.006800999864935875,0.006560000125318766,0.0074269999749958515,286665,0.006800999864935875,0.007712000049650669
2020-12-08 00:00:00,0.0075159999541938305,0.006624000146985054,0.006800000090152025,310893,0.0075159999541938305,0.007840000092983246
2020-12-09 00:00:00,0.006603000219911337,0.006209000013768673,0.0075170001946389675,212026,0.006603000219911337,0.0075170001946389675
2020-12-10 00:00:00,0.006637000013142824,0.005762000102549791,0.006603000219911337,212214,0.006637000013142824,0.007000999990850687
2020-12-11 00:00:00,0.006066999863833189,0.005681999959051609,0.006637000013142824,205974,0.006066999863833189,0.007197999861091375
2020-12-12 00:00:00,0.006056999787688255,0.005758000072091818,0.006068000104278326,151215,0.006056999787688255,0.006378999911248684
2020-12-13 00:00:00,0.00623599998652935,0.005940000060945749,0.006056999787688255,172313,0.00623599998652935,0.006575999781489372
2020-12-14 00:00:00,0.006300999782979488,0.005872999783605337,0.00623599998652935,219495,0.006300999782979488,0.00658900011330843
2020-12-15 00:00:00,0.0064210002310574055,0.006033000070601702,0.006300999782979488,180579,0.0064210002310574055,0.006777999922633171
2020-12-16 00:00:00,0.006422000005841255,0.005774000193923712,0.0064199999906122684,230765,0.006422000005841255,0.006781000178307295
2020-12-17 00:00:00,0.006202999968081713,0.005932999774813652,0.0064210002310574055,268798,0.006202999968081713,0.006680000107735395
2020-12-18 00:00:00,0.00671500014141202,0.005803999956697226,0.006202000193297863,264524,0.00671500014141202,0.006839999929070473
2020-12-19 00:00:00,0.007263000123202801,0.0064409999176859856,0.0067170001566410065,327358,0.007263000123202801,0.0076500000432133675
2020-12-20 00:00:00,0.007067000027745962,0.006634000223129988,0.007261999882757664,163164,0.007067000027745962,0.007313999813050032
2020-12-21 00:00:00,0.00659599993377924,0.0062409997917711735,0.007065999787300825,369894,0.00659599993377924,0.007114999927580357
2020-12-22 00:00:00,0.006521999835968018,0.005938999820500612,0.0065899998880922794,230891,0.006521999835968018,0.006696000229567289
2020-12-23 00:00:00,0.006093999836593866,0.005886999890208244,0.006459000054746866,185773,0.006093999836593866,0.007156000006943941
2020-12-24 00:00:00,0.00636200001463294,0.005810000002384186,0.006093999836593866,191748,0.00636200001463294,0.006581000052392483
2020-12-25 00:00:00,0.006225000135600567,0.00595200015231967,0.00636299978941679,187504,0.006225000135600567,0.006422999780625105
2020-12-26 00:00:00,0.0065460000187158585,0.006012999918311834,0.006225000135600567,162272,0.0065460000187158585,0.006653999909758568
2020-12-27 00:00:00,0.006397000048309565,0.0054270001128315926,0.00648199999704957,260337,0.006397000048309565,0.006756999995559454
2020-12-28 00:00:00,0.006674999836832285,0.00622999994084239,0.006395000033080578,236947,0.006674999836832285,0.00712500000372529
2020-12-29 00:00:00,0.006936000194400549,0.005991999991238117,0.006674000062048435,239821,0.006936000194400549,0.007149999961256981
2020-12-30 00:00:00,0.0067900000140070915,0.006657000165432692,0.006934999953955412,260162,0.0067900000140070915,0.007404000032693148
2020-12-31 00:00:00,0.0065460000187158585,0.006384999956935644,0.006777999922633171,272009,0.0065460000187158585,0.007174000144004822
2021-01-01 00:00:00,0.0066019999794662,0.006357000209391117,0.0065449997782707214,268237,0.0066019999794662,0.006845000199973583
2021-01-02 00:00:00,0.006912999786436558,0.006353000178933144,0.006512000225484371,301162,0.006912999786436558,0.007158000022172928
2021-01-03 00:00:00,0.00762900011613965,0.005442999769002199,0.006903999950736761,466394,0.00762900011613965,0.00776899978518486
2021-01-04 00:00:00,0.008112999610602856,0.007400000002235174,0.007637000177055597,835223,0.008112999610602856,0.009171999990940094
2021-01-05 00:00:00,0.009390000253915787,0.007841999642550945,0.008019999600946903,1091461,0.009390000253915787,0.010002999566495419
2021-01-06 00:00:00,0.00937000010162592,0.008923999965190887,0.009390000253915787,593937,0.00937000010162592,0.00993099994957447
2021-01-07 00:00:00,0.00903599988669157,0.008485999889671803,0.00936300028115511,643470,0.00903599988669157,0.009870000183582306
2021-01-08 00:00:00,0.008631999604403973,0.008046000264585018,0.009038000367581844,451486,0.008631999604403973,0.009529000148177147
2021-01-09 00:00:00,0.008721999824047089,0.0077669997699558735,0.008628999814391136,339852,0.008721999824047089,0.009499999694526196
2021-01-10 00:00:00,0.008577999658882618,0.008190999738872051,0.008720999583601952,406884,0.008577999658882618,0.009460999630391598
2021-01-11 00:00:00,0.007832000032067299,0.0065830000676214695,0.008577000349760056,503981,0.007832000032067299,0.009180000051856041
2021-01-12 00:00:00,0.007542000152170658,0.006978999823331833,0.00783700030297041,317672,0.007542000152170658,0.008538000285625458
2021-01-13 00:00:00,0.007757000159472227,0.007211000192910433,0.007548000197857618,296810,0.007757000159472227,0.008402000181376934
2021-01-14 00:00:00,0.008472000248730183,0.007701000198721886,0.007759000174701214,369388,0.008472000248730183,0.00854399986565113
2021-01-15 00:00:00,0.008093000389635563,0.007313000038266182,0.008472999557852745,399248,0.008093000389635563,0.00875800009816885
2021-01-16 00:00:00,0.007683999836444855,0.007249000016599894,0.008093999698758125,380953,0.007683999836444855,0.008476000279188156
2021-01-17 00:00:00,0.007577999960631132,0.007017000112682581,0.007689000107347965,292644,0.007577999960631132,0.007772999815642834
2021-01-18 00:00:00,0.007631000131368637,0.007108000107109547,0.007584000006318092,421774,0.007631000131368637,0.007892999798059464
2021-01-19 00:00:00,0.0074430000968277454,0.00737700005993247,0.007625999860465527,406618,0.0074430000968277454,0.008452000096440315
2021-01-20 00:00:00,0.0073020001873373985,0.00685499981045723,0.007247000001370907,397186,0.0073020001873373985,0.007621999830007553
2021-01-21 00:00:00,0.0064050001092255116,0.006004000082612038,0.007298999931663275,357543,0.0064050001092255116,0.007315999828279018
2021-01-22 00:00:00,0.006856000050902367,0.005810000002384186,0.006399999838322401,505196,0.006856000050902367,0.007631999906152487
2021-01-23 00:00:00,0.006428999826312065,0.006178999785333872,0.00686099985614419,362004,0.006428999826312065,0.007286000065505505
2021-01-24 00:00:00,0.006512000225484371,0.006039000116288662,0.006490999832749367,335217,0.006512000225484371,0.006845000199973583
2021-01-25 00:00:00,0.006453999783843756,0.005797000136226416,0.006510999985039234,323372,0.006453999783843756,0.006775999907404184
2021-01-26 00:00:00,0.00646300008520484,0.005781999789178371,0.00646300008520484,308199,0.00646300008520484,0.006696000229567289
2021-01-27 00:00:00,0.005675999913364649,0.005673000123351812,0.0064690001308918,323769,0.005675999913364649,0.006819999776780605
2021-01-28 00:00:00,0.00634399987757206,0.00545400008559227,0.005677000153809786,384092,0.00634399987757206,0.00634399987757206
2021-01-29 00:00:00,0.007393000181764364,0.005778999999165535,0.006180999800562859,958102,0.007393000181764364,0.007683000061661005
2021-01-30 00:00:00,0.007573000155389309,0.006684000138193369,0.007400999777019024,955799,0.007573000155389309,0.007899999618530273
2021-01-31 00:00:00,0.009534000419080257,0.007153999991714954,0.007571999914944172,1110549,0.009534000419080257,0.009763999842107296
2021-02-01 00:00:00,0.009402000345289707,0.009033000096678734,0.009522000327706337,1259592,0.009402000345289707,0.009871999733150005
2021-02-02 00:00:00,0.009576000273227692,0.00927599985152483,0.009403999894857407,753110,0.009576000273227692,0.009850000031292439
2021-02-03 00:00:00,0.009750000201165676,0.009145000018179417,0.009575000032782555,713782,0.009750000201165676,0.009932000190019608
2021-02-04 00:00:00,0.011374999769032001,0.008825000375509262,0.009778999723494053,1618387,0.011374999769032001,0.011374999769032001
2021-02-05 00:00:00,0.013666000217199326,0.010439000092446804,0.011354999616742134,2994067,0.013666000217199326,0.014309000223875046
2021-02-06 00:00:00,0.01194899994879961,0.011421999894082546,0.013562999665737152,1614435,0.01194899994879961,0.013841000385582447
2021-02-07 00:00:00,0.011385999619960785,0.010642999783158302,0.01194700039923191,1088012,0.011385999619960785,0.012258999980986118
2021-02-08 00:00:00,0.01203100010752678,0.011006999760866165,0.011385999619960785,1066524,0.01203100010752678,0.012227999977767467
2021-02-09 00:00:00,0.012764999642968178,0.011250000447034836,0.012029999867081642,1901465,0.012764999642968178,0.013063999824225903
2021-02-10 00:00:00,0.0176170002669096,0.012656000442802906,0.012765999883413315,5144316,0.0176170002669096,0.018441999331116676
2021-02-11 00:00:00,0.03019700013101101,0.016439000144600868,0.017621999606490135,12329543,0.03019700013101101,0.030246999114751816
2021-02-12 00:00:00,0.03381200134754181,0.028821000829339027,0.03006099909543991,2830815,0.03381200134754181,0.04692000150680542
2021-02-13 00:00:00,0.03634500131011009,0.03355100005865097,0.034129999577999115,7720483,0.03634500131011009,0.04001300036907196
2021-02-14 00:00:00,0.032832998782396317,0.028293000534176826,0.03621400147676468,7669760,0.032832998782396317,0.036368001252412796
2021-02-15 00:00:00,0.03669799864292145,0.030491000041365623,0.03283200040459633,6934195,0.03669799864292145,0.039108000695705414
2021-02-16 00:00:00,0.03316999971866608,0.03243200108408928,0.03677599877119064,4813734,0.03316999971866608,0.03726800158619881
2021-02-17 00:00:00,0.03200199827551842,0.03028699941933155,0.03315899893641472,4979863,0.03200199827551842,0.03507300093770027
2021-02-18 00:00:00,0.03249699994921684,0.030121000483632088,0.032003000378608704,3384620,0.03249699994921684,0.03382899984717369
2021-02-19 00:00:00,0.029736999422311783,0.025534000247716904,0.032492998987436295,7228698,0.029736999422311783,0.03328600153326988
2021-02-20 00:00:00,0.027924999594688416,0.02666199952363968,0.02985999919474125,4015779,0.027924999594688416,0.0320499986410141
2021-02-21 00:00:00,0.027977999299764633,0.024746999144554138,0.027917999774217606,3511151,0.027977999299764633,0.0317160002887249
2021-02-22 00:00:00,0.0266369991004467,0.024617999792099,0.027977999299764633,3959439,0.0266369991004467,0.02888300083577633
2021-02-23 00:00:00,0.02202099934220314,0.020440999418497086,0.026633000001311302,4257819,0.02202099934220314,0.026633000001311302
2021-02-24 00:00:00,0.026274999603629112,0.021362999454140663,0.02202400006353855,3430303,0.026274999603629112,0.027355000376701355
2021-02-25 00:00:00,0.024282999336719513,0.02390800043940544,0.02627900056540966,2234835,0.024282999336719513,0.028839999809861183
2021-02-26 00:00:00,0.023770000785589218,0.023259000852704048,0.024243000894784927,2304675,0.023770000785589218,0.024508999660611153
2021-02-27 00:00:00,0.024111999198794365,0.023293999955058098,0.023771999403834343,1526841,0.024111999198794365,0.024647999554872513
2021-02-28 00:00:00,0.022345000877976418,0.02051899954676628,0.024181999266147614,2392233,0.022345000877976418,0.024694999679923058
2021-03-01 00:00:00,0.023854000493884087,0.021371999755501747,0.022336000576615334,1794690,0.023854000493884087,0.024126999080181122
2021-03-02 00:00:00,0.023107999935746193,0.022784000262618065,0.02385300025343895,2161869,0.023107999935746193,0.025200000032782555
2021-03-03 00:00:00,0.02412400022149086,0.023128999397158623,0.023128999397158623,3155268,0.02412400022149086,0.024862000718712807
2021-03-04 00:00:00,0.021994000300765038,0.02148599922657013,0.024118000641465187,2382849,0.021994000300765038,0.02454099990427494
2021-03-05 00:00:00,0.021825000643730164,0.020591000095009804,0.021921999752521515,3304836,0.021825000643730164,0.02198999933898449
2021-03-06 00:00:00,0.021949000656604767,0.021153999492526054,0.021945999935269356,1700995,0.021949000656604767,0.0222960002720356
2021-03-07 00:00:00,0.022067999467253685,0.020649999380111694,0.021971000358462334,2923797,0.022067999467253685,0.022165000438690186
2021-03-08 00:00:00,0.021276000887155533,0.020475000143051147,0.022055000066757202,2251822,0.021276000887155533,0.0221950002014637
2021-03-09 00:00:00,0.02520499937236309,0.019742999225854874,0.021282000467181206,5876273,0.02520499937236309,0.02537900023162365
2021-03-10 00:00:00,0.025875000283122063,0.02358200028538704,0.025232000276446342,5286951,0.025875000283122063,0.027233000844717026
2021-03-11 00:00:00,0.024296000599861145,0.023946000263094902,0.025868000462651253,2348819,0.024296000599861145,0.025868000462651253
2021-03-12 00:00:00,0.02363700047135353,0.023044999688863754,0.024302000179886818,2142169,0.02363700047135353,0.025049999356269836
2021-03-13 00:00:00,0.025095000863075256,0.02264999970793724,0.023567000404000282,2993141,0.025095000863075256,0.025097999721765518
2021-03-14 00:00:00,0.02500000037252903,0.024508999660611153,0.025095999240875244,3357136,0.02500000037252903,0.026796000078320503
2021-03-15 00:00:00,0.024267999455332756,0.023471999913454056,0.02498600073158741,2312237,0.024267999455332756,0.025057999417185783
2021-03-16 00:00:00,0.023492999374866486,0.02265699952840805,0.024271000176668167,2127498,0.023492999374866486,0.02433899976313114
2021-03-17 00:00:00,0.02517700009047985,0.022955000400543213,0.023435000330209732,2977935,0.02517700009047985,0.02519400045275688
2021-03-18 00:00:00,0.02617800049483776,0.025134999305009842,0.02518099918961525,1844433,0.02617800049483776,0.02988000027835369
2021-03-19 00:00:00,0.027543000876903534,0.02516300044953823,0.026180999353528023,3183813,0.027543000876903534,0.029312999919056892
2021-03-20 00:00:00,0.02961600013077259,0.027441000565886497,0.02767300046980381,4078640,0.02961600013077259,0.030401000753045082
2021-03-21 00:00:00,0.028450999408960342,0.02826699987053871,0.029596000909805298,4334763,0.028450999408960342,0.031293999403715134
2021-03-22 00:00:00,0.026827000081539154,0.02648100070655346,0.028477000072598457,2837063,0.026827000081539154,0.028828000649809837
2021-03-23 00:00:00,0.025909999385476112,0.025414999574422836,0.02682499960064888,2547449,0.025909999385476112,0.027775999158620834
2021-03-24 00:00:00,0.02416200004518032,0.024150000885128975,0.025905000045895576,2825092,0.02416200004518032,0.026590999215841293
2021-03-25 00:00:00,0.023925000801682472,0.02307399921119213,0.024241000413894653,2731324,0.023925000801682472,0.025503000244498253
2021-03-26 00:00:00,0.02529500052332878,0.02369000017642975,0.023963000625371933,1391244,0.02529500052332878,0.02544499933719635
2021-03-27 00:00:00,0.02500399947166443,0.02366200089454651,0.025273999199271202,1593517,0.02500399947166443,0.025753000751137733
2021-03-28 00:00:00,0.023986000567674637,0.023310000076889992,0.02500299923121929,1750182,0.023986000567674637,0.025817999616265297
2021-03-29 00:00:00,0.024685999378561974,0.023605000227689743,0.023987000808119774,2134347,0.024685999378561974,0.025798000395298004
2021-03-30 00:00:00,0.02762500010430813,0.024745000526309013,0.024826999753713608,3368900,0.02762500010430813,0.028815999627113342
2021-03-31 00:00:00,0.02881000004708767,0.026498999446630478,0.02765600010752678,2811765,0.02881000004708767,0.029306000098586082
2021-04-01 00:00:00,0.030768999829888344,0.028457999229431152,0.02880599908530712,4974191,0.030768999829888344,0.03215700015425682
2021-04-02 00:00:00,0.030608000233769417,0.029913000762462616,0.030751999467611313,2515972,0.030608000233769417,0.03193400055170059
2021-04-03 00:00:00,0.027360999956727028,0.027276000007987022,0.030579999089241028,2632114,0.027360999956727028,0.030863000079989433
2021-04-04 00:00:00,0.027605999261140823,0.02590700052678585,0.02733900025486946,3481691,0.027605999261140823,0.028195999562740326
2021-04-05 00:00:00,0.027835000306367874,0.02606699988245964,0.02762099914252758,2984009,0.027835000306367874,0.028713999316096306
2021-04-06 00:00:00,0.029086999595165253,0.02728400006890297,0.02788200043141842,3022465,0.029086999595165253,0.029982000589370728
2021-04-07 00:00:00,0.028099000453948975,0.02761399932205677,0.028984999284148216,3012887,0.028099000453948975,0.029743000864982605
2021-04-08 00:00:00,0.027886999770998955,0.02725899964570999,0.028061000630259514,2436517,0.027886999770998955,0.028560999780893326
2021-04-09 00:00:00,0.028085999190807343,0.027722999453544617,0.02787500061094761,1907957,0.028085999190807343,0.028876999393105507
2021-04-10 00:00:00,0.02824000082910061,0.027278000488877296,0.02812900021672249,2557421,0.02824000082910061,0.02949099987745285
2021-04-11 00:00:00,0.02863599918782711,0.027713999152183533,0.02824999950826168,1845058,0.02863599918782711,0.02895200066268444
2021-04-12 00:00:00,0.029106000438332558,0.027024000883102417,0.02863899990916252,3872533,0.029106000438332558,0.03089199960231781
2021-04-13 00:00:00,0.03134699910879135,0.02841299958527088,0.02935599908232689,2813860,0.03134699910879135,0.03134699910879135
2021-04-14 00:00:00,0.03773999959230423,0.030988000333309174,0.031318001449108124,19437310,0.03773999959230423,0.03945000097155571
2021-04-15 00:00:00,0.03946800157427788,0.03634599968791008,0.037716999650001526,9251858,0.03946800157427788,0.041189998388290405
2021-04-16 00:00:00,0.052320998162031174,0.03954299911856651,0.03965900093317032,16228679,0.052320998162031174,0.052320998162031174
2021-04-17 00:00:00,0.05982000008225441,0.048165999352931976,0.05251999944448471,26460209,0.05982000008225441,0.06370899826288223
2021-04-18 00:00:00,0.06257300078868866,0.04938799887895584,0.05991299822926521,20363291,0.06257300078868866,0.06402099877595901
2021-04-19 00:00:00,0.05355000123381615,0.052312999963760376,0.06223699823021889,15529646,0.05355000123381615,0.06332799792289734
2021-04-20 00:00:00,0.0502609983086586,0.04592999815940857,0.053683001548051834,12538821,0.0502609983086586,0.054141998291015625
2021-04-21 00:00:00,0.051552001386880875,0.04939600080251694,0.05040400102734566,12694848,0.051552001386880875,0.05657700076699257
2021-04-22 00:00:00,0.049229998141527176,0.048344001173973083,0.05150900036096573,9738054,0.049229998141527176,0.0551070012152195
2021-04-23 00:00:00,0.049883000552654266,0.03647800162434578,0.04874899983406067,18689624,0.049883000552654266,0.050873998552560806
2021-04-24 00:00:00,0.045288000255823135,0.04428299888968468,0.049890998750925064,5867044,0.045288000255823135,0.04992299899458885
2021-04-25 00:00:00,0.045882999897003174,0.04332499951124191,0.04507400095462799,3784008,0.045882999897003174,0.04723900184035301
2021-04-26 00:00:00,0.05872400104999542,0.045990001410245895,0.045990001410245895,12713061,0.05872400104999542,0.059018999338150024
2021-04-27 00:00:00,0.05812700092792511,0.05733000114560127,0.05894099920988083,6502546,0.05812700092792511,0.06197499856352806
2021-04-28 00:00:00,0.05463600158691406,0.054099999368190765,0.05825800076127052,5828665,0.05463600158691406,0.05965200066566467
2021-04-29 00:00:00,0.04841199889779091,0.047793999314308167,0.054653000086545944,7999585,0.04841199889779091,0.056418001651763916
2021-04-30 00:00:00,0.056370001286268234,0.05009600147604942,0.05009600147604942,6226359,0.056370001286268234,0.056370001286268234
2021-05-01 00:00:00,0.05826200172305107,0.05627499893307686,0.05636100098490715,4088662,0.05826200172305107,0.05910699814558029
2021-05-02 00:00:00,0.056457001715898514,0.05515599995851517,0.05812299996614456,3760335,0.056457001715898514,0.059425998479127884
2021-05-03 00:00:00,0.05830100178718567,0.056384000927209854,0.05678899958729744,5052314,0.05830100178718567,0.059303998947143555
2021-05-04 00:00:00,0.05485500022768974,0.05401400104165077,0.05832500010728836,6463881,0.05485500022768974,0.05835599824786186
2021-05-05 00:00:00,0.06105099990963936,0.05452800169587135,0.05490199849009514,10506289,0.06105099990963936,0.06285600364208221
2021-05-06 00:00:00,0.07223200052976608,0.0601160004734993,0.0610480010509491,10086395,0.07223200052976608,0.07574000209569931
2021-05-07 00:00:00,0.07205499708652496,0.07076200097799301,0.07306099683046341,17871658,0.07205499708652496,0.07739199697971344
2021-05-08 00:00:00,0.07410000264644623,0.0697769969701767,0.07226700335741043,9546069,0.07410000264644623,0.07571099698543549
2021-05-09 00:00:00,0.06978700309991837,0.0681380033493042,0.07408999651670456,9867679,0.06978700309991837,0.07436099648475647
2021-05-10 00:00:00,0.06877599656581879,0.06657300144433975,0.06983400136232376,9331597,0.06877599656581879,0.07266899943351746
2021-05-11 00:00:00,0.07071299850940704,0.06540200114250183,0.06874799728393555,6613658,0.07071299850940704,0.07194200158119202
2021-05-12 00:00:00,0.06341099739074707,0.06341099739074707,0.07070700079202652,10904317,0.06341099739074707,0.0743509978055954
2021-05-13 00:00:00,0.0628189966082573,0.0582440011203289,0.06306000053882599,11248162,0.0628189966082573,0.0670349970459938
2021-05-14 00:00:00,0.06837199628353119,0.06174200028181076,0.06259600073099136,6627260,0.06837199628353119,0.06981299817562103
2021-05-15 00:00:00,0.061567001044750214,0.061195001006126404,0.06825699657201767,4892483,0.061567001044750214,0.06954699754714966
2021-05-16 00:00:00,0.05974600091576576,0.056370001286268234,0.06152400001883507,5277504,0.05974600091576576,0.06425800174474716
2021-05-17 00:00:00,0.05621200054883957,0.05366000160574913,0.05970900133252144,6252428,0.05621200054883957,0.0599059984087944
2021-05-18 00:00:00,0.05978599935770035,0.055355001240968704,0.056331001222133636,7612250,0.05978599935770035,0.062052998691797256
2021-05-19 00:00:00,0.04580099880695343,0.040279000997543335,0.05976499989628792,13650826,0.04580099880695343,0.060582999140024185
2021-05-20 00:00:00,0.04887799918651581,0.041453998535871506,0.04582199826836586,9402506,0.04887799918651581,0.05372000113129616
2021-05-21 00:00:00,0.040692999958992004,0.03669999912381172,0.04866399988532066,9210614,0.040692999958992004,0.05059399828314781
2021-05-22 00:00:00,0.03853699937462807,0.03617800027132034,0.04070499911904335,6185558,0.03853699937462807,0.042194999754428864
2021-05-23 00:00:00,0.03142800182104111,0.025460999459028244,0.03850699961185455,11842479,0.03142800182104111,0.039069000631570816
2021-05-24 00:00:00,0.040072001516819,0.02999899908900261,0.031415000557899475,2891006,0.040072001516819,0.04069500043988228
2021-05-25 00:00:00,0.04277599975466728,0.03622199967503548,0.039882998913526535,5356909,0.04277599975466728,0.04281799867749214
2021-05-26 00:00:00,0.044776998460292816,0.04033700004220009,0.042746998369693756,13345891,0.044776998460292816,0.051725998520851135
2021-05-27 00:00:00,0.04029100015759468,0.039707001298666,0.0447859987616539,5634486,0.04029100015759468,0.04481400176882744
2021-05-28 00:00:00,0.036657001823186874,0.034671999514102936,0.0403130017220974,5271914,0.036657001823186874,0.040824998170137405
2021-05-29 00:00:00,0.03336099907755852,0.032180000096559525,0.03661400079727173,3485919,0.03336099907755852,0.037264999002218246
2021-05-30 00:00:00,0.037682998925447464,0.031971998512744904,0.0334319993853569,4984944,0.037682998925447464,0.03937999904155731
2021-05-31 00:00:00,0.037411998957395554,0.03542499989271164,0.03767000138759613,3238936,0.037411998957395554,0.03826399892568588
2021-06-01 00:00:00,0.036591000854969025,0.036194998770952225,0.03745599836111069,1477724,0.036591000854969025,0.03881299868226051
2021-06-02 00:00:00,0.03930100053548813,0.03615700080990791,0.03725999966263771,3884210,0.03930100053548813,0.03996099904179573
2021-06-03 00:00:00,0.03946699947118759,0.03818200156092644,0.0393030010163784,3581498,0.03946699947118759,0.040116000920534134
2021-06-04 00:00:00,0.039896998554468155,0.035429999232292175,0.03946800157427788,8035590,0.039896998554468155,0.04104899987578392
2021-06-05 00:00:00,0.04276899993419647,0.039778999984264374,0.039810001850128174,10887902,0.04276899993419647,0.04755299910902977
2021-06-06 00:00:00,0.04556399956345558,0.042357999831438065,0.04271399974822998,9159999,0.04556399956345558,0.047800999134778976
2021-06-07 00:00:00,0.04263399913907051,0.04263399913907051,0.04558100178837776,6885426,0.04263399913907051,0.047621000558137894
2021-06-08 00:00:00,0.05033399909734726,0.03852099925279617,0.042732998728752136,26007521,0.05033399909734726,0.05226600170135498
2021-06-09 00:00:00,0.05891599878668785,0.04949700087308884,0.050324998795986176,22405539,0.05891599878668785,0.06118899956345558
2021-06-10 00:00:00,0.07040099799633026,0.051573000848293304,0.059018999338150024,87211012,0.07040099799633026,0.07294200360774994
2021-06-11 00:00:00,0.06144599989056587,0.05996600165963173,0.07072500139474869,163255363,0.06144599989056587,0.08651000261306763
2021-06-12 00:00:00,0.05911799892783165,0.057659998536109924,0.06142999976873398,30011334,0.05911799892783165,0.06380599737167358
2021-06-13 00:00:00,0.060148000717163086,0.055247001349925995,0.05916599929332733,27283342,0.060148000717163086,0.06143200024962425
2021-06-14 00:00:00,0.0682080015540123,0.05887399986386299,0.060145001858472824,33903825,0.0682080015540123,0.0826599970459938
2021-06-15 00:00:00,0.08904600143432617,0.07687100023031235,0.08100199699401855,186995947,0.08904600143432617,0.09920399636030197
2021-06-16 00:00:00,0.10895399749279022,0.08678200095891953,0.09484100341796875,393511535,0.10895399749279022,0.1210779994726181
2021-06-17 00:00:00,0.0967629998922348,0.09286899864673615,0.10885600000619888,213580831,0.0967629998922348,0.11875300109386444
2021-06-18 00:00:00,0.08221399784088135,0.07784699648618698,0.09674599766731262,136972686,0.08221399784088135,0.10175199806690216
2021-06-19 00:00:00,0.08677999675273895,0.07555299997329712,0.08214300125837326,116589690,0.08677999675273895,0.0928800031542778
2021-06-20 00:00:00,0.0908610001206398,0.08075200021266937,0.08675999939441681,97130067,0.0908610001206398,0.09540300071239471
2021-06-21 00:00:00,0.06732399761676788,0.0637499988079071,0.0908380001783371,110513597,0.06732399761676788,0.09162600338459015
2021-06-22 00:00:00,0.06019299849867821,0.052177999168634415,0.06711500138044357,126614406,0.06019299849867821,0.07415399700403214
2021-06-23 00:00:00,0.06221099942922592,0.05851700156927109,0.06016400083899498,87980987,0.06221099942922592,0.06718699634075165
2021-06-24 00:00:00,0.06479600071907043,0.0592459999024868,0.06298500299453735,46330979,0.06479600071907043,0.06688900291919708
2021-06-25 00:00:00,0.05711299926042557,0.055459000170230865,0.06480400264263153,48909894,0.05711299926042557,0.06480400264263153
2021-06-26 00:00:00,0.05584099888801575,0.053867001086473465,0.057110998779535294,32273631,0.05584099888801575,0.058152999728918076
2021-06-27 00:00:00,0.061813998967409134,0.05564900115132332,0.0558600015938282,43787489,0.061813998967409134,0.06241700053215027
2021-06-28 00:00:00,0.05874300003051758,0.05825100094079971,0.06181599944829941,36904264,0.05874300003051758,0.0620260015130043
2021-06-29 00:00:00,0.058775998651981354,0.057043999433517456,0.058681000024080276,43168482,0.058775998651981354,0.06192899867892265
2021-06-30 00:00:00,0.057753998786211014,0.05592000111937523,0.05876300111413002,29877446,0.057753998786211014,0.05898800119757652
2021-07-01 00:00:00,0.05666299909353256,0.055904000997543335,0.05776600167155266,18300245,0.05666299909353256,0.05857599899172783
2021-07-02 00:00:00,0.05757699906826019,0.05347299948334694,0.05666400119662285,26977777,0.05757699906826019,0.0583220012485981
2021-07-03 00:00:00,0.057725999504327774,0.05640200152993202,0.05757100135087967,15454193,0.057725999504327774,0.058754999190568924
2021-07-04 00:00:00,0.055688001215457916,0.055142998695373535,0.057725999504327774,16793373,0.055688001215457916,0.05847899988293648
2021-07-05 00:00:00,0.054680999368429184,0.0542760007083416,0.05569000169634819,15954958,0.054680999368429184,0.0566289983689785
2021-07-06 00:00:00,0.05527200177311897,0.054652001708745956,0.05466800183057785,15475827,0.05527200177311897,0.056237999349832535
2021-07-07 00:00:00,0.056940000504255295,0.055041998624801636,0.055277999490499496,35475649,0.056940000504255295,0.061847999691963196
2021-07-08 00:00:00,0.055629000067710876,0.05483200028538704,0.056960999965667725,19525791,0.055629000067710876,0.05755700170993805
2021-07-09 00:00:00,0.0559610016644001,0.053362999111413956,0.05563100054860115,16873880,0.0559610016644001,0.056418001651763916
2021-07-10 00:00:00,0.054159000515937805,0.05385499820113182,0.05597100034356117,11542573,0.054159000515937805,0.056412000209093094
2021-07-11 00:00:00,0.054999999701976776,0.05397599935531616,0.05417799949645996,9905747,0.054999999701976776,0.05569799989461899
2021-07-12 00:00:00,0.05170999839901924,0.05019399896264076,0.05500800162553787,16627138,0.05170999839901924,0.05500800162553787
2021-07-13 00:00:00,0.048983000218868256,0.048448000103235245,0.0517130009829998,17129914,0.048983000218868256,0.05207600072026253
2021-07-14 00:00:00,0.05009999871253967,0.0471000000834465,0.04899200052022934,16046695,0.05009999871253967,0.05170400068163872
2021-07-15 00:00:00,0.04704400151968002,0.04629899933934212,0.05008000135421753,13874659,0.04704400151968002,0.050863999873399734
2021-07-16 00:00:00,0.04253000020980835,0.042364999651908875,0.04705600067973137,29624832,0.04253000020980835,0.047460999339818954
2021-07-17 00:00:00,0.04296199977397919,0.04022999852895737,0.04259800165891647,27367617,0.04296199977397919,0.045244000852108
2021-07-18 00:00:00,0.044895999133586884,0.042406000196933746,0.042962998151779175,23950922,0.044895999133586884,0.04738299921154976
2021-07-19 00:00:00,0.0409960001707077,0.04062800109386444,0.044950999319553375,15078720,0.0409960001707077,0.045469000935554504
2021-07-20 00:00:00,0.040132999420166016,0.03807999938726425,0.04090600088238716,20892310,0.040132999420166016,0.041331999003887177
2021-07-21 00:00:00,0.043389998376369476,0.03949199989438057,0.0401419997215271,20075533,0.043389998376369476,0.04517799988389015
2021-07-22 00:00:00,0.044123001396656036,0.04131000116467476,0.04345399886369705,19953749,0.044123001396656036,0.04428400099277496
2021-07-23 00:00:00,0.052639998495578766,0.04317399859428406,0.0440559983253479,67318219,0.052639998495578766,0.054607000201940536
2021-07-24 00:00:00,0.050439998507499695,0.049511998891830444,0.052393000572919846,24548116,0.050439998507499695,0.05287700146436691
2021-07-25 00:00:00,0.06196799874305725,0.04816000163555145,0.0504320003092289,83409185,0.06196799874305725,0.06398399919271469
2021-07-26 00:00:00,0.0684949979186058,0.06046200171113014,0.06197400018572807,249885126,0.0684949979186058,0.08601000159978867
2021-07-27 00:00:00,0.0694269984960556,0.061873000115156174,0.06848099827766418,91871670,0.0694269984960556,0.07261399924755096
2021-07-28 00:00:00,0.07714000344276428,0.0674239993095398,0.06961499899625778,85157754,0.07714000344276428,0.0777050033211708
2021-07-29 00:00:00,0.07564499974250793,0.07038400322198868,0.07714799791574478,101619555,0.07564499974250793,0.08226300030946732
2021-07-30 00:00:00,0.073062002658844,0.07024700194597244,0.0756319984793663,59983925,0.073062002658844,0.07653699815273285
2021-07-31 00:00:00,0.07299499958753586,0.0712369978427887,0.07311099767684937,35273263,0.07299499958753586,0.07466500252485275
2021-08-01 00:00:00,0.06707700341939926,0.0669189989566803,0.07246299833059311,52187890,0.06707700341939926,0.07290100306272507
2021-08-02 00:00:00,0.06619799882173538,0.06496000289916992,0.06702300161123276,40555315,0.06619799882173538,0.06943599879741669
2021-08-03 00:00:00,0.060701001435518265,0.060166001319885254,0.06624499708414078,39636088,0.060701001435518265,0.06666299700737
2021-08-04 00:00:00,0.06165799871087074,0.059317998588085175,0.06070299819111824,46292594,0.06165799871087074,0.0655369982123375
2021-08-05 00:00:00,0.05925299972295761,0.059004999697208405,0.0616459995508194,50694879,0.05925299972295761,0.06239200010895729
2021-08-06 00:00:00,0.061739999800920486,0.0586169995367527,0.05928700044751167,83311737,0.061739999800920486,0.06349799782037735
2021-08-07 00:00:00,0.06224200129508972,0.06102000176906586,0.06181899830698967,85287643,0.06224200129508972,0.067842997610569
2021-08-08 00:00:00,0.060006000101566315,0.059032998979091644,0.0622050017118454,41136684,0.060006000101566315,0.06367000192403793
2021-08-09 00:00:00,0.061059001833200455,0.05812700092792511,0.060051001608371735,45741325,0.061059001833200455,0.06254400312900543
2021-08-10 00:00:00,0.060575999319553375,0.06008699908852577,0.0610169991850853,33128390,0.060575999319553375,0.06217600032687187
2021-08-11 00:00:00,0.06134999915957451,0.06043799966573715,0.06057500094175339,73853456,0.06134999915957451,0.06809599697589874
2021-08-12 00:00:00,0.06025800108909607,0.06018399819731712,0.06110500171780586,37700588,0.06025800108909607,0.06372199952602386
2021-08-13 00:00:00,0.0626399964094162,0.06008100137114525,0.0602479986846447,41771245,0.0626399964094162,0.06425400078296661
2021-08-14 00:00:00,0.06084199994802475,0.060408998280763626,0.06263600289821625,30542175,0.06084199994802475,0.06293699890375137
2021-08-15 00:00:00,0.06026500090956688,0.05951999872922897,0.06084199994802475,29752572,0.06026500090956688,0.06202299892902374
2021-08-16 00:00:00,0.060148000717163086,0.06001799926161766,0.06023700162768364,34535927,0.060148000717163086,0.06211699917912483
2021-08-17 00:00:00,0.05795900151133537,0.05770200118422508,0.060145001858472824,29331631,0.05795900151133537,0.06101800128817558
2021-08-18 00:00:00,0.058883000165224075,0.056676000356674194,0.05796600133180618,37722740,0.058883000165224075,0.06145000085234642
2021-08-19 00:00:00,0.060380998998880386,0.057590000331401825,0.05887800082564354,28172302,0.060380998998880386,0.060805998742580414
2021-08-20 00:00:00,0.06000800058245659,0.0597199983894825,0.06038900092244148,28697669,0.06000800058245659,0.0610320009291172
2021-08-21 00:00:00,0.05971100181341171,0.05921899899840355,0.06003500148653984,28222915,0.05971100181341171,0.06036499887704849
2021-08-22 00:00:00,0.06094900146126747,0.058403998613357544,0.05970500037074089,62750705,0.06094900146126747,0.06474000215530396
2021-08-23 00:00:00,0.0679830014705658,0.06066900119185448,0.06093500182032585,193666188,0.0679830014705658,0.07520300149917603
2021-08-24 00:00:00,0.06148900091648102,0.061473000794649124,0.06789399683475494,86740382,0.06148900091648102,0.06827899813652039
2021-08-25 00:00:00,0.060993000864982605,0.05938500165939331,0.0614980012178421,49990278,0.060993000864982605,0.06332399696111679
2021-08-26 00:00:00,0.060315001755952835,0.06004000082612038,0.06099399924278259,41532402,0.060315001755952835,0.06255199760198593
2021-08-27 00:00:00,0.06029900163412094,0.05915600061416626,0.06033400073647499,40200777,0.06029900163412094,0.06094300001859665
2021-08-28 00:00:00,0.05978599935770035,0.05964000150561333,0.06030600145459175,30141788,0.05978599935770035,0.06083400174975395
2021-08-29 00:00:00,0.059140998870134354,0.05890699848532677,0.059787001460790634,26555099,0.059140998870134354,0.060401998460292816
2021-08-30 00:00:00,0.05290500074625015,0.04707099869847298,0.05913899838924408,261270037,0.05290500074625015,0.059255000203847885
2021-08-31 00:00:00,0.053185999393463135,0.0523499995470047,0.05283699929714203,99238501,0.053185999393463135,0.0565279982984066
2021-09-01 00:00:00,0.0546329990029335,0.05140500143170357,0.05317600071430206,119087491,0.0546329990029335,0.0553399994969368
2021-09-02 00:00:00,0.05825499817728996,0.05414300039410591,0.054676998406648636,86108269,0.05825499817728996,0.061455998569726944
2021-09-03 00:00:00,0.05647199973464012,0.0554330013692379,0.05825300142168999,50987371,0.05647199973464012,0.05838099867105484
2021-09-04 00:00:00,0.05519900098443031,0.055119000375270844,0.056492000818252563,41341316,0.05519900098443031,0.05739400163292885
2021-09-05 00:00:00,0.061368998140096664,0.05511099845170975,0.05519799888134003,51378294,0.061368998140096664,0.06179499998688698
2021-09-06 00:00:00,0.05914599820971489,0.058726999908685684,0.06161800026893616,55498379,0.05914599820971489,0.06184599921107292
2021-09-07 00:00:00,0.05244499817490578,0.05013500154018402,0.059140000492334366,57354791,0.05244499817490578,0.059599000960588455
2021-09-08 00:00:00,0.05585699900984764,0.051979001611471176,0.05245000123977661,60346993,0.05585699900984764,0.0576229989528656
2021-09-09 00:00:00,0.05376400053501129,0.05249499902129173,0.05381299927830696,50689338,0.05376400053501129,0.05591300129890442
2021-09-10 00:00:00,0.05101799964904785,0.05019000172615051,0.05378099903464317,37546267,0.05101799964904785,0.05553499981760979
2021-09-11 00:00:00,0.05121399834752083,0.05068400129675865,0.050898000597953796,32428274,0.05121399834752083,0.053470999002456665
2021-09-12 00:00:00,0.0512159988284111,0.05063299834728241,0.05122699961066246,25048704,0.0512159988284111,0.052459001541137695
2021-09-13 00:00:00,0.05019000172615051,0.04976699873805046,0.05120899900794029,24588849,0.05019000172615051,0.051433999091386795
2021-09-14 00:00:00,0.050140999257564545,0.050046999007463455,0.050172001123428345,19320655,0.050140999257564545,0.05090399831533432
2021-09-15 00:00:00,0.05171399936079979,0.05011200159788132,0.05011200159788132,30683903,0.05171399936079979,0.05246400088071823
2021-09-16 00:00:00,0.04934899881482124,0.04848499968647957,0.051711998879909515,32153839,0.04934899881482124,0.05173199996352196
2021-09-17 00:00:00,0.04779199883341789,0.04715399816632271,0.04938400164246559,33171571,0.04779199883341789,0.049508001655340195
2021-09-18 00:00:00,0.049295999109745026,0.047607000917196274,0.047805000096559525,20404271,0.049295999109745026,0.05067500099539757
2021-09-19 00:00:00,0.0481019988656044,0.04792400076985359,0.04930799826979637,13803253,0.0481019988656044,0.049497999250888824
2021-09-20 00:00:00,0.042263999581336975,0.04185599833726883,0.0480009987950325,38528766,0.042263999581336975,0.048461999744176865
2021-09-21 00:00:00,0.041269998997449875,0.0406620018184185,0.04223399981856346,29232885,0.041269998997449875,0.04636299982666969
2021-09-22 00:00:00,0.04723700135946274,0.04131200164556503,0.04131200164556503,26694156,0.04723700135946274,0.047655001282691956
2021-09-23 00:00:00,0.04846600070595741,0.04622200131416321,0.04724099859595299,34209592,0.04846600070595741,0.051364000886678696
2021-09-24 00:00:00,0.04589499905705452,0.04354500025510788,0.04847000166773796,21350282,0.04589499905705452,0.04868699982762337
2021-09-25 00:00:00,0.04630399867892265,0.04453299939632416,0.045896001160144806,18881453,0.04630399867892265,0.0483740009367466
2021-09-26 00:00:00,0.04634400084614754,0.04507400095462799,0.04628999903798103,14869161,0.04634400084614754,0.04755600169301033
2021-09-27 00:00:00,0.044231001287698746,0.044015999883413315,0.046303000301122665,19390811,0.044231001287698746,0.04669800028204918
2021-09-28 00:00:00,0.04303399845957756,0.04223499819636345,0.04424599930644035,24551891,0.04303399845957756,0.04478500038385391
2021-09-29 00:00:00,0.043460000306367874,0.04257199913263321,0.043032001703977585,12297546,0.043460000306367874,0.04519300162792206
2021-09-30 00:00:00,0.04870999976992607,0.04343999922275543,0.043441999703645706,32613631,0.04870999976992607,0.04968399927020073
2021-10-01 00:00:00,0.050328999757766724,0.047325000166893005,0.04862400144338608,28907731,0.050328999757766724,0.05262099951505661
2021-10-02 00:00:00,0.04981699958443642,0.04913699999451637,0.050328999757766724,17394489,0.04981699958443642,0.05111800134181976
2021-10-03 00:00:00,0.0493599995970726,0.048643000423908234,0.04980799928307533,15416016,0.0493599995970726,0.050335001200437546
2021-10-04 00:00:00,0.05317699909210205,0.04934699833393097,0.04938099905848503,37928376,0.05317699909210205,0.053307000547647476
2021-10-05 00:00:00,0.05285299941897392,0.051350001245737076,0.0532039999961853,70230735,0.05285299941897392,0.05817599967122078
2021-10-06 00:00:00,0.04906700178980827,0.04861399903893471,0.05285000056028366,36188666,0.04906700178980827,0.052981000393629074
2021-10-07 00:00:00,0.047777000814676285,0.04696900025010109,0.04908600077033043,39075148,0.047777000814676285,0.05028900131583214
2021-10-08 00:00:00,0.047446999698877335,0.04663800075650215,0.04778299853205681,24230130,0.047446999698877335,0.0483580008149147
2021-10-09 00:00:00,0.04920100048184395,0.04672100022435188,0.04749099910259247,30425540,0.04920100048184395,0.051927998661994934
2021-10-10 00:00:00,0.04729999974370003,0.04719100147485733,0.04919999837875366,18325245,0.04729999974370003,0.05023200064897537
2021-10-11 00:00:00,0.04782300069928169,0.04638899862766266,0.04729999974370003,17922976,0.04782300069928169,0.048757001757621765
2021-10-12 00:00:00,0.04533100128173828,0.04427700117230415,0.04782300069928169,27404347,0.04533100128173828,0.04807500168681145
2021-10-13 00:00:00,0.04586400091648102,0.0449489988386631,0.04533499851822853,16316438,0.04586400091648102,0.046943001449108124
2021-10-14 00:00:00,0.045820001512765884,0.045340001583099365,0.04586400091648102,17659110,0.045820001512765884,0.047958001494407654
2021-10-15 00:00:00,0.05056999996304512,0.04495299980044365,0.04581800103187561,34009642,0.05056999996304512,0.051607001572847366
2021-10-16 00:00:00,0.049688998609781265,0.04911300167441368,0.050655998289585114,58816978,0.049688998609781265,0.05364299938082695
2021-10-17 00:00:00,0.04862599819898605,0.04749299958348274,0.04970400035381317,19644631,0.04862599819898605,0.04974500089883804
2021-10-18 00:00:00,0.047481998801231384,0.04745600000023842,0.048624999821186066,21535221,0.047481998801231384,0.050126999616622925
2021-10-19 00:00:00,0.04723700135946274,0.04693799838423729,0.047481998801231384,16028707,0.04723700135946274,0.048753999173641205
2021-10-20 00:00:00,0.0491270013153553,0.04685400053858757,0.047258999198675156,18652074,0.0491270013153553,0.04965899884700775
2021-10-21 00:00:00,0.04813599959015846,0.04785599932074547,0.04908199980854988,19116270,0.04813599959015846,0.05134100094437599
2021-10-22 00:00:00,0.04859500005841255,0.04754599928855896,0.04814000055193901,14684495,0.04859500005841255,0.05014500021934509
2021-10-23 00:00:00,0.04865400120615959,0.048121001571416855,0.04863100126385689,19297889,0.04865400120615959,0.05100899934768677
2021-10-24 00:00:00,0.04736499860882759,0.04669899865984917,0.048652999103069305,23322108,0.04736499860882759,0.04899900034070015
2021-10-25 00:00:00,0.04727400094270706,0.04704900085926056,0.047359999269247055,17398732,0.04727400094270706,0.04805300012230873
2021-10-26 00:00:00,0.04650399833917618,0.04611299932003021,0.04730299860239029,29565294,0.04650399833917618,0.04790100082755089
2021-10-27 00:00:00,0.04163099825382233,0.04121199995279312,0.04650299996137619,40802428,0.04163099825382233,0.046620000153779984
2021-10-28 00:00:00,0.04507499933242798,0.04158199951052666,0.04163900017738342,42922561,0.04507499933242798,0.046845000237226486
2021-10-29 00:00:00,0.04622099921107292,0.0446540005505085,0.045131999999284744,26892154,0.04622099921107292,0.047189999371767044
2021-10-30 00:00:00,0.04521799832582474,0.044367000460624695,0.04622099921107292,27251428,0.04521799832582474,0.04720599949359894
2021-10-31 00:00:00,0.04845299944281578,0.044895000755786896,0.04524200037121773,186118498,0.04845299944281578,0.059560999274253845
2021-11-01 00:00:00,0.049240000545978546,0.0474650003015995,0.048454999923706055,58669738,0.049240000545978546,0.05113000050187111
2021-11-02 00:00:00,0.05354699864983559,0.04871499910950661,0.049233999103307724,54318085,0.05354699864983559,0.05379100143909454
2021-11-03 00:00:00,0.07145000249147415,0.052501000463962555,0.05354499816894531,405372823,0.07145000249147415,0.08102499693632126
2021-11-04 00:00:00,0.06372199952602386,0.05833499878644943,0.07177100330591202,401093395,0.06372199952602386,0.07961100339889526
2021-11-05 00:00:00,0.059595998376607895,0.058164000511169434,0.06379099935293198,150321768,0.059595998376607895,0.06993699818849564
2021-11-06 00:00:00,0.059105999767780304,0.05820700153708458,0.05937900021672249,64478942,0.059105999767780304,0.06449300050735474
2021-11-07 00:00:00,0.06465599685907364,0.056768998503685,0.05910800024867058,86276873,0.06465599685907364,0.06798499822616577
2021-11-08 00:00:00,0.06177400052547455,0.05993900075554848,0.06471599638462067,85124205,0.06177400052547455,0.06501799821853638
2021-11-09 00:00:00,0.05947300046682358,0.0585860013961792,0.061799000948667526,49119997,0.05947300046682358,0.06221200153231621
2021-11-10 00:00:00,0.05826500058174133,0.03956599906086922,0.059473998844623566,56386381,0.05826500058174133,0.06533200293779373
2021-11-11 00:00:00,0.06018099933862686,0.05672299861907959,0.05826700106263161,40421509,0.06018099933862686,0.061358001083135605
2021-11-12 00:00:00,0.05751100182533264,0.05686499923467636,0.060155000537633896,35547094,0.05751100182533264,0.06054899841547012
2021-11-13 00:00:00,0.058107998222112656,0.05646900087594986,0.05751600116491318,23543537,0.058107998222112656,0.059494998306035995
2021-11-14 00:00:00,0.057718999683856964,0.05720499902963638,0.05811399966478348,19166163,0.057718999683856964,0.05858900025486946
2021-11-15 00:00:00,0.056898001581430435,0.05606900155544281,0.05770000070333481,22383829,0.056898001581430435,0.05857900157570839
2021-11-16 00:00:00,0.05243600159883499,0.050836000591516495,0.05690599977970123,32386404,0.05243600159883499,0.05986199900507927
2021-11-17 00:00:00,0.051146000623703,0.05016300082206726,0.0522180013358593,28229630,0.051146000623703,0.05488000065088272
2021-11-18 00:00:00,0.04893900081515312,0.047453999519348145,0.05117899924516678,28938278,0.04893900081515312,0.053178999572992325
2021-11-19 00:00:00,0.05090399831533432,0.047547999769449234,0.04890799894928932,23923961,0.05090399831533432,0.052067000418901443
2021-11-20 00:00:00,0.052372001111507416,0.0508820004761219,0.05090399831533432,16291930,0.052372001111507416,0.05323300138115883
2021-11-21 00:00:00,0.05043900012969971,0.050404999405145645,0.05220299959182739,15614742,0.05043900012969971,0.0529480017721653
2021-11-22 00:00:00,0.04974900186061859,0.0490569993853569,0.05043499916791916,29948311,0.04974900186061859,0.05339200049638748
2021-11-23 00:00:00,0.07045499980449677,0.04965199902653694,0.049727000296115875,619657873,0.07045499980449677,0.07695899903774261
2021-11-24 00:00:00,0.06468799710273743,0.05744199827313423,0.07054299861192703,511417010,0.06468799710273743,0.07329100370407104
2021-11-25 00:00:00,0.06003500148653984,0.05834000185132027,0.05967500060796738,120717091,0.06003500148653984,0.06559599936008453
2021-11-26 00:00:00,0.057218998670578,0.05592299997806549,0.06129999831318855,61958270,0.057218998670578,0.06318800151348114
2021-11-27 00:00:00,0.06181199848651886,0.05693500116467476,0.05717699974775314,84339223,0.06181199848651886,0.06651899963617325
2021-11-28 00:00:00,0.06326399743556976,0.059856001287698746,0.06175699830055237,448085257,0.06326399743556976,0.07593599706888199
2021-11-29 00:00:00,0.062387000769376755,0.06233000010251999,0.0635790005326271,87648856,0.062387000769376755,0.06711100041866302
2021-11-30 00:00:00,0.06117499992251396,0.05999400094151497,0.06238900125026703,58529566,0.06117499992251396,0.06399399787187576
2021-12-01 00:00:00,0.059881001710891724,0.05813499912619591,0.060819998383522034,62342580,0.059881001710891724,0.061767999082803726
2021-12-02 00:00:00,0.057335998862981796,0.05730599910020828,0.0599530003964901,43835633,0.057335998862981796,0.060472000390291214
2021-12-03 00:00:00,0.054193999618291855,0.05368899926543236,0.05738599970936775,42907387,0.054193999618291855,0.059087999165058136
2021-12-04 00:00:00,0.052602000534534454,0.04893700033426285,0.05411500111222267,61617875,0.052602000534534454,0.05497099831700325
2021-12-05 00:00:00,0.050585001707077026,0.05006200075149536,0.0525519996881485,35570933,0.050585001707077026,0.055771999061107635
2021-12-06 00:00:00,0.05239399895071983,0.04810300096869469,0.05059099942445755,47440387,0.05239399895071983,0.054666001349687576
2021-12-07 00:00:00,0.05087700113654137,0.0504320003092289,0.05241699889302254,32325178,0.05087700113654137,0.05483299866318703
2021-12-08 00:00:00,0.05482900142669678,0.050652001053094864,0.05087500065565109,130559360,0.05482900142669678,0.06281500309705734
2021-12-09 00:00:00,0.05291200056672096,0.052487000823020935,0.054836999624967575,53109120,0.05291200056672096,0.0589740015566349
2021-12-10 00:00:00,0.05028900131583214,0.05002100020647049,0.05288799852132797,27317869,0.05028900131583214,0.05427899956703186
2021-12-11 00:00:00,0.05171399936079979,0.05005199834704399,0.05047399923205376,20986884,0.05171399936079979,0.052747998386621475
2021-12-12 00:00:00,0.052303001284599304,0.051068998873233795,0.05178400129079819,19102760,0.052303001284599304,0.052618999034166336
2021-12-13 00:00:00,0.04910799860954285,0.04808900132775307,0.05232600122690201,21597063,0.04910799860954285,0.05248500034213066
2021-12-14 00:00:00,0.049796998500823975,0.04768100008368492,0.04903300106525421,21318920,0.049796998500823975,0.05006200075149536
2021-12-15 00:00:00,0.05034400150179863,0.047283999621868134,0.04978400096297264,21642205,0.05034400150179863,0.051468998193740845
2021-12-16 00:00:00,0.048576001077890396,0.04800799861550331,0.05034700036048889,20580359,0.048576001077890396,0.050891999155282974
2021-12-17 00:00:00,0.048572998493909836,0.047164998948574066,0.04857499897480011,19676942,0.048572998493909836,0.04918700084090233
2021-12-18 00:00:00,0.04856500029563904,0.04766099900007248,0.04858599975705147,17311318,0.04856500029563904,0.04978400096297264
2021-12-19 00:00:00,0.04803000018000603,0.04766400158405304,0.04865900054574013,15151782,0.04803000018000603,0.04935099929571152
2021-12-20 00:00:00,0.04661199823021889,0.045956000685691833,0.048016998916864395,17270778,0.04661199823021889,0.04864000156521797
2021-12-21 00:00:00,0.04828900098800659,0.04600200057029724,0.046574000269174576,23068254,0.04828900098800659,0.04903699830174446
2021-12-22 00:00:00,0.05038699880242348,0.04812999814748764,0.04838399961590767,39572375,0.05038699880242348,0.05143599957227707
2021-12-23 00:00:00,0.050193000584840775,0.048395998775959015,0.050356000661849976,26740693,0.050193000584840775,0.050964001566171646
2021-12-24 00:00:00,0.049479998648166656,0.04938500002026558,0.05039599910378456,22894254,0.049479998648166656,0.051954999566078186
2021-12-25 00:00:00,0.04961499944329262,0.04934399947524071,0.04940899834036827,15169398,0.04961499944329262,0.05037099868059158
2021-12-26 00:00:00,0.050937000662088394,0.048882000148296356,0.04955499991774559,22758491,0.050937000662088394,0.05141599848866463
2021-12-27 00:00:00,0.053422000259160995,0.05042099952697754,0.050951000303030014,120323283,0.053422000259160995,0.05922200158238411
2021-12-28 00:00:00,0.0508279986679554,0.04969299957156181,0.05340699851512909,31996779,0.0508279986679554,0.05347200110554695
2021-12-29 00:00:00,0.04917699843645096,0.048836998641490936,0.05071299895644188,24712363,0.04917699843645096,0.05220000073313713
2021-12-30 00:00:00,0.04894300177693367,0.0485990010201931,0.049129001796245575,18977562,0.04894300177693367,0.05001299828290939
2021-12-31 00:00:00,0.04831999912858009,0.047899000346660614,0.04894600063562393,23927894,0.04831999912858009,0.049956001341342926
2022-01-01 00:00:00,0.0495619997382164,0.04825799912214279,0.048319000750780106,15191959,0.0495619997382164,0.04979399964213371
2022-01-02 00:00:00,0.04904299974441528,0.048930998891592026,0.049559999257326126,14065041,0.04904299974441528,0.04968399927020073
2022-01-03 00:00:00,0.05321900174021721,0.04823099821805954,0.04904099926352501,41948267,0.05321900174021721,0.05321900174021721
2022-01-04 00:00:00,0.04937300086021423,0.04929199814796448,0.0527460016310215,89667289,0.04937300086021423,0.0557049997150898
2022-01-05 00:00:00,0.04688800126314163,0.045292001217603683,0.04939800128340721,40998591,0.04688800126314163,0.05017000064253807
2022-01-06 00:00:00,0.04616300016641617,0.04460100084543228,0.04689599946141243,28863467,0.04616300016641617,0.0471699982881546
2022-01-07 00:00:00,0.04317399859428406,0.04293400049209595,0.046126000583171844,29117776,0.04317399859428406,0.04613199830055237
2022-01-08 00:00:00,0.043285999447107315,0.0415630005300045,0.04325399920344353,29189216,0.043285999447107315,0.044780001044273376
2022-01-09 00:00:00,0.04299499839544296,0.04244299978017807,0.04327600076794624,21951916,0.04299499839544296,0.04429600015282631
2022-01-10 00:00:00,0.042034000158309937,0.04071500152349472,0.04299499839544296,27081255,0.042034000158309937,0.043501999229192734
2022-01-11 00:00:00,0.04188600182533264,0.04080599918961525,0.04201899841427803,27837175,0.04188600182533264,0.04233099892735481
2022-01-12 00:00:00,0.04278099909424782,0.04145500063896179,0.04189100116491318,37241750,0.04278099909424782,0.04345399886369705
2022-01-13 00:00:00,0.040766000747680664,0.04066300019621849,0.04278000071644783,26497316,0.040766000747680664,0.04294100031256676
2022-01-14 00:00:00,0.041172999888658524,0.04032199829816818,0.040768999606370926,22244031,0.041172999888658524,0.04152299836277962
2022-01-15 00:00:00,0.04147300124168396,0.04116399958729744,0.0411669984459877,11434482,0.04147300124168396,0.0418890006840229
2022-01-16 00:00:00,0.041228998452425,0.040720999240875244,0.0414699986577034,13991692,0.041228998452425,0.041517000645399094
2022-01-17 00:00:00,0.0402120016515255,0.040042001754045486,0.04121199995279312,17599782,0.0402120016515255,0.04124100133776665
2022-01-18 00:00:00,0.038752999156713486,0.037928998470306396,0.04021099954843521,20817573,0.038752999156713486,0.04055599868297577
2022-01-19 00:00:00,0.03719399869441986,0.03694700077176094,0.03875799849629402,18610098,0.03719399869441986,0.03959599882364273
2022-01-20 00:00:00,0.035613998770713806,0.035613998770713806,0.03720499947667122,8263654,0.035613998770713806,0.038906000554561615
2022-01-21 00:00:00,0.029812000691890717,0.02860799990594387,0.03558399900794029,42251142,0.029812000691890717,0.03585899993777275
2022-01-22 00:00:00,0.02981399931013584,0.02511800080537796,0.029906999319791794,36794198,0.02981399931013584,0.03032499924302101
2022-01-23 00:00:00,0.02903199940919876,0.028429999947547913,0.02981499955058098,22791508,0.02903199940919876,0.029905999079346657
2022-01-24 00:00:00,0.027226999402046204,0.025723999366164207,0.029037000611424446,28690728,0.027226999402046204,0.02911200001835823
2022-01-25 00:00:00,0.02886199951171875,0.02657799981534481,0.027249999344348907,26859445,0.02886199951171875,0.029769999906420708
2022-01-26 00:00:00,0.02990099973976612,0.028828000649809837,0.02886500023305416,42286626,0.02990099973976612,0.034692998975515366
2022-01-27 00:00:00,0.02907099947333336,0.028581000864505768,0.029899999499320984,19434789,0.02907099947333336,0.030757000669836998
2022-01-28 00:00:00,0.03028300032019615,0.028769999742507935,0.02908100001513958,15338509,0.03028300032019615,0.030945999547839165
2022-01-29 00:00:00,0.030321000143885612,0.029819000512361526,0.030295999720692635,13380662,0.030321000143885612,0.03095499984920025
2022-01-30 00:00:00,0.029722999781370163,0.029469000175595284,0.030324000865221024,10778168,0.029722999781370163,0.030798999592661858
2022-01-31 00:00:00,0.029808999970555305,0.028372999280691147,0.029719000682234764,12684781,0.029808999970555305,0.02992199920117855
2022-02-01 00:00:00,0.03016199916601181,0.029774000868201256,0.02980099990963936,16421202,0.03016199916601181,0.03110099956393242
2022-02-02 00:00:00,0.02933499962091446,0.029176000505685806,0.03016199916601181,12879365,0.02933499962091446,0.030887000262737274
2022-02-03 00:00:00,0.029069999232888222,0.028156999498605728,0.029318999499082565,13278169,0.029069999232888222,0.029562000185251236
2022-02-04 00:00:00,0.03105900064110756,0.02887899987399578,0.029061999171972275,23634231,0.03105900064110756,0.031334999948740005
2022-02-05 00:00:00,0.031115999445319176,0.03022100031375885,0.031065000221133232,15133295,0.031115999445319176,0.03213300183415413
2022-02-06 00:00:00,0.03207999840378761,0.031029999256134033,0.031091000884771347,14790829,0.03207999840378761,0.03241899982094765
2022-02-07 00:00:00,0.03317299857735634,0.03134100139141083,0.0320810005068779,16461698,0.03317299857735634,0.033925000578165054
2022-02-08 00:00:00,0.031436000019311905,0.03060399927198887,0.03316900134086609,19378174,0.031436000019311905,0.03362699970602989
2022-02-09 00:00:00,0.03138099983334541,0.030554000288248062,0.03141099959611893,16959760,0.03138099983334541,0.031980000436306
2022-02-10 00:00:00,0.030381999909877777,0.03017600066959858,0.03138300031423569,14974298,0.030381999909877777,0.031759001314640045
2022-02-11 00:00:00,0.03311099857091904,0.029993999749422073,0.030399000272154808,139808337,0.03311099857091904,0.0372299998998642
2022-02-12 00:00:00,0.031085999682545662,0.03080100007355213,0.03310300037264824,71452124,0.031085999682545662,0.03366699814796448
2022-02-13 00:00:00,0.030121000483632088,0.030031999573111534,0.031083999201655388,15180404,0.030121000483632088,0.031224999576807022
2022-02-14 00:00:00,0.02951899915933609,0.028970999643206596,0.03012399934232235,14829774,0.02951899915933609,0.031228000298142433
2022-02-15 00:00:00,0.03092299960553646,0.029324999079108238,0.029519999399781227,15065330,0.03092299960553646,0.030969999730587006
2022-02-16 00:00:00,0.03226099908351898,0.030368000268936157,0.03091300092637539,38332031,0.03226099908351898,0.033546000719070435
2022-02-17 00:00:00,0.029898999258875847,0.029701000079512596,0.032253000885248184,18311230,0.029898999258875847,0.032253000885248184
2022-02-18 00:00:00,0.029265999794006348,0.029178999364376068,0.02991499938070774,11675635,0.029265999794006348,0.03060699999332428
2022-02-19 00:00:00,0.028836000710725784,0.02845500037074089,0.029256999492645264,11339589,0.028836000710725784,0.029954999685287476
2022-02-20 00:00:00,0.02723800018429756,0.0270990002900362,0.028832999989390373,10200381,0.02723800018429756,0.028909999877214432
2022-02-21 00:00:00,0.025777999311685562,0.0257750004529953,0.02724600024521351,14419229,0.025777999311685562,0.028718000277876854
2022-02-22 00:00:00,0.02663400024175644,0.024447999894618988,0.0257750004529953,17124215,0.02663400024175644,0.026652999222278595
2022-02-23 00:00:00,0.02596599981188774,0.025915000587701797,0.026635000482201576,9872407,0.02596599981188774,0.027915000915527344
2022-02-24 00:00:00,0.026259999722242355,0.021705999970436096,0.025956999510526657,33672693,0.026259999722242355,0.026776999235153198
2022-02-25 00:00:00,0.029335999861359596,0.02613699994981289,0.02625799924135208,42664850,0.029335999861359596,0.02992900088429451
2022-02-26 00:00:00,0.02844800055027008,0.028436999768018723,0.029342999681830406,11680484,0.02844800055027008,0.029505999758839607
2022-02-27 00:00:00,0.026875000447034836,0.026770999655127525,0.02844499982893467,11513907,0.026875000447034836,0.028807999566197395
2022-02-28 00:00:00,0.029239000752568245,0.02664100006222725,0.026876000687479973,14340624,0.029239000752568245,0.029381999745965004
2022-03-01 00:00:00,0.028814999386668205,0.028602000325918198,0.029229000210762024,20754501,0.028814999386668205,0.02947000041604042
2022-03-02 00:00:00,0.028348999097943306,0.02805499918758869,0.02881000004708767,14104404,0.028348999097943306,0.0292930006980896
2022-03-03 00:00:00,0.02754800021648407,0.027149999514222145,0.028349999338388443,26574041,0.02754800021648407,0.029742000624537468
2022-03-04 00:00:00,0.02664400078356266,0.02629699930548668,0.02754800021648407,12470032,0.02664400078356266,0.02754800021648407
2022-03-05 00:00:00,0.026937000453472137,0.026489999145269394,0.026645999401807785,11930871,0.026937000453472137,0.027546999976038933
2022-03-06 00:00:00,0.02615099959075451,0.02612300030887127,0.026951000094413757,11021563,0.02615099959075451,0.02701999992132187
2022-03-07 00:00:00,0.024973999708890915,0.024709999561309814,0.026148999109864235,17092511,0.024973999708890915,0.02638299949467182
2022-03-08 00:00:00,0.024966999888420105,0.024847999215126038,0.024972999468445778,12219484,0.024966999888420105,0.026083000004291534
2022-03-09 00:00:00,0.025973999872803688,0.024952000007033348,0.024968000128865242,16564566,0.025973999872803688,0.02683199942111969
2022-03-10 00:00:00,0.025808999314904213,0.024682000279426575,0.02597000077366829,24502683,0.025808999314904213,0.026995999738574028
2022-03-11 00:00:00,0.024721000343561172,0.024633999913930893,0.02580999955534935,14781938,0.024721000343561172,0.02580999955534935
2022-03-12 00:00:00,0.02476399950683117,0.02471799962222576,0.02472200058400631,8744455,0.02476399950683117,0.025658000260591507
2022-03-13 00:00:00,0.024410000070929527,0.02440200001001358,0.024759000167250633,13945635,0.024410000070929527,0.025239000096917152
2022-03-14 00:00:00,0.024663999676704407,0.024196000769734383,0.024410000070929527,10918466,0.024663999676704407,0.02506599947810173
2022-03-15 00:00:00,0.024546999484300613,0.024184999987483025,0.02465200051665306,12569901,0.024546999484300613,0.025054000318050385
2022-03-16 00:00:00,0.02520200051367283,0.024421000853180885,0.02455100044608116,12307408,0.02520200051367283,0.025276999920606613
2022-03-17 00:00:00,0.025025999173521996,0.02497600018978119,0.025203000754117966,8187624,0.025025999173521996,0.025436999276280403
2022-03-18 00:00:00,0.025143999606370926,0.024522999301552773,0.02502400055527687,10928978,0.025143999606370926,0.025350000709295273
2022-03-19 00:00:00,0.026975000277161598,0.02513599954545498,0.02514900080859661,28081723,0.026975000277161598,0.027388999238610268
2022-03-20 00:00:00,0.0255149994045496,0.025502000004053116,0.026991000398993492,16097990,0.0255149994045496,0.027147000655531883
2022-03-21 00:00:00,0.02613300085067749,0.025279000401496887,0.025515999644994736,34177787,0.02613300085067749,0.026582999154925346
2022-03-22 00:00:00,0.026427000761032104,0.026133999228477478,0.026133999228477478,43231087,0.026427000761032104,0.027675999328494072
2022-03-23 00:00:00,0.02675200067460537,0.02631399966776371,0.026429999619722366,20429140,0.02675200067460537,0.02711999975144863
2022-03-24 00:00:00,0.027029000222682953,0.026491999626159668,0.026758000254631042,22665490,0.027029000222682953,0.027225999161601067
2022-03-25 00:00:00,0.026124000549316406,0.02605300024151802,0.027016999199986458,17317425,0.026124000549316406,0.02731199935078621
2022-03-26 00:00:00,0.026393000036478043,0.025918999686837196,0.026134999468922615,9186765,0.026393000036478043,0.026531999930739403
2022-03-27 00:00:00,0.027716999873518944,0.026364000514149666,0.026384999975562096,21105980,0.027716999873518944,0.027758000418543816
2022-03-28 00:00:00,0.027171000838279724,0.027171000838279724,0.027722999453544617,25471927,0.027171000838279724,0.028271999210119247
2022-03-29 00:00:00,0.027286000549793243,0.026861999183893204,0.027155999094247818,16137704,0.027286000549793243,0.027861999347805977
2022-03-30 00:00:00,0.02765199914574623,0.027191000059247017,0.02729400061070919,16777521,0.02765199914574623,0.02795499935746193
2022-03-31 00:00:00,0.027034999802708626,0.02703000046312809,0.02765199914574623,31960132,0.027034999802708626,0.02917500026524067
2022-04-01 00:00:00,0.027408000081777573,0.026575999334454536,0.027034999802708626,18966778,0.027408000081777573,0.027739999815821648
2022-04-02 00:00:00,0.02752700075507164,0.027224000543355942,0.02739799953997135,24892829,0.02752700075507164,0.028302999213337898
2022-04-03 00:00:00,0.027867000550031662,0.02725600078701973,0.027535999193787575,25210022,0.027867000550031662,0.028272999450564384
2022-04-04 00:00:00,0.028293000534176826,0.02729099988937378,0.027862999588251114,44025529,0.028293000534176826,0.029837999492883682
2022-04-05 00:00:00,0.02733900025486946,0.02732199989259243,0.028293000534176826,21603880,0.02733900025486946,0.028866000473499298
2022-04-06 00:00:00,0.025169000029563904,0.025167999789118767,0.027340000495314598,22445513,0.025169000029563904,0.027369000017642975
2022-04-07 00:00:00,0.025388000532984734,0.025015000253915787,0.025167999789118767,14743244,0.025388000532984734,0.025689000263810158
2022-04-08 00:00:00,0.024483000859618187,0.024344999343156815,0.025388000532984734,13054592,0.024483000859618187,0.025635000318288803
2022-04-09 00:00:00,0.025081999599933624,0.02428700029850006,0.024484999477863312,9795666,0.025081999599933624,0.02513599954545498
2022-04-10 00:00:00,0.02465900033712387,0.024529000744223595,0.025081999599933624,10227227,0.02465900033712387,0.025154000148177147
2022-04-11 00:00:00,0.022752000018954277,0.02258400060236454,0.024646999314427376,17718491,0.022752000018954277,0.02486499957740307
2022-04-12 00:00:00,0.023250000551342964,0.02263999916613102,0.02275400049984455,12650424,0.023250000551342964,0.023876000195741653
2022-04-13 00:00:00,0.023416999727487564,0.023000000044703484,0.02324499934911728,13124591,0.023416999727487564,0.02367600053548813
2022-04-14 00:00:00,0.02252800017595291,0.022456999868154526,0.023405000567436218,11103575,0.02252800017595291,0.023730000481009483
2022-04-15 00:00:00,0.022556999698281288,0.02237899973988533,0.02252900041639805,8008614,0.022556999698281288,0.022760000079870224
2022-04-16 00:00:00,0.022645000368356705,0.022489000111818314,0.022557999938726425,6293130,0.022645000368356705,0.022825000807642937
2022-04-17 00:00:00,0.022244999185204506,0.02223699912428856,0.022648999467492104,6615860,0.022244999185204506,0.02275799959897995
2022-04-18 00:00:00,0.021678000688552856,0.021020999178290367,0.022247999906539917,14702528,0.021678000688552856,0.0223619993776083
2022-04-19 00:00:00,0.02222299948334694,0.021679000928997993,0.02167999930679798,9088917,0.02222299948334694,0.02227500081062317
2022-04-20 00:00:00,0.0227230004966259,0.02195899933576584,0.022224999964237213,19971518,0.0227230004966259,0.023097999393939972
2022-04-21 00:00:00,0.02442000061273575,0.021921999752521515,0.02273000031709671,30971123,0.02442000061273575,0.02462800033390522
2022-04-22 00:00:00,0.022735999897122383,0.022735999897122383,0.02440200001001358,53901415,0.022735999897122383,0.02440200001001358
2022-04-23 00:00:00,0.02210400067269802,0.02202799916267395,0.022734999656677246,19166892,0.02210400067269802,0.022942999377846718
2022-04-24 00:00:00,0.02172599919140339,0.021635999903082848,0.022103000432252884,10747150,0.02172599919140339,0.022346999496221542
2022-04-25 00:00:00,0.02167000062763691,0.021175000816583633,0.021726999431848526,35765871,0.02167000062763691,0.02319199964404106
2022-04-26 00:00:00,0.021098000928759575,0.02062400057911873,0.02167399972677231,19619987,0.021098000928759575,0.02217400074005127
2022-04-27 00:00:00,0.021587999537587166,0.020774999633431435,0.021104000508785248,21658573,0.021587999537587166,0.022381000220775604
2022-04-28 00:00:00,0.020906999707221985,0.020837999880313873,0.021588999778032303,14586968,0.020906999707221985,0.021942999213933945
2022-04-29 00:00:00,0.02039399929344654,0.020030999556183815,0.02090200036764145,16212909,0.02039399929344654,0.021053999662399292
2022-04-30 00:00:00,0.0194109994918108,0.019392000511288643,0.020410999655723572,13122923,0.0194109994918108,0.020577000454068184
2022-05-01 00:00:00,0.01926399953663349,0.01889999955892563,0.01940999925136566,12178232,0.01926399953663349,0.01966799981892109
2022-05-02 00:00:00,0.018619000911712646,0.018386000767350197,0.019259000197052956,11013738,0.018619000911712646,0.019440999254584312
2022-05-03 00:00:00,0.018146999180316925,0.01808900013566017,0.018619999289512634,10962310,0.018146999180316925,0.018758000805974007
2022-05-04 00:00:00,0.01936499960720539,0.01813100092113018,0.018147999420762062,14079341,0.01936499960720539,0.01968899928033352
2022-05-05 00:00:00,0.017883000895380974,0.017746999859809875,0.019375000149011612,12387901,0.017883000895380974,0.019471999257802963
2022-05-06 00:00:00,0.01800600066781044,0.01761000044643879,0.017883000895380974,10710951,0.01800600066781044,0.018278999254107475
2022-05-07 00:00:00,0.017851000651717186,0.017785999923944473,0.017998000606894493,9023186,0.017851000651717186,0.018238000571727753
2022-05-08 00:00:00,0.017784999683499336,0.017760999500751495,0.017849000170826912,9829945,0.017784999683499336,0.018008999526500702
2022-05-09 00:00:00,0.01350099965929985,0.01334800012409687,0.01779099926352501,30958597,0.01350099965929985,0.017872000113129616
2022-05-10 00:00:00,0.013396999798715115,0.013217000290751457,0.013473999686539173,19333494,0.013396999798715115,0.01488099992275238
2022-05-11 00:00:00,0.010576000437140465,0.010374999605119228,0.013402000069618225,19883976,0.010576000437140465,0.013597999699413776
2022-05-12 00:00:00,0.012098999693989754,0.00991200003772974,0.010584999807178974,29121728,0.012098999693989754,0.012280999682843685
2022-05-13 00:00:00,0.013566000387072563,0.011970000341534615,0.012090999633073807,27713059,0.013566000387072563,0.014519000425934792
2022-05-14 00:00:00,0.013802999630570412,0.012829000130295753,0.013554000295698643,16105088,0.013802999630570412,0.014082999899983406
2022-05-15 00:00:00,0.01421900000423193,0.012984000146389008,0.013798999600112438,12706699,0.01421900000423193,0.014313999563455582
2022-05-16 00:00:00,0.013806000351905823,0.013011000119149685,0.01422099955379963,15389300,0.013806000351905823,0.014239000156521797
2022-05-17 00:00:00,0.01413199957460165,0.013671999797224998,0.01380900014191866,17407272,0.01413199957460165,0.014347000047564507
2022-05-18 00:00:00,0.01331700012087822,0.01317100040614605,0.01413199957460165,16002746,0.01331700012087822,0.014333000406622887
2022-05-19 00:00:00,0.013751000165939331,0.013117999769747257,0.013315999880433083,11601478,0.013751000165939331,0.01386099960654974
2022-05-20 00:00:00,0.013151000253856182,0.013000000268220901,0.013748999685049057,11417874,0.013151000253856182,0.013860000297427177
2022-05-21 00:00:00,0.013318999670445919,0.012930000200867653,0.013151000253856182,7752046,0.013318999670445919,0.013326999731361866
2022-05-22 00:00:00,0.013330000452697277,0.013011000119149685,0.013318999670445919,7595334,0.013330000452697277,0.013411000370979309
2022-05-23 00:00:00,0.01295000035315752,0.012869000434875488,0.01332399994134903,30635627,0.01295000035315752,0.013596000149846077
2022-05-24 00:00:00,0.013271000236272812,0.012777999974787235,0.01295199990272522,16212604,0.013271000236272812,0.013838999904692173
2022-05-25 00:00:00,0.01285099983215332,0.012848000042140484,0.013268000446259975,11304604,0.01285099983215332,0.013535000383853912
2022-05-26 00:00:00,0.012395000085234642,0.01224599964916706,0.01285099983215332,9178541,0.012395000085234642,0.012954000383615494
2022-05-27 00:00:00,0.011471999809145927,0.011455999687314034,0.012377000413835049,9638861,0.011471999809145927,0.012377000413835049
2022-05-28 00:00:00,0.011700999923050404,0.011446000076830387,0.011781999841332436,5958709,0.011700999923050404,0.011873999610543251
2022-05-29 00:00:00,0.011837000027298927,0.011512000113725662,0.011704999953508377,5347707,0.011837000027298927,0.011934000067412853
2022-05-30 00:00:00,0.012620000168681145,0.011757999658584595,0.01183599978685379,9633149,0.012620000168681145,0.0126740001142025
2022-05-31 00:00:00,0.012505000457167625,0.012032999657094479,0.012613999657332897,9921828,0.012505000457167625,0.01269800029695034
2022-06-01 00:00:00,0.012028999626636505,0.011858999729156494,0.012504000216722488,13851412,0.012028999626636505,0.012648000381886959
2022-06-02 00:00:00,0.011881999671459198,0.011469000019133091,0.012027000077068806,15029532,0.011881999671459198,0.012032000347971916
2022-06-03 00:00:00,0.011412999592721462,0.011250000447034836,0.011889000423252583,10334707,0.011412999592721462,0.011932999826967716
2022-06-04 00:00:00,0.011495999991893768,0.011249000206589699,0.0114120002835989,8870452,0.011495999991893768,0.011978000402450562
2022-06-05 00:00:00,0.01146399974822998,0.011354999616742134,0.011495999991893768,6362475,0.01146399974822998,0.011638999916613102
2022-06-06 00:00:00,0.011869000270962715,0.01145699992775917,0.011459999717772007,8452729,0.011869000270962715,0.011874999850988388
2022-06-07 00:00:00,0.011587999761104584,0.011297999881207943,0.011869000270962715,8352594,0.011587999761104584,0.011873000301420689
2022-06-08 00:00:00,0.011137999594211578,0.011130999773740768,0.011587000451982021,8397853,0.011137999594211578,0.011605000123381615
2022-06-09 00:00:00,0.011141999624669552,0.011057999916374683,0.01114100031554699,4556745,0.011141999624669552,0.011343000456690788
2022-06-10 00:00:00,0.010966000147163868,0.010883999988436699,0.011140000075101852,5951091,0.010966000147163868,0.011381000280380249
2022-06-11 00:00:00,0.010456000454723835,0.010445999912917614,0.010968999937176704,4460773,0.010456000454723835,0.011118999682366848
2022-06-12 00:00:00,0.010135999880731106,0.010006999596953392,0.010464999824762344,6861149,0.010135999880731106,0.01067699957638979
2022-06-13 00:00:00,0.009069999679923058,0.008987000212073326,0.010125000029802322,13362565,0.009069999679923058,0.010250999592244625
2022-06-14 00:00:00,0.009794999845325947,0.008693999610841274,0.009069000370800495,9259942,0.009794999845325947,0.009806999936699867
2022-06-15 00:00:00,0.009771999903023243,0.008820000104606152,0.009789999574422836,8412328,0.009771999903023243,0.009840999729931355
2022-06-16 00:00:00,0.00878200028091669,0.008772999979555607,0.009762000292539597,5943872,0.00878200028091669,0.009856999851763248
2022-06-17 00:00:00,0.008964000269770622,0.00878200028091669,0.008782999590039253,5267614,0.008964000269770622,0.00930199958384037
2022-06-18 00:00:00,0.008504999801516533,0.007930000312626362,0.008960999548435211,6039002,0.008504999801516533,0.009073000401258469
2022-06-19 00:00:00,0.008945000357925892,0.008232999593019485,0.008504999801516533,6302897,0.008945000357925892,0.009212999604642391
2022-06-20 00:00:00,0.009056000038981438,0.008615000173449516,0.008946999907493591,6532406,0.009056000038981438,0.009278000332415104
2022-06-21 00:00:00,0.009088999591767788,0.008938999846577644,0.009053999558091164,5808842,0.009088999591767788,0.009421000257134438
2022-06-22 00:00:00,0.009475000202655792,0.008736000396311283,0.009088000282645226,6956074,0.009475000202655792,0.009491000324487686
2022-06-23 00:00:00,0.009294000454246998,0.009025000035762787,0.009482000023126602,7619384,0.009294000454246998,0.009630000218749046
2022-06-24 00:00:00,0.009422999806702137,0.00914200022816658,0.009294000454246998,8335203,0.009422999806702137,0.009701999835669994
2022-06-25 00:00:00,0.009383000433444977,0.00930199958384037,0.009424000047147274,5135205,0.009383000433444977,0.009584999643266201
2022-06-26 00:00:00,0.00914399977773428,0.00914399977773428,0.009383000433444977,6447121,0.00914399977773428,0.009549000300467014
2022-06-27 00:00:00,0.009002000093460083,0.008990000002086163,0.009139999747276306,5512485,0.009002000093460083,0.009410000406205654
2022-06-28 00:00:00,0.00878200028091669,0.008754000067710876,0.008999999612569809,4698682,0.00878200028091669,0.009123999625444412
2022-06-29 00:00:00,0.008551999926567078,0.00854399986565113,0.008782999590039253,4836997,0.008551999926567078,0.008879000321030617
2022-06-30 00:00:00,0.010041000321507454,0.008340000174939632,0.008554000407457352,97456057,0.010041000321507454,0.01471600029617548
2022-07-01 00:00:00,0.009499999694526196,0.00945299956947565,0.01006300002336502,47247355,0.009499999694526196,0.01116000022739172
2022-07-02 00:00:00,0.009135999716818333,0.009052000008523464,0.009492999874055386,10428899,0.009135999716818333,0.009523999877274036
2022-07-03 00:00:00,0.009247999638319016,0.009000999853014946,0.00913000013679266,16419670,0.009247999638319016,0.010037999600172043
2022-07-04 00:00:00,0.009390000253915787,0.00903599988669157,0.009229999966919422,6729475,0.009390000253915787,0.009456999599933624
2022-07-05 00:00:00,0.009108999744057655,0.008976000361144543,0.00938900001347065,6946327,0.009108999744057655,0.009411999955773354
2022-07-06 00:00:00,0.009127999655902386,0.009031999856233597,0.009109999984502792,5588820,0.009127999655902386,0.009201999753713608
2022-07-07 00:00:00,0.009316000156104565,0.009092000313103199,0.009127999655902386,8082951,0.009316000156104565,0.00940600037574768
2022-07-08 00:00:00,0.009211000055074692,0.009073999710381031,0.009309999644756317,5985245,0.009211000055074692,0.009445000439882278
2022-07-09 00:00:00,0.009140999987721443,0.009120999835431576,0.009201999753713608,5078295,0.009140999987721443,0.009328000247478485
2022-07-10 00:00:00,0.009158999659121037,0.009084000252187252,0.009140999987721443,9384899,0.009158999659121037,0.009583000093698502
2022-07-11 00:00:00,0.008844000287353992,0.008743000216782093,0.0091559998691082,4977881,0.008844000287353992,0.0091559998691082
2022-07-12 00:00:00,0.008778000250458717,0.00876300036907196,0.008841999806463718,8721514,0.008778000250458717,0.009127999655902386
2022-07-13 00:00:00,0.008870000019669533,0.008520999923348427,0.008778000250458717,6845247,0.008870000019669533,0.008942999877035618
2022-07-14 00:00:00,0.008950999937951565,0.008627000264823437,0.00887100026011467,5889119,0.008950999937951565,0.008988000452518463
2022-07-15 00:00:00,0.00903599988669157,0.00887999963015318,0.008952000178396702,5818368,0.00903599988669157,0.009211000055074692
2022-07-16 00:00:00,0.009066999889910221,0.00890900008380413,0.009037000127136707,4938215,0.009066999889910221,0.009240999817848206
2022-07-17 00:00:00,0.008925000205636024,0.008925000205636024,0.009064000099897385,5020090,0.008925000205636024,0.009247000329196453
2022-07-18 00:00:00,0.009267999790608883,0.008923999965190887,0.008929000236093998,7184792,0.009267999790608883,0.009282000362873077
2022-07-19 00:00:00,0.009469999931752682,0.009092999622225761,0.009266000241041183,12015225,0.009469999931752682,0.009858000092208385
2022-07-20 00:00:00,0.009398999623954296,0.009233999997377396,0.009469999931752682,22458045,0.009398999623954296,0.010583000257611275
2022-07-21 00:00:00,0.009233999997377396,0.009115000255405903,0.009397000074386597,9555528,0.009233999997377396,0.009442999958992004
2022-07-22 00:00:00,0.008965999819338322,0.008929000236093998,0.009232000447809696,7926417,0.008965999819338322,0.009430999867618084
2022-07-23 00:00:00,0.009077000431716442,0.008855000138282776,0.008961999788880348,4786646,0.009077000431716442,0.0091559998691082
2022-07-24 00:00:00,0.008992999792098999,0.008914999663829803,0.009076000191271305,4713467,0.008992999792098999,0.00915099959820509
2022-07-25 00:00:00,0.0084610003978014,0.008450999855995178,0.008988999761641026,7623159,0.0084610003978014,0.009192000143229961
2022-07-26 00:00:00,0.008341999724507332,0.00816699955612421,0.008457999676465988,6198939,0.008341999724507332,0.008484000340104103
2022-07-27 00:00:00,0.008566999807953835,0.008142000064253807,0.008352000266313553,8519368,0.008566999807953835,0.008682000450789928
2022-07-28 00:00:00,0.008921000175178051,0.008565000258386135,0.008565000258386135,7772781,0.008921000175178051,0.009007999673485756
2022-07-29 00:00:00,0.008914000354707241,0.008721999824047089,0.008923999965190887,6876455,0.008914000354707241,0.009092000313103199
2022-07-30 00:00:00,0.008990000002086163,0.00889699999243021,0.008913000114262104,8188685,0.008990000002086163,0.009352000430226326
2022-07-31 00:00:00,0.009100000374019146,0.008964000269770622,0.0089910002425313,6564101,0.009100000374019146,0.009403999894857407
2022-08-01 00:00:00,0.008457000367343426,0.008314000442624092,0.009092999622225761,11334626,0.008457000367343426,0.009197000414133072
2022-08-02 00:00:00,0.008383000269532204,0.008104000240564346,0.008452000096440315,13348091,0.008383000269532204,0.008542999625205994
2022-08-03 00:00:00,0.008189000189304352,0.00817199982702732,0.008383999578654766,9110403,0.008189000189304352,0.008466999977827072
2022-08-04 00:00:00,0.008190999738872051,0.00812700018286705,0.008190000429749489,7210278,0.008190999738872051,0.008379999548196793
2022-08-05 00:00:00,0.00841899961233139,0.008093000389635563,0.008191999979317188,7461508,0.00841899961233139,0.008426000364124775
2022-08-06 00:00:00,0.008334999904036522,0.008332000114023685,0.008418000303208828,5467237,0.008334999904036522,0.008462999947369099
2022-08-07 00:00:00,0.008376000449061394,0.008262000046670437,0.008333999663591385,4796002,0.008376000449061394,0.008462999947369099
2022-08-08 00:00:00,0.008369999937713146,0.008337999694049358,0.008376999758183956,6315983,0.008369999937713146,0.008488999679684639
2022-08-09 00:00:00,0.008236999623477459,0.008093999698758125,0.00836899969726801,6369275,0.008236999623477459,0.00839800015091896
2022-08-10 00:00:00,0.008352000266313553,0.008107000030577183,0.008237999863922596,6312503,0.008352000266313553,0.008409000001847744
2022-08-11 00:00:00,0.00834800023585558,0.008314999751746655,0.008349999785423279,8629075,0.00834800023585558,0.008522000163793564
2022-08-12 00:00:00,0.00837200041860342,0.00829199980944395,0.008346999995410442,13418025,0.00837200041860342,0.008717999793589115
2022-08-13 00:00:00,0.008302000351250172,0.00826799962669611,0.008369999937713146,7647072,0.008302000351250172,0.00853000022470951
2022-08-14 00:00:00,0.00825200043618679,0.008213000372052193,0.008310000412166119,10015741,0.00825200043618679,0.00849200040102005
2022-08-15 00:00:00,0.008245999924838543,0.008132999762892723,0.008251000195741653,6298699,0.008245999924838543,0.008324000053107738
2022-08-16 00:00:00,0.00825200043618679,0.008158000186085701,0.008237999863922596,5103533,0.00825200043618679,0.008290999568998814
2022-08-17 00:00:00,0.007942000404000282,0.007938999682664871,0.008252999745309353,6134207,0.007942000404000282,0.008287999778985977
2022-08-18 00:00:00,0.007660999894142151,0.007652999833226204,0.007939999923110008,5524989,0.007660999894142151,0.008023000322282314
2022-08-19 00:00:00,0.007029999978840351,0.007025000173598528,0.007654000073671341,7639968,0.007029999978840351,0.007656000088900328
2022-08-20 00:00:00,0.00711200013756752,0.007027999963611364,0.007027999963611364,4340410,0.00711200013756752,0.0073640001937747
2022-08-21 00:00:00,0.007184999994933605,0.007108999881893396,0.00711299991235137,3034103,0.007184999994933605,0.007311000023037195
2022-08-22 00:00:00,0.0069670001976192,0.006850999779999256,0.007184999994933605,4526047,0.0069670001976192,0.007189000025391579
2022-08-23 00:00:00,0.007075000088661909,0.006837000139057636,0.006974999792873859,6372078,0.007075000088661909,0.007412999868392944
2022-08-24 00:00:00,0.007048000115901232,0.006928999908268452,0.007075000088661909,13714720,0.007048000115901232,0.007600000128149986
2022-08-25 00:00:00,0.007044999860227108,0.006972000002861023,0.007044000085443258,6062232,0.007044999860227108,0.007164999842643738
2022-08-26 00:00:00,0.006572999991476536,0.006554999854415655,0.007062000222504139,4704792,0.006572999991476536,0.007069000042974949
2022-08-27 00:00:00,0.00661499984562397,0.0065310001373291016,0.006577999796718359,3451750,0.00661499984562397,0.006705999840050936
2022-08-28 00:00:00,0.006446999963372946,0.006424999795854092,0.006616000086069107,4058304,0.006446999963372946,0.006616000086069107
2022-08-29 00:00:00,0.00648299977183342,0.0062489998526871204,0.006434999871999025,5179713,0.00648299977183342,0.006486999802291393
2022-08-30 00:00:00,0.0061900001019239426,0.006111999973654747,0.006484000012278557,4658390,0.0061900001019239426,0.006498999893665314
2022-08-31 00:00:00,0.006202000193297863,0.006186000071465969,0.006186000071465969,5040404,0.006202000193297863,0.006430999841541052
2022-09-01 00:00:00,0.006171999964863062,0.00609199982136488,0.006202000193297863,4224739,0.006171999964863062,0.0062489998526871204
2022-09-02 00:00:00,0.006025000009685755,0.005996000021696091,0.006171000190079212,7025523,0.006025000009685755,0.006173999980092049
2022-09-03 00:00:00,0.006014000158756971,0.005985999945551157,0.006022000219672918,4344135,0.006014000158756971,0.006113000214099884
2022-09-04 00:00:00,0.006053000222891569,0.005996000021696091,0.006016999948769808,3193905,0.006053000222891569,0.006074999924749136
2022-09-05 00:00:00,0.00599699979647994,0.005950000137090683,0.006053000222891569,3840475,0.00599699979647994,0.0061090001836419106
2022-09-06 00:00:00,0.005566000007092953,0.005559000186622143,0.0059980000369250774,7139461,0.005566000007092953,0.006068999879062176
2022-09-07 00:00:00,0.005594000220298767,0.005431000143289566,0.005547999870032072,6512543,0.005594000220298767,0.005750000011175871
2022-09-08 00:00:00,0.005654999986290932,0.005481999833136797,0.00558600015938282,7168563,0.005654999986290932,0.005694999825209379
2022-09-09 00:00:00,0.00583899999037385,0.005654000211507082,0.005661000031977892,7100231,0.00583899999037385,0.005876000039279461
2022-09-10 00:00:00,0.005934000015258789,0.005758999846875668,0.005836999975144863,4195519,0.005934000015258789,0.005936000030487776
2022-09-11 00:00:00,0.006593000143766403,0.005921000149101019,0.005934000015258789,88525017,0.006593000143766403,0.008337999694049358
2022-09-12 00:00:00,0.006215000059455633,0.006006999872624874,0.006593999918550253,18426844,0.006215000059455633,0.006663000211119652
2022-09-13 00:00:00,0.005628000013530254,0.005559000186622143,0.006213999819010496,9793581,0.005628000013530254,0.006213999819010496
2022-09-14 00:00:00,0.005613999906927347,0.005450999829918146,0.00559900002554059,6256289,0.005613999906927347,0.005793999880552292
2022-09-15 00:00:00,0.005413999781012535,0.0053449999541044235,0.005615000147372484,14312833,0.005413999781012535,0.006140999961644411
2022-09-16 00:00:00,0.0053090001456439495,0.00522099994122982,0.0054259998723864555,7125310,0.0053090001456439495,0.005504999775439501
2022-09-17 00:00:00,0.005442999769002199,0.0053079999051988125,0.005311999935656786,4553406,0.005442999769002199,0.0055149998515844345
2022-09-18 00:00:00,0.005024000070989132,0.004898000042885542,0.005444999784231186,7720892,0.005024000070989132,0.00546600017696619
2022-09-19 00:00:00,0.005026999861001968,0.004885000176727772,0.005026000086218119,9301992,0.005026999861001968,0.005305999889969826
2022-09-20 00:00:00,0.004871000070124865,0.004861999768763781,0.005026999861001968,8315527,0.004871000070124865,0.005032000131905079
2022-09-21 00:00:00,0.004860000219196081,0.004790999926626682,0.0048699998296797276,15175995,0.004860000219196081,0.005431999918073416
2022-09-22 00:00:00,0.00495699979364872,0.00483699981123209,0.004861999768763781,4644501,0.00495699979364872,0.005042000208050013
2022-09-23 00:00:00,0.005009999964386225,0.0048940000124275684,0.004958000034093857,3728705,0.005009999964386225,0.0050650001503527164
2022-09-24 00:00:00,0.004935000091791153,0.004920999985188246,0.005009999964386225,2739639,0.004935000091791153,0.005009999964386225
2022-09-25 00:00:00,0.004796000197529793,0.004776000045239925,0.004933999851346016,2656165,0.004796000197529793,0.004999999888241291
2022-09-26 00:00:00,0.004891000222414732,0.00471699982881546,0.004794000182300806,2900832,0.004891000222414732,0.004891000222414732
2022-09-27 00:00:00,0.004844000097364187,0.004736999981105328,0.004891999997198582,6607715,0.004844000097364187,0.004989999812096357
2022-09-28 08:54:00,0.004732822068035603,0.004731370601803064,0.004846006631851196,5897914,0.004732822068035603,0.004860465414822102
