timestamp,adjclose,open,low,volume,high,close
2021-03-17 00:00:00,3.3968520164489746,3.473701000213623,2.857445001602173,10008290,3.473701000213623,3.3968520164489746
2021-03-18 00:00:00,5.936767101287842,3.393760919570923,3.365717887878418,17665114,6.007326126098633,5.936767101287842
2021-03-19 00:00:00,7.111313819885254,5.995308876037598,5.918935775756836,54825307,8.308771133422852,7.111313819885254
2021-03-20 00:00:00,6.654911994934082,7.110393047332764,6.552404880523682,15497248,7.135727882385254,6.654911994934082
2021-03-21 00:00:00,6.3485870361328125,6.654943943023682,5.8471360206604,16021411,6.656946182250977,6.3485870361328125
2021-03-22 00:00:00,6.312686920166016,6.347217082977295,6.3078460693359375,14309023,6.83733606338501,6.312686920166016
2021-03-23 00:00:00,5.705480098724365,6.313354969024658,5.681811809539795,7881125,6.322653770446777,5.705480098724365
2021-03-24 00:00:00,4.982859134674072,5.705967903137207,4.973182201385498,8540462,5.705967903137207,4.982859134674072
2021-03-25 00:00:00,4.407820224761963,4.983224868774414,4.405817031860352,6041932,5.000171184539795,4.407820224761963
2021-03-26 00:00:00,4.823196887969971,4.4076619148254395,4.328146934509277,9864676,4.880299091339111,4.823196887969971
2021-03-27 00:00:00,4.7138237953186035,4.823975086212158,4.706639766693115,5415045,4.8349080085754395,4.7138237953186035
2021-03-28 00:00:00,4.57077693939209,4.714044094085693,4.493173122406006,5244857,4.724249839782715,4.57077693939209
2021-03-29 00:00:00,4.788397789001465,4.570393085479736,4.542914867401123,6089723,4.849123001098633,4.788397789001465
2021-03-30 00:00:00,4.809210777282715,4.787549018859863,4.772644996643066,5176367,4.820345878601074,4.809210777282715
2021-03-31 00:00:00,4.64850378036499,4.8095221519470215,4.64788293838501,4114114,4.812475204467773,4.64850378036499
2021-04-01 00:00:00,4.478342056274414,4.648403167724609,4.436859130859375,6023932,4.667247772216797,4.478342056274414
2021-04-02 00:00:00,4.457550048828125,4.478353977203369,4.420242786407471,4771838,4.490668773651123,4.457550048828125
2021-04-03 00:00:00,4.197528839111328,4.45802116394043,4.166553974151611,6801973,4.597957134246826,4.197528839111328
2021-04-04 00:00:00,4.004461765289307,4.194827079772949,3.936479091644287,4909485,4.203918933868408,4.004461765289307
2021-04-05 00:00:00,4.619710922241211,4.003879070281982,3.9000558853149414,9970680,4.714855194091797,4.619710922241211
2021-04-06 00:00:00,4.944726943969727,4.617068767547607,4.495931148529053,9754969,5.020126819610596,4.944726943969727
2021-04-07 00:00:00,4.992000102996826,4.940864086151123,4.908456802368164,9047379,5.293004989624023,4.992000102996826
2021-04-08 00:00:00,5.15967321395874,4.992533206939697,4.9825439453125,5028116,5.190372943878174,5.15967321395874
2021-04-09 00:00:00,5.282924175262451,5.160768032073975,5.155765056610107,9353259,5.4969801902771,5.282924175262451
2021-04-10 00:00:00,5.109364032745361,5.283578872680664,5.08090877532959,5208795,5.296230792999268,5.109364032745361
2021-04-11 00:00:00,5.1688032150268555,5.108977794647217,5.075301170349121,6053750,5.245596885681152,5.1688032150268555
2021-04-12 00:00:00,4.960297107696533,5.1682538986206055,4.960297107696533,6925038,5.201746940612793,4.960297107696533
2021-04-13 00:00:00,5.091707229614258,4.960509777069092,4.738582134246826,9198109,5.129537105560303,5.091707229614258
2021-04-14 00:00:00,5.147768020629883,5.091616153717041,4.985222816467285,7268494,5.17679500579834,5.147768020629883
2021-04-15 00:00:00,5.582942962646484,5.1480231285095215,5.124104976654053,7181740,5.693813800811768,5.582942962646484
2021-04-16 00:00:00,5.480865955352783,5.582396984100342,5.366147041320801,6289482,5.65162992477417,5.480865955352783
2021-04-17 00:00:00,5.585590839385986,5.478761196136475,5.390207767486572,6204533,5.621397018432617,5.585590839385986
2021-04-18 00:00:00,4.9036078453063965,5.588315963745117,4.8639678955078125,8319849,5.589943885803223,4.9036078453063965
2021-04-19 00:00:00,4.917123794555664,4.900381088256836,4.8273468017578125,7835975,5.010921955108643,4.917123794555664
2021-04-20 00:00:00,4.873302936553955,4.915830135345459,4.751993179321289,6486423,4.915830135345459,4.873302936553955
2021-04-21 00:00:00,5.143524169921875,4.871614933013916,4.757816791534424,9240324,5.318583965301514,5.143524169921875
2021-04-22 00:00:00,5.045792102813721,5.150940895080566,5.045792102813721,5304052,5.2121429443359375,5.045792102813721
2021-04-23 00:00:00,4.934990882873535,5.043015003204346,4.866272926330566,5727296,5.043015003204346,4.934990882873535
2021-04-24 00:00:00,4.938106060028076,4.937439918518066,4.8625102043151855,3747411,4.971836090087891,4.938106060028076
2021-04-25 00:00:00,5.197268009185791,4.937014102935791,4.932568073272705,7140548,5.274825096130371,5.197268009185791
2021-04-26 00:00:00,5.163895130157471,5.1944379806518555,5.142842769622803,5006237,5.250667095184326,5.163895130157471
2021-04-27 00:00:00,5.291798114776611,5.163133144378662,5.157279968261719,5290411,5.331690788269043,5.291798114776611
2021-04-28 00:00:00,5.242234230041504,5.290523052215576,5.192796230316162,4785914,5.298431873321533,5.242234230041504
2021-04-29 00:00:00,5.3360161781311035,5.239617824554443,5.2049970626831055,5150842,5.3837761878967285,5.3360161781311035
2021-04-30 00:00:00,5.991583824157715,5.336557865142822,5.316644191741943,12370000,5.991583824157715,5.991583824157715
2021-05-01 00:00:00,5.931171894073486,5.991331100463867,5.85011100769043,7096637,5.991738796234131,5.931171894073486
2021-05-02 00:00:00,5.936657905578613,5.930784225463867,5.861403942108154,4857441,5.96430778503418,5.936657905578613
2021-05-03 00:00:00,5.979219913482666,5.936788082122803,5.767471790313721,9040420,5.980648040771484,5.979219913482666
2021-05-04 00:00:00,5.9248948097229,5.9832539558410645,5.831195831298828,16343430,6.422749996185303,5.9248948097229
2021-05-05 00:00:00,5.7840070724487305,5.92356014251709,5.781163215637207,5850801,5.951581001281738,5.7840070724487305
2021-05-06 00:00:00,5.719212055206299,5.7826409339904785,5.710866928100586,5192957,5.834259033203125,5.719212055206299
2021-05-07 00:00:00,5.636491775512695,5.719057083129883,5.610547065734863,5666763,5.7342329025268555,5.636491775512695
2021-05-08 00:00:00,5.499520778656006,5.636839866638184,5.485650062561035,3457880,5.63824987411499,5.499520778656006
2021-05-09 00:00:00,5.520687103271484,5.49753999710083,5.475572109222412,3835840,5.5461201667785645,5.520687103271484
2021-05-10 00:00:00,5.386411190032959,5.51724100112915,5.370067119598389,5967660,5.585881233215332,5.386411190032959
2021-05-11 00:00:00,5.405163764953613,5.38765287399292,5.334342002868652,3980307,5.4124908447265625,5.405163764953613
2021-05-12 00:00:00,5.623562812805176,5.405506134033203,5.39446496963501,8238255,5.844834804534912,5.623562812805176
2021-05-13 00:00:00,5.369582176208496,5.632009983062744,5.368346214294434,6905415,5.632009983062744,5.369582176208496
2021-05-14 00:00:00,5.390353202819824,5.360742092132568,5.358273983001709,5395500,5.409360885620117,5.390353202819824
2021-05-15 00:00:00,5.2602081298828125,5.391139984130859,5.256319999694824,5601520,5.412138938903809,5.2602081298828125
2021-05-16 00:00:00,5.252029895782471,5.258338928222656,5.208829879760742,5319268,5.26964807510376,5.252029895782471
2021-05-17 00:00:00,4.962090969085693,5.2516350746154785,4.960114002227783,5603722,5.2584028244018555,4.962090969085693
2021-05-18 00:00:00,4.947527885437012,4.9624857902526855,4.9217000007629395,5912644,5.036602020263672,4.947527885437012
2021-05-19 00:00:00,4.222487926483154,4.94791316986084,4.22117805480957,13932504,5.02797794342041,4.222487926483154
2021-05-20 00:00:00,4.308722972869873,4.22170877456665,3.9582419395446777,11883174,4.416872024536133,4.308722972869873
2021-05-21 00:00:00,3.874752998352051,4.308815002441406,3.846242904663086,9263255,4.313439846038818,3.874752998352051
2021-05-22 00:00:00,3.661423921585083,3.8742189407348633,3.6584489345550537,7913902,3.8838210105895996,3.661423921585083
2021-05-23 00:00:00,2.589932918548584,3.660818099975586,2.5590639114379883,12031622,3.695261001586914,2.589932918548584
2021-05-24 00:00:00,2.6925320625305176,2.5901238918304443,2.558316946029663,9062346,2.8613269329071045,2.6925320625305176
2021-05-25 00:00:00,2.7150518894195557,2.6913979053497314,2.629573106765747,5726866,2.773935079574585,2.7150518894195557
2021-05-26 00:00:00,2.7679500579833984,2.7148630619049072,2.6462440490722656,7470400,2.819711923599243,2.7679500579833984
2021-05-27 00:00:00,2.915579080581665,2.7673730850219727,2.711371898651123,7007042,3.007399082183838,2.915579080581665
2021-05-28 00:00:00,2.8181240558624268,2.9104340076446533,2.774683952331543,6292921,2.93034291267395,2.8181240558624268
2021-05-29 00:00:00,2.7449629306793213,2.818100929260254,2.729762077331543,5453337,2.853637933731079,2.7449629306793213
2021-05-30 00:00:00,2.7417221069335938,2.7450311183929443,2.721782922744751,4452826,2.789863109588623,2.7417221069335938
2021-05-31 00:00:00,2.733146905899048,2.7420260906219482,2.7128870487213135,4895354,2.7769689559936523,2.733146905899048
2021-06-01 00:00:00,2.7222518920898438,2.7334110736846924,2.6916449069976807,4777401,2.743901014328003,2.7222518920898438
2021-06-02 00:00:00,2.7165849208831787,2.722548007965088,2.7150490283966064,4513790,2.757193088531494,2.7165849208831787
2021-06-03 00:00:00,2.7328789234161377,2.7170889377593994,2.6956429481506348,5220696,2.7424840927124023,2.7328789234161377
2021-06-04 00:00:00,2.6682190895080566,2.733098030090332,2.653614044189453,5754154,2.733098030090332,2.6682190895080566
2021-06-05 00:00:00,2.619904041290283,2.668018102645874,2.606549024581909,6057275,2.6850569248199463,2.619904041290283
2021-06-06 00:00:00,2.6241559982299805,2.6194589138031006,2.6041409969329834,4802724,2.6600329875946045,2.6241559982299805
2021-06-07 00:00:00,2.6948819160461426,2.624936103820801,2.581721067428589,7389279,2.831773042678833,2.6948819160461426
2021-06-08 00:00:00,2.9301860332489014,2.6957919597625732,2.652431011199951,9626725,2.9625120162963867,2.9301860332489014
2021-06-09 00:00:00,2.884951114654541,2.928952932357788,2.857172966003418,7049771,2.9923629760742188,2.884951114654541
2021-06-10 00:00:00,2.891855001449585,2.8847670555114746,2.8706560134887695,4510552,2.902733087539673,2.891855001449585
2021-06-11 00:00:00,2.843803882598877,2.8919310569763184,2.8418331146240234,4351874,2.8958189487457275,2.843803882598877
2021-06-12 00:00:00,2.8129489421844482,2.8434910774230957,2.796056032180786,4353670,2.8491430282592773,2.8129489421844482
2021-06-13 00:00:00,2.7734270095825195,2.8133199214935303,2.7435200214385986,5287704,2.813847064971924,2.7734270095825195
2021-06-14 00:00:00,2.8250648975372314,2.773574113845825,2.7399139404296875,5217048,2.845196008682251,2.8250648975372314
2021-06-15 00:00:00,2.7615349292755127,2.74603009223938,2.707473039627075,5184788,2.7713570594787598,2.7615349292755127
2021-06-16 00:00:00,2.6984379291534424,2.726396083831787,2.693276882171631,3922951,2.7272748947143555,2.6984379291534424
2021-06-17 00:00:00,2.6910738945007324,2.698151111602783,2.6820271015167236,4095954,2.7041850090026855,2.6910738945007324
2021-06-18 00:00:00,2.7057321071624756,2.691314935684204,2.6894569396972656,4010562,2.709273099899292,2.7057321071624756
2021-06-19 00:00:00,2.673492908477783,2.705997943878174,2.6728389263153076,4049264,2.713473081588745,2.673492908477783
2021-06-20 00:00:00,2.627302885055542,2.6730940341949463,2.6243860721588135,4307856,2.6840860843658447,2.627302885055542
2021-06-21 00:00:00,2.4019980430603027,2.627155065536499,2.400989055633545,6552018,2.6291420459747314,2.4019980430603027
2021-06-22 00:00:00,2.313441038131714,2.401761054992676,2.2946670055389404,4753067,2.4203081130981445,2.313441038131714
2021-06-23 00:00:00,2.5155599117279053,2.3133699893951416,2.300122022628784,7115857,2.5526540279388428,2.5155599117279053
2021-06-24 00:00:00,2.5186378955841064,2.5267999172210693,2.5186378955841064,6610728,2.6865389347076416,2.5186378955841064
2021-06-25 00:00:00,2.4790101051330566,2.5191800594329834,2.473905086517334,4730341,2.6661429405212402,2.4790101051330566
2021-06-26 00:00:00,2.441404104232788,2.475382089614868,2.4333391189575195,4683874,2.5407888889312744,2.441404104232788
2021-06-27 00:00:00,2.4551639556884766,2.4410030841827393,2.4200520515441895,4055637,2.536853075027466,2.4551639556884766
2021-06-28 00:00:00,2.442380905151367,2.4549028873443604,2.441143035888672,5147840,2.483489990234375,2.442380905151367
2021-06-29 00:00:00,2.4193389415740967,2.4422049522399902,2.4067959785461426,3264916,2.4719200134277344,2.4193389415740967
2021-06-30 00:00:00,2.330979108810425,2.4191040992736816,2.3271889686584473,4267267,2.4214820861816406,2.330979108810425
2021-07-01 00:00:00,2.2903690338134766,2.3316280841827393,2.280700922012329,3156067,2.337959051132202,2.2903690338134766
2021-07-02 00:00:00,2.26413893699646,2.290482997894287,2.2517518997192383,3277662,2.2973461151123047,2.26413893699646
2021-07-03 00:00:00,2.2318429946899414,2.2640230655670166,2.2195780277252197,4017862,2.3247599601745605,2.2318429946899414
2021-07-04 00:00:00,2.215162992477417,2.2316949367523193,2.1993179321289062,2359196,2.2316949367523193,2.215162992477417
2021-07-05 00:00:00,2.203097105026245,2.2153780460357666,2.183720111846924,3354008,2.2188239097595215,2.203097105026245
2021-07-06 00:00:00,2.22816801071167,2.202881097793579,2.1834020614624023,4054564,2.2606379985809326,2.22816801071167
2021-07-07 00:00:00,2.2158939838409424,2.228346109390259,2.1977388858795166,4799348,2.2587289810180664,2.2158939838409424
2021-07-08 00:00:00,2.142025947570801,2.2167930603027344,2.133665084838867,4745794,2.2172040939331055,2.142025947570801
2021-07-09 00:00:00,2.117630958557129,2.1418070793151855,2.101905107498169,3417944,2.1481409072875977,2.117630958557129
2021-07-10 00:00:00,2.1325860023498535,2.1161820888519287,2.1007540225982666,3199098,2.1390750408172607,2.1325860023498535
2021-07-11 00:00:00,2.1355390548706055,2.1324000358581543,2.126986026763916,2993169,2.1639370918273926,2.1355390548706055
2021-07-12 00:00:00,2.0560100078582764,2.1355440616607666,2.0526649951934814,3312095,2.1433920860290527,2.0560100078582764
2021-07-13 00:00:00,2.046173095703125,2.0559639930725098,2.0214691162109375,2804290,2.0568621158599854,2.046173095703125
2021-07-14 00:00:00,1.9792859554290771,2.0458900928497314,1.972864031791687,3306978,2.049870014190674,1.9792859554290771
2021-07-15 00:00:00,1.9652090072631836,1.9797099828720093,1.9646209478378296,2212821,1.9932700395584106,1.9652090072631836
2021-07-16 00:00:00,1.9229170083999634,1.9647979736328125,1.9095510244369507,2907334,1.969959020614624,1.9229170083999634
2021-07-17 00:00:00,1.8929250240325928,1.922829031944275,1.8892170190811157,2831477,1.9233540296554565,1.8929250240325928
2021-07-18 00:00:00,1.8941140174865723,1.893051028251648,1.8849799633026123,2238241,1.9129339456558228,1.8941140174865723
2021-07-19 00:00:00,1.8310739994049072,1.8940290212631226,1.8310229778289795,3097571,1.9001599550247192,1.8310739994049072
2021-07-20 00:00:00,1.7978359460830688,1.8310070037841797,1.7978359460830688,2727773,1.8386340141296387,1.7978359460830688
2021-07-21 00:00:00,1.7733490467071533,1.7978609800338745,1.7669750452041626,3275745,1.8159379959106445,1.7733490467071533
2021-07-22 00:00:00,1.7486259937286377,1.773352026939392,1.7429560422897339,2726470,1.7777760028839111,1.7486259937286377
2021-07-23 00:00:00,1.7566449642181396,1.7485979795455933,1.746345043182373,2508284,1.7863969802856445,1.7566449642181396
2021-07-24 00:00:00,1.7815320491790771,1.7566269636154175,1.7566269636154175,3386487,1.8260819911956787,1.7815320491790771
2021-07-25 00:00:00,1.7325459718704224,1.7815120220184326,1.7235339879989624,3518255,1.7867059707641602,1.7325459718704224
2021-07-26 00:00:00,1.7261619567871094,1.7324949502944946,1.7261619567871094,4415346,1.7754149436950684,1.7261619567871094
2021-07-27 00:00:00,1.7104769945144653,1.7263309955596924,1.7103559970855713,3311227,1.7263649702072144,1.7104769945144653
2021-07-28 00:00:00,1.729485034942627,1.710468053817749,1.7067409753799438,3774018,1.7762190103530884,1.729485034942627
2021-07-29 00:00:00,1.7648730278015137,1.72953200340271,1.7238999605178833,3723190,1.7693140506744385,1.7648730278015137
2021-07-30 00:00:00,1.7738440036773682,1.7647449970245361,1.7647449970245361,5071237,1.8330090045928955,1.7738440036773682
2021-07-31 00:00:00,1.8261439800262451,1.7736380100250244,1.773285984992981,3838111,1.8261679410934448,1.8261439800262451
2021-08-01 00:00:00,1.7957340478897095,1.825942039489746,1.792691946029663,2312473,1.827157974243164,1.7957340478897095
2021-08-02 00:00:00,1.8345890045166016,1.7957559823989868,1.7913140058517456,2850416,1.8366140127182007,1.8345890045166016
2021-08-03 00:00:00,1.9162369966506958,1.8344999551773071,1.8300169706344604,3770802,1.9162369966506958,1.9162369966506958
2021-08-04 00:00:00,2.079511880874634,1.9154609441757202,1.901561975479126,5848915,2.0855209827423096,2.079511880874634
2021-08-05 00:00:00,2.0181450843811035,2.079464912414551,2.0079920291900635,2571018,2.079464912414551,2.0181450843811035
2021-08-06 00:00:00,2.0397698879241943,2.018033027648926,2.014029026031494,3812255,2.0968270301818848,2.0397698879241943
2021-08-07 00:00:00,2.085603952407837,2.039940118789673,2.0358030796051025,4765229,2.1509900093078613,2.085603952407837
2021-08-08 00:00:00,1.9891860485076904,2.0850980281829834,1.9883849620819092,4942752,2.0928590297698975,1.9891860485076904
2021-08-09 00:00:00,2.415710926055908,1.9894449710845947,1.9576870203018188,6758159,2.4164159297943115,2.415710926055908
2021-08-10 00:00:00,2.4315619468688965,2.4157519340515137,2.36735200881958,7736617,2.471587896347046,2.4315619468688965
2021-08-11 00:00:00,2.4350409507751465,2.4317679405212402,2.422877073287964,5687077,2.4959280490875244,2.4350409507751465
2021-08-12 00:00:00,2.418483018875122,2.4350650310516357,2.355012893676758,7272108,2.4502429962158203,2.418483018875122
2021-08-13 00:00:00,2.4463589191436768,2.4181079864501953,2.3831210136413574,5567379,2.447834014892578,2.4463589191436768
2021-08-14 00:00:00,2.5014050006866455,2.4467570781707764,2.4274559020996094,4281509,2.514746904373169,2.5014050006866455
2021-08-15 00:00:00,2.4892020225524902,2.500545024871826,2.4436450004577637,4286382,2.5124120712280273,2.4892020225524902
2021-08-16 00:00:00,2.62314510345459,2.489223003387451,2.477475881576538,10483888,2.700632095336914,2.62314510345459
2021-08-17 00:00:00,2.843691110610962,2.623065948486328,2.60916805267334,15911437,3.028791904449463,2.843691110610962
2021-08-18 00:00:00,3.0362260341644287,2.843372106552124,2.790437936782837,12318977,3.091154098510742,3.0362260341644287
2021-08-19 00:00:00,3.5706799030303955,3.036689043045044,3.036475896835327,20408360,3.726483106613159,3.5706799030303955
2021-08-20 00:00:00,3.4526820182800293,3.570164918899536,3.451564073562622,9797152,3.593127965927124,3.4526820182800293
2021-08-21 00:00:00,3.241431951522827,3.452862024307251,3.2371609210968018,8459968,3.454538106918335,3.241431951522827
2021-08-22 00:00:00,3.120532989501953,3.241183042526245,3.104443073272705,6255938,3.254517078399658,3.120532989501953
2021-08-23 00:00:00,3.116170883178711,3.1195900440216064,3.0909430980682373,7338555,3.1870439052581787,3.116170883178711
2021-08-24 00:00:00,3.2377450466156006,3.1167399883270264,3.106261968612671,9438203,3.343924045562744,3.2377450466156006
2021-08-25 00:00:00,3.18717098236084,3.2371559143066406,3.13110089302063,7371276,3.2568140029907227,3.18717098236084
2021-08-26 00:00:00,2.9503989219665527,3.1874659061431885,2.950021982192993,7276043,3.1874659061431885,2.9503989219665527
2021-08-27 00:00:00,3.011147975921631,2.9506731033325195,2.9306249618530273,6119740,3.041243076324463,3.011147975921631
2021-08-28 00:00:00,3.182159900665283,3.0111730098724365,3.0111730098724365,8551646,3.218174934387207,3.182159900665283
2021-08-29 00:00:00,3.2029409408569336,3.1840660572052,3.1531460285186768,5478063,3.2304720878601074,3.2029409408569336
2021-08-30 00:00:00,3.1891400814056396,3.2029290199279785,3.1100969314575195,8401220,3.3317220211029053,3.1891400814056396
2021-08-31 00:00:00,3.087682008743286,3.1888511180877686,3.0473198890686035,6442911,3.1962859630584717,3.087682008743286
2021-09-01 00:00:00,3.2890100479125977,3.093580961227417,3.087369918823242,10623101,3.36653995513916,3.2890100479125977
2021-09-02 00:00:00,3.3155651092529297,3.2897510528564453,3.2241370677948,8348585,3.3463099002838135,3.3155651092529297
2021-09-03 00:00:00,3.352931022644043,3.314884901046753,3.2768030166625977,7543173,3.390697956085205,3.352931022644043
2021-09-04 00:00:00,3.261838912963867,3.3504419326782227,3.2376389503479004,5651934,3.371929883956909,3.261838912963867
2021-09-05 00:00:00,3.2864561080932617,3.257904052734375,3.2339138984680176,4787558,3.289494037628174,3.2864561080932617
2021-09-06 00:00:00,3.2488420009613037,3.2901740074157715,3.2097818851470947,6084317,3.307760000228882,3.2488420009613037
2021-09-07 00:00:00,2.566335916519165,3.2491729259490967,2.524061918258667,37486788,3.3651249408721924,2.566335916519165
2021-09-08 00:00:00,2.864600896835327,2.566335916519165,2.5615010261535645,26350612,2.8959429264068604,2.864600896835327
2021-09-09 00:00:00,2.8889150619506836,2.886615037918091,2.8508360385894775,12220286,3.007128953933716,2.8889150619506836
2021-09-10 00:00:00,3.3838961124420166,2.8887059688568115,2.887166976928711,34600392,3.3921399116516113,3.3838961124420166
2021-09-11 00:00:00,3.7421720027923584,3.3839240074157715,3.3839240074157715,27551267,3.805864095687866,3.7421720027923584
2021-09-12 00:00:00,3.8924899101257324,3.7378671169281006,3.7312400341033936,18467649,4.00048303604126,3.8924899101257324
2021-09-13 00:00:00,3.656773090362549,3.8921730518341064,3.511467933654785,27597198,3.950666904449463,3.656773090362549
2021-09-14 00:00:00,4.400949001312256,3.65641188621521,3.6455039978027344,51935854,4.40322208404541,4.400949001312256
2021-09-15 00:00:00,4.045960903167725,4.401529788970947,4.045960903167725,37280588,4.466296195983887,4.045960903167725
2021-09-16 00:00:00,3.750575065612793,4.050034999847412,3.728811025619507,27315596,4.0518717765808105,3.750575065612793
2021-09-17 00:00:00,3.6102778911590576,3.7506039142608643,3.566291093826294,19295424,3.806878089904785,3.6102778911590576
2021-09-18 00:00:00,3.785123109817505,3.6109321117401123,3.603219985961914,12066392,3.8014919757843018,3.785123109817505
2021-09-19 00:00:00,3.5820019245147705,3.785278081893921,3.5820019245147705,12374979,3.785278081893921,3.5820019245147705
2021-09-20 00:00:00,2.8016579151153564,3.5801589488983154,2.7434890270233154,53631204,3.5801589488983154,2.8016579151153564
2021-09-21 00:00:00,2.691215991973877,2.802428960800171,2.6840829849243164,20816784,2.9136741161346436,2.691215991973877
2021-09-22 00:00:00,3.107635974884033,2.6911919116973877,2.687753915786743,25325520,3.110330104827881,3.107635974884033
2021-09-23 00:00:00,2.98736310005188,3.109647035598755,2.9613420963287354,21576337,3.1499691009521484,2.98736310005188
2021-09-24 00:00:00,3.1184699535369873,2.9864308834075928,2.816267967224121,24761409,3.156869888305664,3.1184699535369873
2021-09-25 00:00:00,3.1062309741973877,3.1200389862060547,3.0620861053466797,11601862,3.1256699562072754,3.1062309741973877
2021-09-26 00:00:00,3.033608913421631,3.105860948562622,2.996140956878662,14053964,3.153954029083252,3.033608913421631
2021-09-27 00:00:00,2.9848499298095703,3.033703088760376,2.9718151092529297,9693100,3.0631630420684814,2.9848499298095703
2021-09-28 00:00:00,2.7627100944519043,2.9839980602264404,2.7627100944519043,14767014,2.996279001235962,2.7627100944519043
2021-09-29 00:00:00,2.763856887817383,2.7595889568328857,2.716639995574951,13699900,2.83194899559021,2.763856887817383
2021-09-30 00:00:00,3.0570108890533447,2.763946056365967,2.754554033279419,26050234,3.1140849590301514,3.0570108890533447
2021-10-01 00:00:00,3.1350109577178955,3.0585598945617676,3.057481050491333,12469719,3.1772539615631104,3.1350109577178955
2021-10-02 00:00:00,3.266226053237915,3.1360530853271484,3.1316208839416504,10197684,3.284132957458496,3.266226053237915
2021-10-03 00:00:00,3.307356119155884,3.263727903366089,3.2464609146118164,15408119,3.455673933029175,3.307356119155884
2021-10-04 00:00:00,3.4162869453430176,3.307004928588867,3.28090500831604,12706094,3.471492052078247,3.4162869453430176
2021-10-05 00:00:00,3.325342893600464,3.4170899391174316,3.3160719871520996,9336151,3.4170899391174316,3.325342893600464
2021-10-06 00:00:00,3.24216890335083,3.323755979537964,3.1889610290527344,8942898,3.3260819911956787,3.24216890335083
2021-10-07 00:00:00,3.272365093231201,3.2421610355377197,3.1867549419403076,9354455,3.32224702835083,3.272365093231201
2021-10-08 00:00:00,3.1405301094055176,3.2726891040802,3.1272120475769043,7929395,3.2770791053771973,3.1405301094055176
2021-10-09 00:00:00,3.108186960220337,3.140791893005371,3.0832009315490723,7451807,3.1871800422668457,3.108186960220337
2021-10-10 00:00:00,3.00821590423584,3.1074399948120117,3.0032570362091064,6823039,3.1101620197296143,3.00821590423584
2021-10-11 00:00:00,2.8813979625701904,3.0086240768432617,2.85890793800354,8175518,3.0123109817504883,2.8813979625701904
2021-10-12 00:00:00,2.8174679279327393,2.882150888442993,2.8153669834136963,3402822,2.88462495803833,2.8174679279327393
2021-10-13 00:00:00,2.810683012008667,2.8184680938720703,2.6989030838012695,5139144,2.849755048751831,2.810683012008667
2021-10-14 00:00:00,2.813499927520752,2.810504913330078,2.734816074371338,13339110,2.9818460941314697,2.813499927520752
2021-10-15 00:00:00,2.793034076690674,2.8131980895996094,2.746628999710083,6241167,2.837496042251587,2.793034076690674
2021-10-16 00:00:00,2.961190938949585,2.7929201126098633,2.788558006286621,8067048,2.9823410511016846,2.961190938949585
2021-10-17 00:00:00,2.9956629276275635,2.9571990966796875,2.9411370754241943,7804092,3.000782012939453,2.9956629276275635
2021-10-18 00:00:00,3.094942092895508,2.9953908920288086,2.975506067276001,10280901,3.1269569396972656,3.094942092895508
2021-10-19 00:00:00,3.055408000946045,3.0945351123809814,3.0117409229278564,6638741,3.1206319332122803,3.055408000946045
2021-10-20 00:00:00,3.3945980072021484,3.055579900741577,3.0523600578308105,11095204,3.4111220836639404,3.3945980072021484
2021-10-21 00:00:00,3.28942608833313,3.3947501182556152,3.2873969078063965,8223267,3.4138429164886475,3.28942608833313
2021-10-22 00:00:00,3.3293581008911133,3.289222002029419,3.1968610286712646,20529765,3.372044086456299,3.3293581008911133
2021-10-23 00:00:00,3.3764119148254395,3.329390048980713,3.30987811088562,11881452,3.3903589248657227,3.3764119148254395
2021-10-24 00:00:00,3.2445499897003174,3.376508951187134,3.228240966796875,10604160,3.376508951187134,3.2445499897003174
2021-10-25 00:00:00,3.2142550945281982,3.2445108890533447,3.201235055923462,7459950,3.257615089416504,3.2142550945281982
2021-10-26 00:00:00,3.2209250926971436,3.2134768962860107,3.1971089839935303,8211888,3.25862193107605,3.2209250926971436
2021-10-27 00:00:00,3.0240330696105957,3.222040891647339,3.0221478939056396,16050725,3.2459659576416016,3.0240330696105957
2021-10-28 00:00:00,2.9717679023742676,3.022660970687866,2.9541049003601074,10350440,3.0325679779052734,2.9717679023742676
2021-10-29 00:00:00,2.863503932952881,2.971808910369873,2.8039801120758057,11476463,3.0169689655303955,2.863503932952881
2021-10-30 00:00:00,3.0168240070343018,2.8677260875701904,2.8627419471740723,12467551,3.0266809463500977,3.0168240070343018
2021-10-31 00:00:00,3.0732569694519043,3.017509937286377,3.0005290508270264,11958849,3.123605966567993,3.0732569694519043
2021-11-01 00:00:00,3.1531050205230713,3.0740129947662354,2.998131036758423,14223711,3.1710801124572754,3.1531050205230713
2021-11-02 00:00:00,3.164167881011963,3.15251088142395,3.1425299644470215,9798451,3.223871946334839,3.164167881011963
2021-11-03 00:00:00,3.547724962234497,3.1642138957977295,3.1623470783233643,15943585,3.547724962234497,3.547724962234497
2021-11-04 00:00:00,3.518181085586548,3.5520689487457275,3.3764190673828125,32666236,3.940078020095825,3.518181085586548
2021-11-05 00:00:00,3.4037399291992188,3.5179150104522705,3.3235769271850586,26071338,3.988703966140747,3.4037399291992188
2021-11-06 00:00:00,3.433223009109497,3.4037880897521973,3.3442459106445312,12717391,3.5307860374450684,3.433223009109497
2021-11-07 00:00:00,3.485208034515381,3.433398962020874,3.3565049171447754,9212167,3.4853320121765137,3.485208034515381
2021-11-08 00:00:00,3.595902919769287,3.485388994216919,3.446964979171753,12805982,3.624268054962158,3.595902919769287
2021-11-09 00:00:00,3.6746490001678467,3.5951778888702393,3.55918288230896,10434673,3.6824569702148438,3.6746490001678467
2021-11-10 00:00:00,3.470396041870117,3.675632953643799,3.445844888687134,23654133,3.6773569583892822,3.470396041870117
2021-11-11 00:00:00,3.5224740505218506,3.4698829650878906,3.3755710124969482,11191610,3.5224740505218506,3.5224740505218506
2021-11-12 00:00:00,3.5662379264831543,3.5181539058685303,3.502350091934204,13248896,3.5870630741119385,3.5662379264831543
2021-11-13 00:00:00,3.6027979850769043,3.5706489086151123,3.560331106185913,11992305,3.6858699321746826,3.6027979850769043
2021-11-14 00:00:00,3.493649959564209,3.601301908493042,3.472368001937866,8509704,3.6025760173797607,3.493649959564209
2021-11-15 00:00:00,3.3546369075775146,3.4938271045684814,3.352444887161255,9155321,3.509826898574829,3.3546369075775146
2021-11-16 00:00:00,3.0646910667419434,3.359527111053467,3.03774094581604,28580090,3.359527111053467,3.0646910667419434
2021-11-17 00:00:00,3.0942869186401367,3.0617148876190186,2.9679269790649414,17038883,3.119826078414917,3.0942869186401367
2021-11-18 00:00:00,3.1032209396362305,3.096548080444336,2.996936082839966,33516502,3.2538750171661377,3.1032209396362305
2021-11-19 00:00:00,3.0637969970703125,3.1022090911865234,2.9998528957366943,15085194,3.1190640926361084,3.0637969970703125
2021-11-20 00:00:00,3.0419039726257324,3.062833070755005,2.9868550300598145,11455594,3.097598075866699,3.0419039726257324
2021-11-21 00:00:00,3.065124034881592,3.042936086654663,3.014380931854248,9896932,3.1614930629730225,3.065124034881592
2021-11-22 00:00:00,3.0331931114196777,3.0637168884277344,2.9704859256744385,11590221,3.1294350624084473,3.0331931114196777
2021-11-23 00:00:00,3.095031976699829,3.0329830646514893,3.0104548931121826,13688078,3.106829881668091,3.095031976699829
2021-11-24 00:00:00,3.0745339393615723,3.095050096511841,2.907805919647217,13574726,3.1168360710144043,3.0745339393615723
2021-11-25 00:00:00,2.924423933029175,2.919924020767212,2.8970789909362793,17320062,3.400805950164795,2.924423933029175
2021-11-26 00:00:00,3.072113037109375,3.252587080001831,2.954974889755249,28752487,3.3111460208892822,3.072113037109375
2021-11-27 00:00:00,3.2537178993225098,3.072192907333374,3.012510061264038,15711610,3.3259570598602295,3.2537178993225098
2021-11-28 00:00:00,3.4086689949035645,3.254520893096924,3.1450929641723633,24599797,3.41605806350708,3.4086689949035645
2021-11-29 00:00:00,3.6247329711914062,3.4083399772644043,3.3994929790496826,17333358,3.631263017654419,3.6247329711914062
2021-11-30 00:00:00,3.7240819931030273,3.6251609325408936,3.59591007232666,23081071,3.831639051437378,3.7240819931030273
2021-12-01 00:00:00,3.685180902481079,3.7236440181732178,3.592345952987671,13331609,3.7893760204315186,3.685180902481079
2021-12-02 00:00:00,3.9793150424957275,3.6856799125671387,3.6477580070495605,22265138,3.998553991317749,3.9793150424957275
2021-12-03 00:00:00,3.8922839164733887,3.9758050441741943,3.804318904876709,38361212,4.297060966491699,3.8922839164733887
2021-12-04 00:00:00,4.248050212860107,3.8884849548339844,3.3793718814849854,60857636,4.430243015289307,4.248050212860107
2021-12-05 00:00:00,3.852437973022461,4.245543003082275,3.7832939624786377,33554136,4.298975944519043,3.852437973022461
2021-12-06 00:00:00,3.8644700050354004,3.853001117706299,3.4887468814849854,17845719,3.8678500652313232,3.8644700050354004
2021-12-07 00:00:00,3.9651849269866943,3.8662400245666504,3.85050106048584,14131372,4.201430797576904,3.9651849269866943
2021-12-08 00:00:00,3.9607279300689697,3.9651238918304443,3.8178060054779053,10765085,3.9773380756378174,3.9607279300689697
2021-12-09 00:00:00,3.7568259239196777,3.9564669132232666,3.7568259239196777,9716852,3.981106996536255,3.7568259239196777
2021-12-10 00:00:00,3.5219979286193848,3.7579479217529297,3.432945966720581,12573199,3.7591559886932373,3.5219979286193848
2021-12-11 00:00:00,3.468744993209839,3.5219008922576904,3.45231294631958,8512724,3.5531790256500244,3.468744993209839
2021-12-12 00:00:00,3.4205639362335205,3.4682130813598633,3.3776590824127197,6657948,3.479717969894409,3.4205639362335205
2021-12-13 00:00:00,3.07828688621521,3.422229051589966,3.048297882080078,8983573,3.436055898666382,3.07828688621521
2021-12-14 00:00:00,3.151324987411499,3.0770859718322754,3.018860101699829,12472469,3.194161891937256,3.151324987411499
2021-12-15 00:00:00,3.177544116973877,3.1456758975982666,3.0251150131225586,8613828,3.1959118843078613,3.177544116973877
2021-12-16 00:00:00,3.2062690258026123,3.176563024520874,3.16715407371521,5919222,3.240194082260132,3.2062690258026123
2021-12-17 00:00:00,3.1579840183258057,3.206976890563965,3.1267189979553223,6451599,3.2555739879608154,3.1579840183258057
2021-12-18 00:00:00,3.387382984161377,3.1597659587860107,3.097137928009033,10936223,3.3880929946899414,3.387382984161377
2021-12-19 00:00:00,3.3888590335845947,3.389292001724243,3.343687057495117,7249952,3.4286460876464844,3.3888590335845947
2021-12-20 00:00:00,3.417512893676758,3.3877739906311035,3.340575933456421,8137230,3.477125883102417,3.417512893676758
2021-12-21 00:00:00,3.591625928878784,3.415026903152466,3.387967109680176,7834540,3.6145379543304443,3.591625928878784
2021-12-22 00:00:00,3.7287590503692627,3.5929501056671143,3.578939914703369,10363473,3.8496789932250977,3.7287590503692627
2021-12-23 00:00:00,3.7512779235839844,3.728501081466675,3.6073288917541504,10673692,3.777808904647827,3.7512779235839844
2021-12-24 00:00:00,3.9917209148406982,3.750891923904419,3.744252920150757,16036379,4.007937908172607,3.9917209148406982
2021-12-25 00:00:00,4.04003381729126,3.993912935256958,3.9820570945739746,14435730,4.1712141036987305,4.04003381729126
2021-12-26 00:00:00,3.9842441082000732,4.0460381507873535,3.9545650482177734,8719528,4.0483269691467285,3.9842441082000732
2021-12-27 00:00:00,3.7697229385375977,3.9834489822387695,3.7547059059143066,10770896,4.032042980194092,3.7697229385375977
2021-12-28 00:00:00,3.4599719047546387,3.770714044570923,3.4548659324645996,13181927,3.8025519847869873,3.4599719047546387
2021-12-29 00:00:00,3.3851609230041504,3.45819091796875,3.3530890941619873,9480348,3.5003199577331543,3.3851609230041504
2021-12-30 00:00:00,3.5422019958496094,3.384951114654541,3.3598148822784424,11070578,3.5494039058685303,3.5422019958496094
2021-12-31 00:00:00,3.4367918968200684,3.5422239303588867,3.4069581031799316,10076768,3.7275540828704834,3.4367918968200684
2022-01-01 00:00:00,3.5469510555267334,3.437319040298462,3.4223620891571045,7354918,3.547473907470703,3.5469510555267334
2022-01-02 00:00:00,3.5184381008148193,3.5467519760131836,3.5142290592193604,6051084,3.5792338848114014,3.5184381008148193
2022-01-03 00:00:00,3.4532411098480225,3.5183329582214355,3.4484410285949707,6735664,3.521872043609619,3.4532411098480225
2022-01-04 00:00:00,3.296099901199341,3.4532759189605713,3.29365611076355,7312094,3.4536640644073486,3.296099901199341
2022-01-05 00:00:00,3.1118791103363037,3.2964859008789062,3.109189987182617,23011101,3.321600914001465,3.1118791103363037
2022-01-06 00:00:00,3.061760902404785,3.1123828887939453,2.994271993637085,19559048,3.1123828887939453,3.061760902404785
2022-01-07 00:00:00,2.767904043197632,3.061631917953491,2.748703956604004,21551489,3.0677409172058105,2.767904043197632
2022-01-08 00:00:00,2.663156032562256,2.76724910736084,2.6435329914093018,12193008,2.779670000076294,2.663156032562256
2022-01-09 00:00:00,2.6994569301605225,2.659846067428589,2.6581969261169434,12222449,2.7136800289154053,2.6994569301605225
2022-01-10 00:00:00,2.606189012527466,2.699388027191162,2.581583023071289,16088667,2.721860885620117,2.606189012527466
2022-01-11 00:00:00,2.5953729152679443,2.6063499450683594,2.5838019847869873,13886108,2.6672050952911377,2.5953729152679443
2022-01-12 00:00:00,2.7017340660095215,2.5949320793151855,2.5597469806671143,15907341,2.7027359008789062,2.7017340660095215
2022-01-13 00:00:00,2.6000359058380127,2.7016680240631104,2.5947680473327637,14560944,2.803251028060913,2.6000359058380127
2022-01-14 00:00:00,2.505376100540161,2.6006019115448,2.504952907562256,9978623,2.6283791065216064,2.505376100540161
2022-01-15 00:00:00,2.496978998184204,2.505450963973999,2.4764249324798584,6523198,2.5081989765167236,2.496978998184204
2022-01-16 00:00:00,2.505695104598999,2.497622013092041,2.4910309314727783,7306623,2.5205299854278564,2.505695104598999
2022-01-17 00:00:00,2.3992209434509277,2.5059421062469482,2.3834590911865234,7221706,2.5098929405212402,2.3992209434509277
2022-01-18 00:00:00,2.209765911102295,2.398927927017212,2.177298069000244,11051214,2.4060869216918945,2.209765911102295
2022-01-19 00:00:00,2.1908481121063232,2.209723949432373,2.1841580867767334,6166828,2.2259349822998047,2.1908481121063232
2022-01-20 00:00:00,2.220341920852661,2.1903460025787354,2.1861259937286377,8073129,2.282681941986084,2.220341920852661
2022-01-21 00:00:00,1.8699419498443604,2.2194409370422363,1.8699419498443604,10903113,2.2251288890838623,1.8699419498443604
2022-01-22 00:00:00,1.5938210487365723,1.8714909553527832,1.5198520421981812,11278436,1.87431800365448,1.5938210487365723
2022-01-23 00:00:00,1.679291009902954,1.5947860479354858,1.5929689407348633,7413367,1.6827750205993652,1.679291009902954
2022-01-24 00:00:00,1.5491230487823486,1.6792240142822266,1.5106209516525269,7097458,1.6815659999847412,1.5491230487823486
2022-01-25 00:00:00,1.6198760271072388,1.5490950345993042,1.535086989402771,56724593,1.863569974899292,1.6198760271072388
2022-01-26 00:00:00,1.5844990015029907,1.6193979978561401,1.5786939859390259,12427206,1.6534479856491089,1.5844990015029907
2022-01-27 00:00:00,1.401168942451477,1.5840530395507812,1.3822840452194214,8680641,1.5916930437088013,1.401168942451477
2022-01-28 00:00:00,1.3325910568237305,1.4012800455093384,1.266523003578186,13295287,1.4152740240097046,1.3325910568237305
2022-01-29 00:00:00,1.5625309944152832,1.3329099416732788,1.3322149515151978,29522244,1.6049250364303589,1.5625309944152832
2022-01-30 00:00:00,1.5299580097198486,1.5632580518722534,1.5140089988708496,13446227,1.6355750560760498,1.5299580097198486
2022-01-31 00:00:00,1.5445899963378906,1.5301309823989868,1.4601609706878662,7769904,1.552495002746582,1.5445899963378906
2022-02-01 00:00:00,1.5551400184631348,1.5444810390472412,1.5302259922027588,4644152,1.5778499841690063,1.5551400184631348
2022-02-02 00:00:00,1.3566160202026367,1.554967999458313,1.3562049865722656,10949640,1.5566459894180298,1.3566160202026367
2022-02-03 00:00:00,1.342486023902893,1.356274962425232,1.3076590299606323,11868243,1.356274962425232,1.342486023902893
2022-02-04 00:00:00,1.4233529567718506,1.3420519828796387,1.322232961654663,5489667,1.426048994064331,1.4233529567718506
2022-02-05 00:00:00,1.412755012512207,1.4234280586242676,1.4109439849853516,5327993,1.4500149488449097,1.412755012512207
2022-02-06 00:00:00,1.422286033630371,1.412682056427002,1.4039889574050903,3829004,1.436282992362976,1.422286033630371
2022-02-07 00:00:00,1.6028740406036377,1.421820044517517,1.4039579629898071,8260456,1.6028740406036377,1.6028740406036377
2022-02-08 00:00:00,1.6212999820709229,1.602952003479004,1.540956974029541,13925038,1.6569679975509644,1.6212999820709229
2022-02-09 00:00:00,1.7712819576263428,1.6206300258636475,1.5918890237808228,19320281,1.859665036201477,1.7712819576263428
2022-02-10 00:00:00,1.8523110151290894,1.7738399505615234,1.7529089450836182,64691513,1.9885389804840088,1.8523110151290894
2022-02-11 00:00:00,1.690737009048462,1.852802038192749,1.6708650588989258,22205045,1.9533209800720215,1.690737009048462
2022-02-12 00:00:00,1.6762789487838745,1.692924976348877,1.5801880359649658,10751131,1.695678949356079,1.6762789487838745
2022-02-13 00:00:00,1.9230190515518188,1.6759090423583984,1.6759090423583984,61274525,2.029103994369507,1.9230190515518188
2022-02-14 00:00:00,2.141671895980835,1.923380970954895,1.8654550313949585,46535888,2.177145004272461,2.141671895980835
2022-02-15 00:00:00,2.172513961791992,2.1448349952697754,2.1190381050109863,48804909,2.402448892593384,2.172513961791992
2022-02-16 00:00:00,2.0824530124664307,2.1729800701141357,2.0672900676727295,19238124,2.1729800701141357,2.0824530124664307
2022-02-17 00:00:00,1.9578720331192017,2.0821070671081543,1.9532630443572998,12749463,2.146183967590332,1.9578720331192017
2022-02-18 00:00:00,2.2765378952026367,1.9582480192184448,1.9501739740371704,50104027,2.2848379611968994,2.2765378952026367
2022-02-19 00:00:00,2.549031972885132,2.273391008377075,2.2664120197296143,144112737,2.7264440059661865,2.549031972885132
2022-02-20 00:00:00,2.201785087585449,2.5492329597473145,2.1331639289855957,37150681,2.550287961959839,2.201785087585449
2022-02-21 00:00:00,2.3933920860290527,2.1985340118408203,2.1841208934783936,49152178,2.4982709884643555,2.3933920860290527
2022-02-22 00:00:00,2.86741304397583,2.3938040733337402,2.3783459663391113,118253064,2.9643890857696533,2.86741304397583
2022-02-23 00:00:00,2.8592939376831055,2.867777109146118,2.7609519958496094,107252798,3.035576105117798,2.8592939376831055
2022-02-24 00:00:00,3.3040740489959717,2.8582170009613037,2.651700973510742,124849388,3.308372974395752,3.3040740489959717
2022-02-25 00:00:00,3.7285830974578857,3.303891897201538,3.2597270011901855,137141605,3.7575249671936035,3.7285830974578857
2022-02-26 00:00:00,3.755474090576172,3.7300639152526855,3.613866090774536,114025007,3.987410068511963,3.755474090576172
2022-02-27 00:00:00,3.6680030822753906,3.7566978931427,3.537442922592163,91425819,3.841881036758423,3.6680030822753906
2022-02-28 00:00:00,3.4821910858154297,3.6689999103546143,3.439877986907959,88591256,3.7051639556884766,3.4821910858154297
2022-03-01 00:00:00,3.7361979484558105,3.4838359355926514,3.4280219078063965,101940478,3.7993080615997314,3.7361979484558105
2022-03-02 00:00:00,4.351946830749512,3.736785888671875,3.7057089805603027,141557254,4.351946830749512,4.351946830749512
2022-03-03 00:00:00,4.727756977081299,4.350412845611572,4.343131065368652,386414912,4.955912113189697,4.727756977081299
2022-03-04 00:00:00,5.280340194702148,4.711572170257568,4.6001458168029785,382285634,5.608310222625732,5.280340194702148
2022-03-05 00:00:00,5.910146236419678,5.282295227050781,5.175340175628662,483083720,6.178749084472656,5.910146236419678
2022-03-06 00:00:00,4.07044792175293,5.903563022613525,4.07044792175293,415803012,5.903563022613525,4.07044792175293
2022-03-07 00:00:00,3.939850091934204,4.069860935211182,3.843883991241455,313910320,4.407680988311768,3.939850091934204
2022-03-08 00:00:00,3.7571890354156494,3.939138889312744,3.57892107963562,182446794,4.138145923614502,3.7571890354156494
2022-03-09 00:00:00,4.271401882171631,3.7585959434509277,3.7485721111297607,318274000,4.4410719871521,4.271401882171631
2022-03-10 00:00:00,3.7435500621795654,4.268916130065918,3.708261013031006,150888132,4.288147926330566,3.7435500621795654
2022-03-11 00:00:00,3.3241379261016846,3.743799924850464,3.3241379261016846,93682385,3.753592014312744,3.3241379261016846
2022-03-12 00:00:00,3.1795990467071533,3.3226399421691895,3.154086112976074,77060402,3.377872943878174,3.1795990467071533
2022-03-13 00:00:00,3.005742073059082,3.1802659034729004,3.005742073059082,91723126,3.245274066925049,3.005742073059082
2022-03-14 00:00:00,2.906851053237915,3.005357027053833,2.8511478900909424,82641855,3.1066250801086426,2.906851053237915
2022-03-15 00:00:00,2.840082883834839,2.906749963760376,2.6654000282287598,104866438,2.964498996734619,2.840082883834839
2022-03-16 00:00:00,3.183401107788086,2.8379359245300293,2.7892539501190186,186592659,3.2086360454559326,3.183401107788086
2022-03-17 00:00:00,2.79897403717041,3.177126884460449,2.795557975769043,77519390,3.180922031402588,2.79897403717041
2022-03-18 00:00:00,2.757167100906372,2.7980918884277344,2.68328595161438,69262943,2.8125159740448,2.757167100906372
2022-03-19 00:00:00,2.768449068069458,2.756680965423584,2.750227928161621,59704214,2.8858630657196045,2.768449068069458
2022-03-20 00:00:00,2.5751450061798096,2.7685320377349854,2.5742568969726562,46286800,2.799962043762207,2.5751450061798096
2022-03-21 00:00:00,2.543346881866455,2.5747430324554443,2.540041923522949,49572419,2.6197290420532227,2.543346881866455
2022-03-22 00:00:00,2.6177759170532227,2.5432140827178955,2.5232720375061035,45733575,2.734424114227295,2.6177759170532227
2022-03-23 00:00:00,2.607970952987671,2.617943048477173,2.5749120712280273,29487421,2.6305429935455322,2.607970952987671
2022-03-24 00:00:00,2.5794289112091064,2.6077659130096436,2.5626890659332275,33160886,2.6680819988250732,2.5794289112091064
2022-03-25 00:00:00,2.4458720684051514,2.5794179439544678,2.4176580905914307,33165503,2.5979321002960205,2.4458720684051514
2022-03-26 00:00:00,2.4621710777282715,2.4457390308380127,2.4239630699157715,18276558,2.5030770301818848,2.4621710777282715
2022-03-27 00:00:00,2.493619918823242,2.462235927581787,2.4092049598693848,20600105,2.493619918823242,2.493619918823242
2022-03-28 00:00:00,2.54284405708313,2.4935948848724365,2.4876370429992676,57454024,2.686589002609253,2.54284405708313
2022-03-29 00:00:00,2.886765956878662,2.540807008743286,2.540807008743286,172317708,3.0451250076293945,2.886765956878662
2022-03-30 00:00:00,2.846827983856201,2.8886160850524902,2.8249199390411377,112984850,3.038219928741455,2.846827983856201
2022-03-31 00:00:00,2.547579050064087,2.8454980850219727,2.5309131145477295,65802062,2.897404909133911,2.547579050064087
2022-04-01 00:00:00,2.577946901321411,2.54907488822937,2.4508249759674072,44788744,2.6316449642181396,2.577946901321411
2022-04-02 00:00:00,2.625955104827881,2.578447103500366,2.5754311084747314,57356115,2.731231927871704,2.625955104827881
2022-04-03 00:00:00,2.8912620544433594,2.6255600452423096,2.622215986251831,106762150,2.96573805809021,2.8912620544433594
2022-04-04 00:00:00,2.720318078994751,2.890734910964966,2.5931270122528076,69160341,2.9068119525909424,2.720318078994751
2022-04-05 00:00:00,2.686501979827881,2.7206780910491943,2.669903039932251,55039581,2.8797569274902344,2.686501979827881
2022-04-06 00:00:00,3.0695950984954834,2.686321973800659,2.6248369216918945,276782530,3.2335479259490967,3.0695950984954834
2022-04-07 00:00:00,3.205029010772705,3.073122978210449,2.9827399253845215,298302805,3.441999912261963,3.205029010772705
2022-04-08 00:00:00,2.762089967727661,3.204132080078125,2.7412819862365723,149979445,3.305401086807251,2.762089967727661
2022-04-09 00:00:00,2.772696018218994,2.7618958950042725,2.7117760181427,68572893,2.858386993408203,2.772696018218994
2022-04-10 00:00:00,2.7233688831329346,2.769268035888672,2.7130379676818848,57706228,2.8513920307159424,2.7233688831329346
2022-04-11 00:00:00,2.1682000160217285,2.721921920776367,2.1420650482177734,125914413,2.7287180423736572,2.1682000160217285
2022-04-12 00:00:00,2.1820929050445557,2.1684389114379883,2.1405539512634277,62342678,2.270756959915161,2.1820929050445557
2022-04-13 00:00:00,2.2625129222869873,2.179689884185791,2.1493821144104004,51768995,2.266953945159912,2.2625129222869873
2022-04-14 00:00:00,2.1279520988464355,2.2621939182281494,2.0844008922576904,64538681,2.3670730590820312,2.1279520988464355
2022-04-15 00:00:00,2.1430609226226807,2.128040075302124,2.080219030380249,38438267,2.1787779331207275,2.1430609226226807
2022-04-16 00:00:00,2.1174259185791016,2.14314603805542,2.102505922317505,18800872,2.1502480506896973,2.1174259185791016
2022-04-17 00:00:00,2.0431110858917236,2.1174020767211914,2.0327939987182617,29638111,2.1689488887786865,2.0431110858917236
2022-04-18 00:00:00,2.086045026779175,2.0428669452667236,1.9547430276870728,51952756,2.1106019020080566,2.086045026779175
2022-04-19 00:00:00,2.1458709239959717,2.086306095123291,2.086306095123291,40765516,2.171375036239624,2.1458709239959717
2022-04-20 00:00:00,2.1407630443573,2.1463310718536377,2.0958659648895264,63779258,2.27079701423645,2.1407630443573
2022-04-21 00:00:00,2.082418918609619,2.1406939029693604,2.0563530921936035,37966966,2.189591884613037,2.082418918609619
2022-04-22 00:00:00,2.004581928253174,2.082271099090576,1.990051031112671,31494450,2.095470905303955,2.004581928253174
2022-04-23 00:00:00,1.9331920146942139,2.0038390159606934,1.9265979528427124,36085071,2.012834072113037,1.9331920146942139
2022-04-24 00:00:00,1.9017670154571533,1.9323960542678833,1.8835779428482056,27232311,1.9453190565109253,1.9017670154571533
2022-04-25 00:00:00,1.9131059646606445,1.9019089937210083,1.782673954963684,36543306,1.9282779693603516,1.9131059646606445
2022-04-26 00:00:00,1.8494919538497925,1.9132790565490723,1.8429160118103027,48346209,1.9878519773483276,1.8494919538497925
2022-04-27 00:00:00,1.8667160272598267,1.8446029424667358,1.842589020729065,38022071,1.9572949409484863,1.8667160272598267
2022-04-28 00:00:00,1.8253929615020752,1.866407036781311,1.8038840293884277,40479357,1.8725769519805908,1.8253929615020752
2022-04-29 00:00:00,1.733383059501648,1.8253229856491089,1.7258249521255493,24479563,1.8273030519485474,1.733383059501648
2022-04-30 00:00:00,1.5999209880828857,1.7335280179977417,1.5958590507507324,24713368,1.766124963760376,1.5999209880828857
2022-05-01 00:00:00,1.682739019393921,1.5989350080490112,1.5880550146102905,27940077,1.684993028640747,1.682739019393921
2022-05-02 00:00:00,1.719851016998291,1.6825840473175049,1.665395975112915,43676061,1.7587950229644775,1.719851016998291
2022-05-03 00:00:00,1.6953140497207642,1.7198280096054077,1.6774699687957764,22887927,1.754634976387024,1.6953140497207642
2022-05-04 00:00:00,1.870921015739441,1.6953840255737305,1.6912649869918823,35398552,1.870921015739441,1.870921015739441
2022-05-05 00:00:00,2.028701066970825,1.8707879781723022,1.8365089893341064,126302484,2.042649030685425,2.028701066970825
2022-05-06 00:00:00,2.1357390880584717,2.029154062271118,2.023529052734375,212892871,2.252497911453247,2.1357390880584717
2022-05-07 00:00:00,1.7033389806747437,2.1356759071350098,1.644569993019104,113480747,2.1842660903930664,1.7033389806747437
2022-05-08 00:00:00,1.5866550207138062,1.70619797706604,1.5317840576171875,81127423,1.7104190587997437,1.5866550207138062
2022-05-09 00:00:00,0.8466200232505798,1.5871360301971436,0.8466200232505798,144766643,1.6137210130691528,0.8466200232505798
2022-05-10 00:00:00,0.48013100028038025,0.8402259945869446,0.42582499980926514,200769398,0.9616289734840393,0.48013100028038025
2022-05-11 00:00:00,0.3141840100288391,0.47809898853302,0.1443289965391159,211800327,0.5106019973754883,0.3141840100288391
2022-05-12 00:00:00,0.08920799940824509,0.31522300839424133,0.08748699724674225,45036417,0.3444859981536865,0.08920799940824509
2022-05-13 00:00:00,0.09567099809646606,0.08860500156879425,0.05084500089287758,101255731,0.14952200651168823,0.09567099809646606
2022-05-14 00:00:00,0.2668299973011017,0.09544999897480011,0.09378399699926376,502865064,0.3558039963245392,0.2668299973011017
2022-05-15 00:00:00,0.1859080046415329,0.265267014503479,0.17096099257469177,201326720,0.32061201333999634,0.1859080046415329
2022-05-16 00:00:00,0.13360199332237244,0.18767300248146057,0.09478200227022171,121774445,0.2089029997587204,0.13360199332237244
2022-05-17 00:00:00,0.12985099852085114,0.1340160071849823,0.12187600135803223,62623001,0.15220299363136292,0.12985099852085114
2022-05-18 00:00:00,0.101951003074646,0.12985800206661224,0.1016480028629303,37470583,0.13263599574565887,0.101951003074646
2022-05-19 00:00:00,0.10259400308132172,0.10161899775266647,0.09711399674415588,25156403,0.11394000053405762,0.10259400308132172
2022-05-20 00:00:00,0.0933689996600151,0.10302499681711197,0.09096799790859222,16400311,0.10587599873542786,0.0933689996600151
2022-05-21 00:00:00,0.08333899825811386,0.09316600114107132,0.07817000150680542,21589261,0.09316600114107132,0.08333899825811386
2022-05-22 00:00:00,0.15941500663757324,0.08353400230407715,0.08294499665498734,258353627,0.18081000447273254,0.15941500663757324
2022-05-23 00:00:00,0.5627779960632324,0.15942999720573425,0.1571349948644638,1385715399,0.571349024772644,0.5627779960632324
2022-05-24 00:00:00,0.34848400950431824,0.5562530159950256,0.2808609902858734,747035224,0.5672299861907959,0.34848400950431824
2022-05-25 00:00:00,0.31656500697135925,0.3502120077610016,0.28497499227523804,463167044,0.4167979955673218,0.31656500697135925
2022-05-26 00:00:00,0.2858380079269409,0.3162029981613159,0.28131699562072754,285386707,0.3705410063266754,0.2858380079269409
2022-05-27 00:00:00,0.21367700397968292,0.2855969965457916,0.18209999799728394,240750032,0.29499301314353943,0.21367700397968292
2022-05-28 00:00:00,0.2675600051879883,0.3225629925727844,0.21092499792575836,370354221,0.36953800916671753,0.2675600051879883
2022-05-29 00:00:00,0.27935200929641724,0.2672159969806671,0.24105100333690643,153759719,0.2890489995479584,0.27935200929641724
2022-05-30 00:00:00,0.2681640088558197,0.27958300709724426,0.2572000026702881,142338058,0.2862420082092285,0.2681640088558197
2022-05-31 00:00:00,0.22859400510787964,0.26819899678230286,0.22239500284194946,123058256,0.27395498752593994,0.22859400510787964
2022-06-01 00:00:00,0.2143930047750473,0.22950899600982666,0.1804410070180893,97204492,0.23430399596691132,0.2143930047750473
2022-06-02 00:00:00,0.21555699408054352,0.2146420031785965,0.19140300154685974,145586750,0.24134300649166107,0.21555699408054352
2022-06-03 00:00:00,0.2057110071182251,0.2156679928302765,0.19544799625873566,62112452,0.2171649932861328,0.2057110071182251
2022-06-04 00:00:00,0.20500700175762177,0.20569099485874176,0.19523000717163086,61062632,0.22075100243091583,0.20500700175762177
2022-06-05 00:00:00,0.18994499742984772,0.20531000196933746,0.18901099264621735,43785581,0.2070000022649765,0.18994499742984772
2022-06-06 00:00:00,0.1905589997768402,0.18996499478816986,0.18675899505615234,44787340,0.20149099826812744,0.1905589997768402
2022-06-07 00:00:00,0.16330599784851074,0.19065800309181213,0.15886899828910828,57910170,0.19073300063610077,0.16330599784851074
2022-06-08 00:00:00,0.10801199823617935,0.16345900297164917,0.10660599917173386,76036320,0.16819700598716736,0.10801199823617935
2022-06-09 00:00:00,0.15417400002479553,0.10820499807596207,0.10387899726629257,194830377,0.1745149940252304,0.15417400002479553
2022-06-10 00:00:00,0.14895300567150116,0.1524830013513565,0.14256900548934937,166848627,0.17785899341106415,0.14895300567150116
2022-06-11 00:00:00,0.13292500376701355,0.1489180028438568,0.12728700041770935,65645451,0.15563400089740753,0.13292500376701355
2022-06-12 00:00:00,0.12556999921798706,0.13311000168323517,0.11991000175476074,81147557,0.14256300032138824,0.12556999921798706
2022-06-13 00:00:00,0.11322800070047379,0.12556099891662598,0.10750100016593933,63122254,0.13211199641227722,0.11322800070047379
2022-06-14 00:00:00,0.1151920035481453,0.11322499811649323,0.10610800236463547,39352516,0.12077599763870239,0.1151920035481453
2022-06-15 00:00:00,0.11760800331830978,0.11518300324678421,0.10130500048398972,36942924,0.11760800331830978,0.11760800331830978
2022-06-16 00:00:00,0.1049560010433197,0.11752899736166,0.10339800268411636,31455994,0.12595400214195251,0.1049560010433197
2022-06-17 00:00:00,0.10657399892807007,0.10503699630498886,0.10443100333213806,16881447,0.10882099717855453,0.10657399892807007
2022-06-18 00:00:00,0.09206300228834152,0.10654900223016739,0.0818220004439354,30287522,0.10744699835777283,0.09206300228834152
2022-06-19 00:00:00,0.13505199551582336,0.09204000234603882,0.08648999780416489,114512623,0.14919200539588928,0.13505199551582336
2022-06-20 00:00:00,0.11918500065803528,0.13448700308799744,0.11636900156736374,98416768,0.13669000566005707,0.11918500065803528
2022-06-21 00:00:00,0.12353099882602692,0.11906799674034119,0.11880800127983093,83356164,0.15031400322914124,0.12353099882602692
2022-06-22 00:00:00,0.1287900060415268,0.12369299679994583,0.1208299994468689,67139914,0.14044100046157837,0.1287900060415268
2022-06-23 00:00:00,0.13143299520015717,0.12877699732780457,0.125668004155159,34568191,0.13392500579357147,0.13143299520015717
2022-06-24 00:00:00,0.13260899484157562,0.13140800595283508,0.12709900736808777,34957802,0.13735699653625488,0.13260899484157562
2022-06-25 00:00:00,0.13373200595378876,0.13262000679969788,0.1293639987707138,29039430,0.13763000071048737,0.13373200595378876
2022-06-26 00:00:00,0.14403900504112244,0.13357000052928925,0.13139300048351288,51369315,0.14902299642562866,0.14403900504112244
2022-06-27 00:00:00,0.14785200357437134,0.14398300647735596,0.13663700222969055,157349064,0.17221899330615997,0.14785200357437134
2022-06-28 00:00:00,0.14784300327301025,0.14846199750900269,0.13859400153160095,61578784,0.15276600420475006,0.14784300327301025
2022-06-29 00:00:00,0.18491500616073608,0.14782999455928802,0.14648200571537018,190077282,0.19543799757957458,0.18491500616073608
2022-06-30 00:00:00,0.14170199632644653,0.1852799952030182,0.1368969976902008,77633590,0.19326500594615936,0.14170199632644653
2022-07-01 00:00:00,0.14641599357128143,0.14234499633312225,0.13792000710964203,42581538,0.1520709991455078,0.14641599357128143
2022-07-02 00:00:00,0.1402450054883957,0.14627499878406525,0.13895900547504425,27070194,0.14664499461650848,0.1402450054883957
2022-07-03 00:00:00,0.14451199769973755,0.14033299684524536,0.13787899911403656,20207155,0.14451199769973755,0.14451199769973755
2022-07-04 00:00:00,0.14341700077056885,0.1445149928331375,0.14019300043582916,24578408,0.14929300546646118,0.14341700077056885
2022-07-05 00:00:00,0.14047899842262268,0.14342400431632996,0.1390720009803772,21658367,0.14655600488185883,0.14047899842262268
2022-07-06 00:00:00,0.1412840038537979,0.14042699337005615,0.13979800045490265,15109771,0.14280399680137634,0.1412840038537979
2022-07-07 00:00:00,0.14448900520801544,0.14124900102615356,0.1399109959602356,19131413,0.1463479995727539,0.14448900520801544
2022-07-08 00:00:00,0.14028899371623993,0.1444620043039322,0.14021199941635132,20510319,0.1473509967327118,0.14028899371623993
2022-07-09 00:00:00,0.1297679990530014,0.14041000604629517,0.1185540035367012,41880403,0.1405230015516281,0.1297679990530014
2022-07-10 00:00:00,0.12498199939727783,0.12980900704860687,0.12307099997997284,22563715,0.13119399547576904,0.12498199939727783
2022-07-11 00:00:00,0.11479300260543823,0.1250309944152832,0.11384700238704681,13535178,0.12518000602722168,0.11479300260543823
2022-07-12 00:00:00,0.11375200003385544,0.11479499936103821,0.10870999842882156,21273785,0.11696899682283401,0.11375200003385544
2022-07-13 00:00:00,0.11917400360107422,0.11332499980926514,0.11332499980926514,41136671,0.12851999700069427,0.11917400360107422
2022-07-14 00:00:00,0.1183210015296936,0.11908300220966339,0.1138710007071495,18529512,0.12078899890184402,0.1183210015296936
2022-07-15 00:00:00,0.12111400067806244,0.11831499636173248,0.11725900322198868,25229869,0.12939399480819702,0.12111400067806244
2022-07-16 00:00:00,0.11876100301742554,0.12108899652957916,0.11536300182342529,16842833,0.12112300097942352,0.11876100301742554
2022-07-17 00:00:00,0.11263199895620346,0.11875899881124496,0.11261600255966187,12937502,0.12109799683094025,0.11263199895620346
2022-07-18 00:00:00,0.12120600044727325,0.11276199668645859,0.11275000125169754,24082424,0.12525199353694916,0.12120600044727325
2022-07-19 00:00:00,0.1203719973564148,0.12100499868392944,0.11641799658536911,19490722,0.12263599783182144,0.1203719973564148
2022-07-20 00:00:00,0.1258780062198639,0.1203790009021759,0.11924000084400177,61198023,0.13842900097370148,0.1258780062198639
2022-07-21 00:00:00,0.1206429973244667,0.12591199576854706,0.11516500264406204,23894571,0.12814299762248993,0.1206429973244667
2022-07-22 00:00:00,0.11816900223493576,0.12064599990844727,0.11753900349140167,19948489,0.12470699846744537,0.11816900223493576
2022-07-23 00:00:00,0.12144199758768082,0.11818400025367737,0.11754699796438217,24528250,0.12413299828767776,0.12144199758768082
2022-07-24 00:00:00,0.11875899881124496,0.12141100317239761,0.11823900043964386,17227124,0.12216400355100632,0.11875899881124496
2022-07-25 00:00:00,0.11012200266122818,0.11874999850988388,0.10989599674940109,13671864,0.11874999850988388,0.11012200266122818
2022-07-26 00:00:00,0.10860200226306915,0.11015699803829193,0.10413199663162231,11333374,0.11017599701881409,0.10860200226306915
2022-07-27 00:00:00,0.11364100128412247,0.10864699631929398,0.10837999731302261,20264391,0.11492100358009338,0.11364100128412247
2022-07-28 00:00:00,0.1163259968161583,0.11365000158548355,0.11167500168085098,17953377,0.11834000051021576,0.1163259968161583
2022-07-29 00:00:00,0.11485499888658524,0.11632700264453888,0.11355700343847275,22376554,0.12279199808835983,0.11485499888658524
2022-07-30 00:00:00,0.1142129972577095,0.11480700224637985,0.1139020025730133,15264848,0.11944200098514557,0.1142129972577095
2022-07-31 00:00:00,0.11649300158023834,0.11417999863624573,0.1138250008225441,20256726,0.12534500658512115,0.11649300158023834
2022-08-01 00:00:00,0.119378000497818,0.11648599803447723,0.11532200127840042,55827494,0.1376740038394928,0.119378000497818
2022-08-02 00:00:00,0.11372700333595276,0.11935000121593475,0.11122000217437744,18319994,0.12074100226163864,0.11372700333595276
2022-08-03 00:00:00,0.11450599879026413,0.11373499780893326,0.11195900291204453,11990272,0.11635000258684158,0.11450599879026413
2022-08-04 00:00:00,0.11362700164318085,0.11451900005340576,0.11286699771881104,10893393,0.11595799773931503,0.11362700164318085
2022-08-05 00:00:00,0.11580300331115723,0.11363600194454193,0.11318600177764893,8322904,0.11629900336265564,0.11580300331115723
2022-08-06 00:00:00,0.11479400098323822,0.11579900234937668,0.11467699706554413,13325948,0.11681099981069565,0.11479400098323822
2022-08-07 00:00:00,0.11530599743127823,0.1148110032081604,0.11431799829006195,11060397,0.11872699856758118,0.11530599743127823
2022-08-08 00:00:00,0.11638300120830536,0.11535800248384476,0.11516299843788147,7694171,0.11864899843931198,0.11638300120830536
2022-08-09 00:00:00,0.11169599741697311,0.11642199754714966,0.10782600194215775,33929194,0.1278350055217743,0.11169599741697311
2022-08-10 00:00:00,0.11524499952793121,0.11167199909687042,0.10881499946117401,12095489,0.11623799800872803,0.11524499952793121
2022-08-11 00:00:00,0.11275099962949753,0.11525499820709229,0.11229699850082397,10334150,0.11749900132417679,0.11275099962949753
2022-08-12 00:00:00,0.1147570013999939,0.11277599632740021,0.11110500246286392,8402587,0.11495400220155716,0.1147570013999939
2022-08-13 00:00:00,0.11238499730825424,0.11469600349664688,0.11231900006532669,5055328,0.11549700051546097,0.11238499730825424
2022-08-14 00:00:00,0.11371400207281113,0.11243399977684021,0.1122329980134964,33581934,0.1233379989862442,0.11371400207281113
2022-08-15 00:00:00,0.11111100018024445,0.11366599798202515,0.10976400226354599,12557427,0.11645200103521347,0.11111100018024445
2022-08-16 00:00:00,0.11100800335407257,0.11104100197553635,0.11025899648666382,7162987,0.1125049963593483,0.11100800335407257
2022-08-17 00:00:00,0.10320200026035309,0.1109979972243309,0.10186599940061569,13308244,0.11187099665403366,0.10320200026035309
2022-08-18 00:00:00,0.09067700058221817,0.1031780019402504,0.08744700253009796,19227395,0.10383299738168716,0.09067700058221817
2022-08-19 00:00:00,0.08447399735450745,0.09069299697875977,0.08419100195169449,20548227,0.09280599653720856,0.08447399735450745
2022-08-20 00:00:00,0.08519399911165237,0.08448600023984909,0.08169800043106079,14710042,0.08925999701023102,0.08519399911165237
2022-08-21 00:00:00,0.08842600136995316,0.08506300300359726,0.08485999703407288,12166894,0.0893549993634224,0.08842600136995316
2022-08-22 00:00:00,0.0866210013628006,0.08842600136995316,0.08326800167560577,9957282,0.08844500035047531,0.0866210013628006
2022-08-23 00:00:00,0.09150200337171555,0.08658500015735626,0.08482500165700912,27762007,0.0927639976143837,0.09150200337171555
2022-08-24 00:00:00,0.0883060023188591,0.0915210023522377,0.08743900060653687,14182664,0.09164399653673172,0.0883060023188591
2022-08-25 00:00:00,0.09410399943590164,0.08831500262022018,0.08675900101661682,22579933,0.09545599669218063,0.09410399943590164
2022-08-26 00:00:00,0.08121299743652344,0.09402699768543243,0.08060099929571152,19112745,0.09402699768543243,0.08121299743652344
2022-08-27 00:00:00,0.08050499856472015,0.08117900043725967,0.07795699685811996,9133792,0.0823260024189949,0.08050499856472015
2022-08-28 00:00:00,0.0777439996600151,0.08044499903917313,0.07767000049352646,7835810,0.08250100165605545,0.0777439996600151
2022-08-29 00:00:00,0.08318199962377548,0.07775100320577621,0.07616999745368958,13758945,0.08473200350999832,0.08318199962377548
2022-08-30 00:00:00,0.08230599761009216,0.0831800028681755,0.0792739987373352,18450104,0.08683399856090546,0.08230599761009216
2022-08-31 00:00:00,0.0907910019159317,0.08235400170087814,0.08129800111055374,31469373,0.0972839966416359,0.0907910019159317
2022-09-01 00:00:00,0.09941399842500687,0.09092400223016739,0.08885200321674347,139785119,0.11911600083112717,0.09941399842500687
2022-09-02 00:00:00,0.08994299918413162,0.0994030013680458,0.08887100219726562,39736478,0.10210800170898438,0.08994299918413162
2022-09-03 00:00:00,0.08818600326776505,0.08992499858140945,0.08650200068950653,21800426,0.09237600117921829,0.08818600326776505
2022-09-04 00:00:00,0.08841100335121155,0.08818600326776505,0.08608300238847733,9522379,0.08937399834394455,0.08841100335121155
2022-09-05 00:00:00,0.09331300109624863,0.08844300359487534,0.08678899705410004,45781665,0.0959170013666153,0.09331300109624863
2022-09-06 00:00:00,0.09275300055742264,0.09323800355195999,0.08962400257587433,91619639,0.1114249974489212,0.09275300055742264
2022-09-07 00:00:00,0.09281700104475021,0.0925310030579567,0.08721499890089035,35835486,0.0967789962887764,0.09281700104475021
2022-09-08 00:00:00,0.10674100369215012,0.0927949994802475,0.0927949994802475,162776694,0.12642300128936768,0.10674100369215012
2022-09-09 00:00:00,0.15467800199985504,0.10665199905633926,0.10502099990844727,419425928,0.20443400740623474,0.15467800199985504
2022-09-10 00:00:00,0.18109500408172607,0.15401999652385712,0.150068998336792,353047864,0.2112939953804016,0.18109500408172607
2022-09-11 00:00:00,0.1621060073375702,0.181318998336792,0.15500299632549286,140261691,0.19063900411128998,0.1621060073375702
2022-09-12 00:00:00,0.1290300041437149,0.16214700043201447,0.1275079995393753,91124734,0.1687919944524765,0.1290300041437149
2022-09-13 00:00:00,0.14160899817943573,0.12938599288463593,0.12727800011634827,120053036,0.15646499395370483,0.14160899817943573
2022-09-14 00:00:00,0.11199899762868881,0.13795800507068634,0.09456799924373627,113422237,0.1512109935283661,0.11199899762868881
2022-09-15 00:00:00,0.10195700079202652,0.11235400289297104,0.1008009985089302,35924535,0.11330100148916245,0.10195700079202652
2022-09-16 00:00:00,0.11053299903869629,0.10195399820804596,0.10057099908590317,42116434,0.11731299757957458,0.11053299903869629
2022-09-17 00:00:00,0.10873699933290482,0.11058200150728226,0.10538300126791,25807015,0.11260899901390076,0.10873699933290482
2022-09-18 00:00:00,0.09405899792909622,0.10872600227594376,0.09272199869155884,22241354,0.10872600227594376,0.09405899792909622
2022-09-19 00:00:00,0.10242000222206116,0.09403499960899353,0.09403499960899353,33159145,0.1076430007815361,0.10242000222206116
2022-09-20 00:00:00,0.09429699927568436,0.1023859977722168,0.09220200031995773,22064265,0.10239200294017792,0.09429699927568436
2022-09-21 00:00:00,0.08908200263977051,0.09432599693536758,0.08603499829769135,21246235,0.09670799970626831,0.08908200263977051
2022-09-22 00:00:00,0.09669899940490723,0.08899199962615967,0.08872800320386887,24971968,0.10258699953556061,0.09669899940490723
2022-09-23 00:00:00,0.09437300264835358,0.09668099880218506,0.09233900159597397,18802928,0.102633997797966,0.09437300264835358
2022-09-24 00:00:00,0.09102000296115875,0.0943870022892952,0.09057100117206573,11498819,0.09621299803256989,0.09102000296115875
2022-09-25 00:00:00,0.08539099991321564,0.09096799790859222,0.08448000252246857,13036377,0.09258600324392319,0.08539099991321564
2022-09-26 00:00:00,0.09863000363111496,0.08539699763059616,0.08326300233602524,65428714,0.10832799971103668,0.09863000363111496
2022-09-27 00:00:00,0.09253600239753723,0.09865999966859818,0.09097199887037277,27970634,0.10094700008630753,0.09253600239753723
2022-09-28 08:58:00,0.0883864015340805,0.09247539937496185,0.08833793550729752,21189888,0.09247539937496185,0.0883864015340805
