timestamp,adjclose,low,close,volume,high,open
2020-08-17 00:00:00,1.367583990097046,1.366994023323059,1.367583990097046,1914058,1.4627560377120972,1.45243501663208
2020-08-18 00:00:00,1.2888920307159424,1.2343389987945557,1.2888920307159424,1576925,1.5179009437561035,1.3682509660720825
2020-08-19 00:00:00,1.2706799507141113,1.230573058128357,1.2706799507141113,1089875,1.3641140460968018,1.288696050643921
2020-08-20 00:00:00,1.1945379972457886,1.150136947631836,1.1945379972457886,911071,1.2890089750289917,1.2706799507141113
2020-08-21 00:00:00,1.014907956123352,1.0120279788970947,1.014907956123352,1386103,1.204880952835083,1.1945970058441162
2020-08-22 00:00:00,1.0700739622116089,0.9844369888305664,1.0700739622116089,982115,1.0863219499588013,1.0138260126113892
2020-08-23 00:00:00,1.0198349952697754,0.9882749915122986,1.0198349952697754,1001290,1.181583046913147,1.0699599981307983
2020-08-24 00:00:00,1.1840180158615112,0.925163984298706,1.1840180158615112,1324199,1.185657024383545,1.019866943359375
2020-08-25 00:00:00,1.3215960264205933,1.1632139682769775,1.3215960264205933,1505673,1.3352769613265991,1.1845149993896484
2020-08-26 00:00:00,1.2819989919662476,1.18464195728302,1.2819989919662476,913075,1.3221850395202637,1.3221850395202637
2020-08-27 00:00:00,1.2914340496063232,1.2585949897766113,1.2914340496063232,1308311,1.3704910278320312,1.2822229862213135
2020-08-28 00:00:00,1.2682809829711914,1.2547580003738403,1.2682809829711914,1112923,1.3801720142364502,1.2915170192718506
2020-08-29 00:00:00,1.2796050310134888,1.2592730522155762,1.2796050310134888,1083045,1.3907710313796997,1.2678550481796265
2020-08-30 00:00:00,1.3017749786376953,1.2778290510177612,1.3017749786376953,1516440,1.3783810138702393,1.280377984046936
2020-08-31 00:00:00,1.2314289808273315,1.1735529899597168,1.2314289808273315,1624260,1.3269269466400146,1.3014580011367798
2020-09-01 00:00:00,1.2493200302124023,1.1042040586471558,1.2493200302124023,1741071,1.3144739866256714,1.2311830520629883
2020-09-02 00:00:00,1.2659000158309937,1.164193034172058,1.2659000158309937,1506583,1.4958469867706299,1.2486480474472046
2020-09-03 00:00:00,1.1215020418167114,1.117313027381897,1.1215020418167114,1318408,1.6715660095214844,1.3192620277404785
2020-09-04 00:00:00,1.1769570112228394,0.9317629933357239,1.1769570112228394,985960,1.331725001335144,1.1200250387191772
2020-09-05 00:00:00,0.8528370261192322,0.6289349794387817,0.8528370261192322,814035,1.178467035293579,1.177111029624939
2020-09-06 00:00:00,1.0075370073318481,0.8517659902572632,1.0075370073318481,749373,1.1608439683914185,0.85275799036026
2020-09-07 00:00:00,1.0481150150299072,1.0023659467697144,1.0481150150299072,848173,1.0736650228500366,1.0074659585952759
2020-09-08 00:00:00,1.0374799966812134,1.0270979404449463,1.0374799966812134,1149174,1.2014379501342773,1.0480190515518188
2020-09-09 00:00:00,1.0734020471572876,1.0354770421981812,1.0734020471572876,380033,1.116428017616272,1.037619948387146
2020-09-10 00:00:00,1.0175349712371826,1.0068659782409668,1.0175349712371826,880710,1.0963029861450195,1.0734020471572876
2020-09-11 00:00:00,1.0448180437088013,0.9143210053443909,1.0448180437088013,779872,1.046354055404663,1.0169960260391235
2020-09-12 00:00:00,1.0251049995422363,1.0192710161209106,1.0251049995422363,805177,1.1085809469223022,1.0451860427856445
2020-09-13 00:00:00,1.0187920331954956,1.0041910409927368,1.0187920331954956,1143227,1.1564610004425049,1.0251049995422363
2020-09-14 00:00:00,1.0318299531936646,1.0055480003356934,1.0318299531936646,1325441,1.0817869901657104,1.0186090469360352
2020-09-15 00:00:00,0.9231359958648682,0.7449640035629272,0.9231359958648682,979616,1.03860604763031,1.0318299531936646
2020-09-16 00:00:00,0.8296530246734619,0.6817110180854797,0.8296530246734619,1026431,0.977620005607605,0.9235649704933167
2020-09-17 00:00:00,0.9077540040016174,0.8294469714164734,0.9077540040016174,898826,1.0568499565124512,0.8295900225639343
2020-09-18 00:00:00,0.8725200295448303,0.7949709892272949,0.8725200295448303,759872,0.9681270122528076,0.9077540040016174
2020-09-19 00:00:00,1.041599988937378,0.87226802110672,1.041599988937378,815389,1.0903990268707275,0.8726570010185242
2020-09-20 00:00:00,1.0762029886245728,1.0292320251464844,1.0762029886245728,780499,1.111875057220459,1.0340240001678467
2020-09-21 00:00:00,0.9435619711875916,0.9023690223693848,0.9435619711875916,1649909,1.077178955078125,1.0762029886245728
2020-09-22 00:00:00,0.985817015171051,0.9366310238838196,0.985817015171051,544645,0.985817015171051,0.9446370005607605
2020-09-23 00:00:00,0.9002199769020081,0.8996919989585876,0.9002199769020081,1025991,1.0004409551620483,0.9849119782447815
2020-09-24 00:00:00,0.973721981048584,0.8997489809989929,0.973721981048584,1222921,0.988756000995636,0.9002199769020081
2020-09-25 00:00:00,0.9730610251426697,0.9184560179710388,0.9730610251426697,55491,0.9979469776153564,0.9924010038375854
2020-09-26 00:00:00,0.9618650078773499,0.9586610198020935,0.9618650078773499,2647,0.9914209842681885,0.9730610251426697
2020-09-27 00:00:00,0.9614099860191345,0.8011199831962585,0.9614099860191345,428730,0.9905120134353638,0.9618650078773499
2020-09-28 00:00:00,0.9382280111312866,0.9381719827651978,0.9382280111312866,1438289,0.9648309946060181,0.962103009223938
2020-09-29 00:00:00,0.9397670030593872,0.9358890056610107,0.9397670030593872,852884,1.021224021911621,0.9382280111312866
2020-09-30 00:00:00,0.9284380078315735,0.8945299983024597,0.9284380078315735,2915506,0.9400110244750977,0.9398549795150757
2020-10-01 00:00:00,0.8869749903678894,0.8790479898452759,0.8869749903678894,2530812,0.957781970500946,0.928525984287262
2020-10-02 00:00:00,0.8165130019187927,0.8106719851493835,0.8165130019187927,1713529,0.9099500179290771,0.8855090141296387
2020-10-03 00:00:00,0.8673009872436523,0.8177139759063721,0.8673009872436523,1218939,0.8854979872703552,0.818697988986969
2020-10-04 00:00:00,0.8377770185470581,0.8292009830474854,0.8377770185470581,1750205,0.8744789958000183,0.8611760139465332
2020-10-05 00:00:00,0.7483929991722107,0.7479860186576843,0.7483929991722107,2322171,0.8464469909667969,0.8378310203552246
2020-10-06 00:00:00,0.6670439839363098,0.6670420169830322,0.6670439839363098,2094736,0.7521430253982544,0.748291015625
2020-10-07 00:00:00,0.6213709712028503,0.6110699772834778,0.6213709712028503,2020492,0.6756680011749268,0.6670439839363098
2020-10-08 00:00:00,0.5958759784698486,0.5863839983940125,0.5958759784698486,2471955,0.6211860179901123,0.6179400086402893
2020-10-09 00:00:00,0.6416339874267578,0.5925890207290649,0.6416339874267578,2105020,0.753449022769928,0.5933079719543457
2020-10-10 00:00:00,0.6433969736099243,0.6387779712677002,0.6433969736099243,2172151,0.6656270027160645,0.6415590047836304
2020-10-11 00:00:00,0.640854001045227,0.6313539743423462,0.640854001045227,1542684,0.6518830060958862,0.6413120031356812
2020-10-12 00:00:00,0.6143900156021118,0.5937420129776001,0.6143900156021118,2647126,0.6501269936561584,0.6438680291175842
2020-10-13 00:00:00,0.6097339987754822,0.5959500074386597,0.6097339987754822,2567627,0.6230890154838562,0.6125389933586121
2020-10-14 00:00:00,0.7377259731292725,0.6081609725952148,0.7377259731292725,3189852,0.7804840207099915,0.6097350120544434
2020-10-15 00:00:00,0.6785789728164673,0.6778690218925476,0.6785789728164673,3634087,0.7812290191650391,0.7422469854354858
2020-10-16 00:00:00,0.6535230278968811,0.6532530188560486,0.6535230278968811,2595103,0.7012400031089783,0.6798779964447021
2020-10-17 00:00:00,0.6032779812812805,0.6029549837112427,0.6032779812812805,1504135,0.6603429913520813,0.6536239981651306
2020-10-18 00:00:00,0.6171360015869141,0.6028289794921875,0.6171360015869141,2256946,0.6271520256996155,0.6032879948616028
2020-10-19 00:00:00,0.5975589752197266,0.5964490175247192,0.5975589752197266,3857768,0.6171360015869141,0.6171360015869141
2020-10-20 00:00:00,0.5490009784698486,0.5425320267677307,0.5490009784698486,2940417,0.6020410060882568,0.5974850058555603
2020-10-21 00:00:00,0.555849015712738,0.5370849967002869,0.555849015712738,3043471,0.5591359734535217,0.5479660034179688
2020-10-22 00:00:00,0.5311040282249451,0.5138189792633057,0.5311040282249451,1976033,0.5569649934768677,0.5558069944381714
2020-10-23 00:00:00,0.5182880163192749,0.5110719799995422,0.5182880163192749,1636794,0.534525990486145,0.5312029719352722
2020-10-24 00:00:00,0.517865002155304,0.5058770179748535,0.517865002155304,1435868,0.5210130214691162,0.5182859897613525
2020-10-25 00:00:00,0.5067610144615173,0.5044869780540466,0.5067610144615173,1809463,0.5219060182571411,0.5178459882736206
2020-10-26 00:00:00,0.5410209894180298,0.5049149990081787,0.5410209894180298,2973907,0.5514519810676575,0.5067800283432007
2020-10-27 00:00:00,0.5145050287246704,0.5142589807510376,0.5145050287246704,3245120,0.5421329736709595,0.5410460233688354
2020-10-28 00:00:00,0.43028199672698975,0.38314300775527954,0.43028199672698975,2567578,0.5179579854011536,0.5145620107650757
2020-10-29 00:00:00,0.4102979898452759,0.40803098678588867,0.4102979898452759,2026932,0.43116700649261475,0.4302709996700287
2020-10-30 00:00:00,0.3902150094509125,0.3851209878921509,0.3902150094509125,1305420,0.4142509996891022,0.4102669954299927
2020-10-31 00:00:00,0.3835360109806061,0.3811059892177582,0.3835360109806061,2144688,0.39991798996925354,0.3902220129966736
2020-11-01 00:00:00,0.41019201278686523,0.38270100951194763,0.41019201278686523,2207946,0.41901901364326477,0.3835340142250061
2020-11-02 00:00:00,0.3691839873790741,0.36487099528312683,0.3691839873790741,2820405,0.41931599378585815,0.4102430045604706
2020-11-03 00:00:00,0.3633350133895874,0.35986199975013733,0.3633350133895874,2340025,0.3708670139312744,0.36916598677635193
2020-11-04 00:00:00,0.3647820055484772,0.3487339913845062,0.3647820055484772,2162928,0.3702090084552765,0.3634380102157593
2020-11-05 00:00:00,0.35118499398231506,0.34689900279045105,0.35118499398231506,1660151,0.38405001163482666,0.36479100584983826
2020-11-06 00:00:00,0.36229899525642395,0.3486590087413788,0.36229899525642395,955233,0.3664900064468384,0.3512119948863983
2020-11-07 00:00:00,0.3652600049972534,0.3614020049571991,0.3652600049972534,848630,0.3810490071773529,0.3623400032520294
2020-11-08 00:00:00,0.3809269964694977,0.36457398533821106,0.3809269964694977,842017,0.3881640136241913,0.3652009963989258
2020-11-09 00:00:00,0.3533779978752136,0.35290199518203735,0.3533779978752136,1023457,0.38368499279022217,0.38091298937797546
2020-11-10 00:00:00,0.3077149987220764,0.18111300468444824,0.3077149987220764,834418,0.36621201038360596,0.3533630073070526
2020-11-11 00:00:00,0.4190790057182312,0.3055979907512665,0.4190790057182312,775899,0.4227379858493805,0.30769801139831543
2020-11-12 00:00:00,0.3679249882698059,0.3592430055141449,0.3679249882698059,1462797,0.42049700021743774,0.4191179871559143
2020-11-13 00:00:00,0.37480801343917847,0.3584910035133362,0.37480801343917847,632191,0.3776809871196747,0.36791500449180603
2020-11-14 00:00:00,0.3683750033378601,0.3289720118045807,0.3683750033378601,566801,0.3754410147666931,0.3748190104961395
2020-11-15 00:00:00,0.37480300664901733,0.3649410009384155,0.37480300664901733,569204,0.3782370090484619,0.368366003036499
2020-11-16 00:00:00,0.39959898591041565,0.3723669946193695,0.39959898591041565,1385323,0.4018329977989197,0.37478598952293396
2020-11-17 00:00:00,0.41921699047088623,0.39861801266670227,0.41921699047088623,1596722,0.42381298542022705,0.4003539979457855
2020-11-18 00:00:00,0.38704100251197815,0.3028720021247864,0.38704100251197815,1310966,0.453794002532959,0.4191890060901642
2020-11-19 00:00:00,0.40319299697875977,0.3796760141849518,0.40319299697875977,555882,0.4195080101490021,0.387035995721817
2020-11-20 00:00:00,0.41551700234413147,0.4020000100135803,0.41551700234413147,829265,0.4228059947490692,0.4032000005245209
2020-11-21 00:00:00,0.4187920093536377,0.41364601254463196,0.4187920093536377,805195,0.42078399658203125,0.4155009984970093
2020-11-22 00:00:00,0.4458799958229065,0.414122998714447,0.4458799958229065,919280,0.5173119902610779,0.4187929928302765
2020-11-23 00:00:00,0.39581099152565,0.32430699467658997,0.39581099152565,906529,0.45120400190353394,0.4458729922771454
2020-11-24 00:00:00,0.39674100279808044,0.3628529906272888,0.39674100279808044,1218357,0.45312100648880005,0.395797997713089
2020-11-25 00:00:00,0.37384501099586487,0.3624430000782013,0.37384501099586487,829356,0.4033060073852539,0.3968369960784912
2020-11-26 00:00:00,0.3913080096244812,0.301705002784729,0.3913080096244812,1532334,0.4777750074863434,0.3738330006599426
2020-11-27 00:00:00,0.4430609941482544,0.3547939956188202,0.4430609941482544,490255,0.47487199306488037,0.3914470076560974
2020-11-28 00:00:00,0.4256649911403656,0.42341798543930054,0.4256649911403656,629349,0.4448989927768707,0.44306299090385437
2020-11-29 00:00:00,0.427621990442276,0.42257100343704224,0.427621990442276,835481,0.42861101031303406,0.42566800117492676
2020-11-30 00:00:00,0.3534480035305023,0.3241569995880127,0.3534480035305023,1620449,0.43142300844192505,0.4276160001754761
2020-12-01 00:00:00,0.4151569902896881,0.3179199993610382,0.4151569902896881,1133491,0.43861499428749084,0.35343998670578003
2020-12-02 00:00:00,0.38310399651527405,0.3764269948005676,0.38310399651527405,531920,0.4163390100002289,0.41516199707984924
2020-12-03 00:00:00,0.385233998298645,0.37653499841690063,0.385233998298645,713846,0.3886129856109619,0.38310399651527405
2020-12-04 00:00:00,0.4011789858341217,0.384456992149353,0.4011789858341217,716170,0.4043850004673004,0.38522499799728394
2020-12-05 00:00:00,0.35409098863601685,0.35301700234413147,0.35409098863601685,632704,0.405799001455307,0.4011630117893219
2020-12-06 00:00:00,0.41251900792121887,0.3536289930343628,0.41251900792121887,853444,0.42184099555015564,0.354092001914978
2020-12-07 00:00:00,0.40539899468421936,0.4024609923362732,0.40539899468421936,1368017,0.41502100229263306,0.4124259948730469
2020-12-08 00:00:00,0.3736329972743988,0.37230101227760315,0.3736329972743988,1678495,0.40857601165771484,0.40544599294662476
2020-12-09 00:00:00,0.4131369888782501,0.3549630045890808,0.4131369888782501,1582936,0.42142701148986816,0.373522013425827
2020-12-10 00:00:00,0.39704298973083496,0.3713130056858063,0.39704298973083496,839885,0.45251500606536865,0.41312500834465027
2020-12-11 00:00:00,0.38728100061416626,0.38488200306892395,0.38728100061416626,1480687,0.3975130021572113,0.3970699906349182
2020-12-12 00:00:00,0.30577200651168823,0.29966700077056885,0.30577200651168823,975307,0.38804399967193604,0.38728898763656616
2020-12-13 00:00:00,0.3042750060558319,0.29237300157546997,0.3042750060558319,1457035,0.3082680106163025,0.305757999420166
2020-12-14 00:00:00,0.3124940097332001,0.3036220073699951,0.3124940097332001,994308,0.3149319887161255,0.30427199602127075
2020-12-15 00:00:00,0.312049001455307,0.3118259906768799,0.312049001455307,1464613,0.3142099976539612,0.3124980032444
2020-12-16 00:00:00,0.3125999867916107,0.3111940026283264,0.3125999867916107,1911517,0.31545498967170715,0.312032014131546
2020-12-17 00:00:00,0.30150100588798523,0.30148598551750183,0.30150100588798523,2469008,0.3167459964752197,0.3125529885292053
2020-12-18 00:00:00,0.2193329930305481,0.21528500318527222,0.2193329930305481,633694,0.30395400524139404,0.3015429973602295
2020-12-19 00:00:00,0.23262399435043335,0.21894800662994385,0.23262399435043335,1094184,0.2770110070705414,0.2193329930305481
2020-12-20 00:00:00,0.20326900482177734,0.20134499669075012,0.20326900482177734,1276291,0.25181999802589417,0.23262299597263336
2020-12-21 00:00:00,0.1980540007352829,0.19591400027275085,0.1980540007352829,1703378,0.20449300110340118,0.20327700674533844
2020-12-22 00:00:00,0.19274300336837769,0.1853339970111847,0.19274300336837769,4241533,0.24946799874305725,0.1979600042104721
2020-12-23 00:00:00,0.19243000447750092,0.19053000211715698,0.19243000447750092,6479688,0.2514129877090454,0.19273799657821655
2020-12-24 00:00:00,0.19167399406433105,0.18523000180721283,0.19167399406433105,791710,0.1941860020160675,0.1924230009317398
2020-12-25 00:00:00,0.18310099840164185,0.158828005194664,0.18310099840164185,1128187,0.20881399512290955,0.19164299964904785
2020-12-26 00:00:00,0.15576200187206268,0.150736004114151,0.15576200187206268,1135865,0.18448899686336517,0.18310000002384186
2020-12-27 00:00:00,0.1511469930410385,0.1511469930410385,0.1511469930410385,2354460,0.1618890017271042,0.1557770073413849
2020-12-28 00:00:00,0.13360700011253357,0.13322900235652924,0.13360700011253357,701583,0.15448600053787231,0.1511169970035553
2020-12-29 00:00:00,0.13002599775791168,0.12019799649715424,0.13002599775791168,918806,0.134102001786232,0.1336050033569336
2020-12-30 00:00:00,0.1492689996957779,0.13002599775791168,0.1492689996957779,1638605,0.15575599670410156,0.13002599775791168
2020-12-31 00:00:00,0.15021799504756927,0.13936999440193176,0.15021799504756927,1040198,0.15247799456119537,0.149276003241539
2021-01-01 00:00:00,0.16041800379753113,0.1498589962720871,0.16041800379753113,821729,0.16087399423122406,0.15021799504756927
2021-01-02 00:00:00,0.1678290069103241,0.15983200073242188,0.1678290069103241,2729348,0.18223099410533905,0.16042999923229218
2021-01-03 00:00:00,0.16993500292301178,0.16721199452877045,0.16993500292301178,1978192,0.17185600101947784,0.1678989976644516
2021-01-04 00:00:00,0.1723330020904541,0.16653099656105042,0.1723330020904541,1073261,0.1750359982252121,0.16986699402332306
2021-01-05 00:00:00,0.14889800548553467,0.1302880048751831,0.14889800548553467,1088121,0.17916400730609894,0.172325998544693
2021-01-06 00:00:00,0.15731799602508545,0.1453000009059906,0.15731799602508545,1546230,0.15917399525642395,0.14890199899673462
2021-01-07 00:00:00,0.1749880015850067,0.15577299892902374,0.1749880015850067,1379513,0.19320499897003174,0.15729999542236328
2021-01-08 00:00:00,0.1767140030860901,0.17145699262619019,0.1767140030860901,1439677,0.1867550015449524,0.17500199377536774
2021-01-09 00:00:00,0.1757510006427765,0.1680620014667511,0.1757510006427765,669547,0.183788001537323,0.17670099437236786
2021-01-10 00:00:00,0.17937099933624268,0.1721470057964325,0.17937099933624268,1363952,0.1864279955625534,0.1757269948720932
2021-01-11 00:00:00,0.15935400128364563,0.146589994430542,0.15935400128364563,2957405,0.17942999303340912,0.17935599386692047
2021-01-12 00:00:00,0.15921799838542938,0.15146200358867645,0.15921799838542938,739973,0.16742700338363647,0.15938399732112885
2021-01-13 00:00:00,0.16463600099086761,0.14969700574874878,0.16463600099086761,966582,0.1648399978876114,0.15924300253391266
2021-01-14 00:00:00,0.1695840060710907,0.1645839959383011,0.1695840060710907,1128691,0.22876299917697906,0.16464799642562866
2021-01-15 00:00:00,0.15795500576496124,0.15544599294662476,0.15795500576496124,383367,0.1709280014038086,0.16957400739192963
2021-01-16 00:00:00,0.17495599389076233,0.15595600008964539,0.17495599389076233,83226,0.19360299408435822,0.15804199874401093
2021-01-17 00:00:00,0.15370400249958038,0.14366500079631805,0.15370400249958038,70644,0.17695699632167816,0.17493100464344025
2021-01-18 00:00:00,0.1496729999780655,0.1251700073480606,0.1496729999780655,81110,0.17190299928188324,0.1536320000886917
2021-01-19 00:00:00,0.19096900522708893,0.14901499450206757,0.19096900522708893,75592,0.21860599517822266,0.14951099455356598
2021-01-20 00:00:00,0.14396700263023376,0.1387680023908615,0.14396700263023376,30821,0.19101999700069427,0.19077900052070618
2021-01-21 00:00:00,0.14620700478553772,0.13925500214099884,0.14620700478553772,95991,0.17746399343013763,0.14397600293159485
2021-01-22 00:00:00,0.14507000148296356,0.12860099971294403,0.14507000148296356,116343,0.14960899949073792,0.14622299373149872
2021-01-23 00:00:00,0.12738199532032013,0.08365000039339066,0.12738199532032013,51234,0.18832699954509735,0.14506399631500244
2021-01-24 00:00:00,0.12932099401950836,0.12236999720335007,0.12932099401950836,91392,0.13431499898433685,0.12740099430084229
2021-01-25 00:00:00,0.1749580055475235,0.11434199661016464,0.1749580055475235,142798,0.18675599992275238,0.12924900650978088
2021-01-26 00:00:00,0.15453900396823883,0.1470160037279129,0.15453900396823883,96625,0.177838996052742,0.17503100633621216
2021-01-27 00:00:00,0.15129800140857697,0.14874400198459625,0.15129800140857697,102868,0.15695099532604218,0.15447600185871124
2021-01-28 00:00:00,0.16167199611663818,0.14897499978542328,0.16167199611663818,110943,0.1644359976053238,0.15143899619579315
2021-01-29 00:00:00,0.19241300225257874,0.16182300448417664,0.19241300225257874,247030,0.22186900675296783,0.1666959971189499
2021-01-30 00:00:00,0.18570999801158905,0.17724600434303284,0.18570999801158905,46500,0.21249699592590332,0.19263200461864471
2021-01-31 00:00:00,0.1888969987630844,0.15341100096702576,0.1888969987630844,73819,0.20012900233268738,0.185589998960495
2021-02-01 00:00:00,0.26157599687576294,0.18655399978160858,0.26157599687576294,122214,0.26899099349975586,0.18881499767303467
2021-02-02 00:00:00,0.35974401235580444,0.21617600321769714,0.35974401235580444,19009,0.36419299244880676,0.26171401143074036
2021-02-03 00:00:00,0.3262290060520172,0.27110201120376587,0.3262290060520172,14109,0.3960750102996826,0.35980701446533203
2021-02-04 00:00:00,1.414320945739746,0.2752690017223358,1.414320945739746,141803,1.7968430519104004,0.3262360095977783
2021-02-05 00:00:00,1.7562479972839355,1.311061978340149,1.7562479972839355,151994,1.9338840246200562,1.4142190217971802
2021-02-06 00:00:00,1.3944419622421265,0.929436981678009,1.3944419622421265,154759,1.761823058128357,1.7572799921035767
2021-02-07 00:00:00,1.0825790166854858,1.0440200567245483,1.0825790166854858,108480,1.5102230310440063,1.3950910568237305
2021-02-08 00:00:00,1.3068979978561401,1.0264509916305542,1.3068979978561401,200789,1.6499630212783813,1.0825270414352417
2021-02-09 00:00:00,1.2028390169143677,1.1999809741973877,1.2028390169143677,126704,1.412477970123291,1.3074450492858887
2021-02-10 00:00:00,1.185081958770752,1.0592139959335327,1.185081958770752,91498,1.2317969799041748,1.2083179950714111
2021-02-11 00:00:00,1.1757680177688599,1.1369459629058838,1.1757680177688599,110892,1.2573659420013428,1.1847089529037476
2021-02-12 00:00:00,1.3207429647445679,1.139786958694458,1.3207429647445679,103964,1.3244010210037231,1.175927996635437
2021-02-13 00:00:00,1.3427720069885254,1.3013999462127686,1.3427720069885254,81771,1.3554790019989014,1.320520043373108
2021-02-14 00:00:00,1.2614190578460693,1.2614190578460693,1.2614190578460693,107437,1.5130189657211304,1.342708945274353
2021-02-15 00:00:00,1.2133920192718506,1.0938869714736938,1.2133920192718506,151639,1.2931259870529175,1.260975956916809
2021-02-16 00:00:00,1.1608250141143799,1.0023159980773926,1.1608250141143799,131323,1.3199000358581543,1.2134369611740112
2021-02-17 00:00:00,1.1096949577331543,0.9158909916877747,1.1096949577331543,96239,1.182070016860962,1.1604299545288086
2021-02-18 00:00:00,1.2869019508361816,1.0646389722824097,1.2869019508361816,136826,1.2869600057601929,1.1096099615097046
2021-02-19 00:00:00,2.744523048400879,1.1849499940872192,2.744523048400879,971233,3.2576470375061035,1.2868939638137817
2021-02-20 00:00:00,2.790597915649414,2.012805938720703,2.790597915649414,533384,3.4757299423217773,2.744642972946167
2021-02-21 00:00:00,3.9006359577178955,2.5040059089660645,3.9006359577178955,349667,4.265937805175781,2.790618896484375
2021-02-22 00:00:00,4.9131669998168945,3.5883119106292725,4.9131669998168945,3845677,5.631066799163818,3.9006049633026123
2021-02-23 00:00:00,4.447399139404297,2.9364829063415527,4.447399139404297,1935494,5.131360054016113,4.917118072509766
2021-02-24 00:00:00,5.634823799133301,3.45939302444458,5.634823799133301,1483002,5.794802188873291,4.447483062744141
2021-02-25 00:00:00,4.317752838134766,4.095359802246094,4.317752838134766,1556375,5.827792167663574,5.635008811950684
2021-02-26 00:00:00,3.92208194732666,3.475250005722046,3.92208194732666,1245281,4.364601135253906,4.317506790161133
2021-02-27 00:00:00,3.5332300662994385,3.3983840942382812,3.5332300662994385,1187023,4.180339813232422,3.922189950942993
2021-02-28 00:00:00,2.8384110927581787,2.5810060501098633,2.8384110927581787,456026,3.533134937286377,3.533134937286377
2021-03-01 00:00:00,3.3060450553894043,2.724982976913452,3.3060450553894043,1476753,3.564399003982544,2.8384759426116943
2021-03-02 00:00:00,2.776499032974243,2.720146894454956,2.776499032974243,746991,3.336466073989868,3.306143045425415
2021-03-03 00:00:00,3.0369300842285156,2.7453360557556152,3.0369300842285156,425748,3.326288938522339,2.7764649391174316
2021-03-04 00:00:00,2.6879289150238037,2.611315965652466,2.6879289150238037,516444,3.052551031112671,3.036952018737793
2021-03-05 00:00:00,2.2868449687957764,2.2868449687957764,2.2868449687957764,109055,2.7610061168670654,2.6880040168762207
2021-03-06 00:00:00,2.796912908554077,2.2866899967193604,2.796912908554077,455525,2.869947910308838,2.2866899967193604
2021-03-07 00:00:00,2.9406731128692627,2.6045570373535156,2.9406731128692627,442904,2.958559989929199,2.796966075897217
2021-03-08 00:00:00,3.940294027328491,2.8187758922576904,3.940294027328491,579447,3.9564309120178223,2.9405860900878906
2021-03-09 00:00:00,3.746464967727661,3.4596428871154785,3.746464967727661,1824914,4.3393168449401855,3.9403059482574463
2021-03-10 00:00:00,3.831855058670044,3.507849931716919,3.831855058670044,881618,4.0245161056518555,3.746530055999756
2021-03-11 00:00:00,3.5202219486236572,3.452483892440796,3.5202219486236572,89343,3.854203939437866,3.8318419456481934
2021-03-12 00:00:00,3.6152069568634033,3.4755589962005615,3.6152069568634033,400239,3.9876890182495117,3.520327091217041
2021-03-13 00:00:00,3.122725009918213,3.1226370334625244,3.122725009918213,412627,3.6155800819396973,3.615022897720337
2021-03-14 00:00:00,2.8018040657043457,2.8018040657043457,2.8018040657043457,77585,3.220669984817505,3.1225459575653076
2021-03-15 00:00:00,2.9095890522003174,2.800784111022949,2.9095890522003174,485361,3.3499701023101807,2.800784111022949
2021-03-16 00:00:00,3.013788938522339,2.094305992126465,3.013788938522339,1658424,3.055180072784424,2.909730911254883
2021-03-17 00:00:00,3.181957960128784,2.928395986557007,3.181957960128784,1118821,3.3048219680786133,3.0138111114501953
2021-03-18 00:00:00,3.247339963912964,3.0729920864105225,3.247339963912964,645193,3.3466250896453857,3.1819469928741455
2021-03-19 00:00:00,3.171329975128174,3.0729401111602783,3.171329975128174,790747,3.4412119388580322,3.2471110820770264
2021-03-20 00:00:00,3.1374549865722656,3.0882179737091064,3.1374549865722656,956199,3.3819150924682617,3.170922040939331
2021-03-21 00:00:00,3.1844100952148438,2.994209051132202,3.1844100952148438,597305,3.3265750408172607,3.136986017227173
2021-03-22 00:00:00,2.775455951690674,2.726886034011841,2.775455951690674,597069,3.2461071014404297,3.1847798824310303
2021-03-23 00:00:00,2.769728899002075,2.5753159523010254,2.769728899002075,552426,2.9298338890075684,2.775585889816284
2021-03-24 00:00:00,2.412161111831665,2.3734679222106934,2.412161111831665,531810,2.9129691123962402,2.770106077194214
2021-03-25 00:00:00,2.48003888130188,2.2209360599517822,2.48003888130188,582659,2.661497116088867,2.4122281074523926
2021-03-26 00:00:00,2.5548789501190186,2.4224419593811035,2.5548789501190186,545611,2.655057907104492,2.479907989501953
2021-03-27 00:00:00,2.8103129863739014,2.5235509872436523,2.8103129863739014,556775,2.8392109870910645,2.554640054702759
2021-03-28 00:00:00,2.78108811378479,2.575566053390503,2.78108811378479,770327,3.4260149002075195,2.8105220794677734
2021-03-29 00:00:00,3.084130048751831,2.7153429985046387,3.084130048751831,741794,3.1783881187438965,2.7808620929718018
2021-03-30 00:00:00,3.0700740814208984,2.8958849906921387,3.0700740814208984,551351,3.191983938217163,3.0840260982513428
2021-03-31 00:00:00,2.9630959033966064,2.836432933807373,2.9630959033966064,597191,3.201230049133301,3.070341110229492
2021-04-01 00:00:00,2.780493974685669,2.7429609298706055,2.780493974685669,571269,2.975888967514038,2.9629790782928467
2021-04-02 00:00:00,2.7609341144561768,2.6925110816955566,2.7609341144561768,483274,2.8846020698547363,2.7802350521087646
2021-04-03 00:00:00,2.696929931640625,2.685091018676758,2.696929931640625,363224,2.849018096923828,2.7607500553131104
2021-04-04 00:00:00,2.739717960357666,2.5741689205169678,2.739717960357666,283553,2.8441600799560547,2.6965599060058594
2021-04-05 00:00:00,2.657850980758667,2.5499041080474854,2.657850980758667,603997,2.826533079147339,2.739975929260254
2021-04-06 00:00:00,2.671502113342285,2.5827219486236572,2.671502113342285,465695,2.729836940765381,2.658581018447876
2021-04-07 00:00:00,2.5491158962249756,2.5010368824005127,2.5491158962249756,411849,2.7103700637817383,2.671513080596924
2021-04-08 00:00:00,2.67448091506958,2.504328966140747,2.67448091506958,265224,2.699846029281616,2.5482280254364014
2021-04-09 00:00:00,2.820096015930176,2.634532928466797,2.820096015930176,360091,2.8693130016326904,2.6744399070739746
2021-04-10 00:00:00,2.7433021068573,2.655503988265991,2.7433021068573,455326,2.888650894165039,2.820082902908325
2021-04-11 00:00:00,2.782090902328491,2.552022933959961,2.782090902328491,475835,2.788361072540283,2.743333101272583
2021-04-12 00:00:00,2.666440963745117,2.5920069217681885,2.666440963745117,745720,2.8604190349578857,2.7817680835723877
2021-04-13 00:00:00,2.921621084213257,2.6328909397125244,2.921621084213257,1159857,3.205112934112549,2.666393995285034
2021-04-14 00:00:00,3.2672650814056396,2.9048759937286377,3.2672650814056396,1118940,3.442038059234619,2.92120099067688
2021-04-15 00:00:00,3.454596996307373,3.216555118560791,3.454596996307373,711163,3.5820910930633545,3.2675468921661377
2021-04-16 00:00:00,3.0704898834228516,2.783864974975586,3.0704898834228516,789123,3.569119930267334,3.4537529945373535
2021-04-17 00:00:00,3.0885910987854004,2.907844066619873,3.0885910987854004,846017,3.2756640911102295,3.069993019104004
2021-04-18 00:00:00,2.715049982070923,2.554105043411255,2.715049982070923,978616,3.1212310791015625,3.088850975036621
2021-04-19 00:00:00,2.5564019680023193,2.534482002258301,2.5564019680023193,615276,2.975464105606079,2.7155539989471436
2021-04-20 00:00:00,2.5833470821380615,2.3077220916748047,2.5833470821380615,482035,2.6774110794067383,2.555509090423584
2021-04-21 00:00:00,2.4948930740356445,2.4113099575042725,2.4948930740356445,472816,2.6626200675964355,2.583353042602539
2021-04-22 00:00:00,2.332376003265381,2.2888989448547363,2.332376003265381,440096,2.5331640243530273,2.4946939945220947
2021-04-23 00:00:00,2.065401077270508,1.8596550226211548,2.065401077270508,1033183,2.5314619541168213,2.3325090408325195
2021-04-24 00:00:00,1.8461339473724365,1.6391240358352661,1.8461339473724365,387214,2.1051840782165527,2.065768003463745
2021-04-25 00:00:00,1.8881950378417969,1.6827670335769653,1.8881950378417969,421726,1.9593650102615356,1.8457380533218384
2021-04-26 00:00:00,2.08107590675354,1.8775750398635864,2.08107590675354,680058,2.246635913848877,1.8879280090332031
2021-04-27 00:00:00,2.2378358840942383,1.927427053451538,2.2378358840942383,483854,2.476655960083008,2.0814390182495117
2021-04-28 00:00:00,2.1788110733032227,1.9704400300979614,2.1788110733032227,992939,2.3512589931488037,2.237787961959839
2021-04-29 00:00:00,4.078827857971191,1.9913630485534668,4.078827857971191,6398915,4.28184700012207,2.1787109375
2021-04-30 00:00:00,4.927929878234863,3.8646950721740723,4.927929878234863,3845717,5.1277971267700195,4.078815937042236
2021-05-01 00:00:00,3.9178619384765625,3.802823066711426,3.9178619384765625,1678842,5.146468162536621,4.928586959838867
2021-05-02 00:00:00,7.053445816040039,3.6912600994110107,7.053445816040039,9042775,7.9977521896362305,3.9175920486450195
2021-05-03 00:00:00,10.67642593383789,7.054121971130371,10.67642593383789,10228830,11.114307403564453,7.054121971130371
2021-05-04 00:00:00,8.604409217834473,7.420223236083984,8.604409217834473,5163787,10.724061965942383,10.676624298095703
2021-05-05 00:00:00,9.451933860778809,7.001156806945801,9.451933860778809,3837919,9.60200309753418,8.602655410766602
2021-05-06 00:00:00,10.126139640808105,9.374353408813477,10.126139640808105,4848153,10.530924797058105,9.44953727722168
2021-05-07 00:00:00,9.30920696258545,9.015350341796875,9.30920696258545,4895294,10.48283863067627,10.128540992736816
2021-05-08 00:00:00,8.615702629089355,7.523327827453613,8.615702629089355,3939400,9.311622619628906,9.311622619628906
2021-05-09 00:00:00,8.028678894042969,7.276223182678223,8.028678894042969,3063627,8.821356773376465,8.61489486694336
2021-05-10 00:00:00,7.988123893737793,7.813732147216797,7.988123893737793,3612847,9.790340423583984,8.028960227966309
2021-05-11 00:00:00,7.9080810546875,7.257153034210205,7.9080810546875,2252826,8.955209732055664,7.98848295211792
2021-05-12 00:00:00,7.798250198364258,7.52138090133667,7.798250198364258,2895794,8.844709396362305,7.907337188720703
2021-05-13 00:00:00,5.759745121002197,5.415660858154297,5.759745121002197,2522964,7.82234001159668,7.798239231109619
2021-05-14 00:00:00,6.510495185852051,5.482994079589844,6.510495185852051,2019392,7.1029767990112305,5.758351802825928
2021-05-15 00:00:00,6.398685932159424,6.342142105102539,6.398685932159424,1726364,8.100920677185059,6.511385917663574
2021-05-16 00:00:00,6.13432502746582,5.924904823303223,6.13432502746582,1752863,7.1099090576171875,6.396647930145264
2021-05-17 00:00:00,5.543124198913574,4.611447811126709,5.543124198913574,1376818,6.138463020324707,6.134410858154297
2021-05-18 00:00:00,5.245731830596924,4.8592047691345215,5.245731830596924,926398,5.983547210693359,5.540966987609863
2021-05-19 00:00:00,3.843082904815674,3.444027900695801,3.843082904815674,1209466,5.246027946472168,5.246027946472168
2021-05-20 00:00:00,3.6472890377044678,3.111488103866577,3.6472890377044678,278555,6.526838779449463,3.842987060546875
2021-05-21 00:00:00,2.961780071258545,2.901684045791626,2.961780071258545,178504,4.100149154663086,3.6474790573120117
2021-05-22 00:00:00,2.729063034057617,2.5041399002075195,2.729063034057617,171478,3.403006076812744,2.961817979812622
2021-05-23 00:00:00,2.204838991165161,1.6560029983520508,2.204838991165161,162685,2.759310007095337,2.7287349700927734
2021-05-24 00:00:00,3.693471908569336,2.1605310440063477,3.693471908569336,257130,3.781816005706787,2.204996109008789
2021-05-25 00:00:00,3.0775818824768066,2.7574620246887207,3.0775818824768066,175700,3.6963860988616943,3.693666934967041
2021-05-26 00:00:00,3.2036540508270264,2.9370059967041016,3.2036540508270264,176166,3.6355020999908447,3.0778379440307617
2021-05-27 00:00:00,3.139693021774292,2.7082009315490723,3.139693021774292,336632,3.85502290725708,3.203450918197632
2021-05-28 00:00:00,2.6576929092407227,2.3035309314727783,2.6576929092407227,224184,3.545248031616211,3.139612913131714
2021-05-29 00:00:00,2.5221009254455566,2.4055380821228027,2.5221009254455566,389680,3.3508620262145996,2.6573901176452637
2021-05-30 00:00:00,2.668872117996216,2.436832904815674,2.668872117996216,157696,2.9201459884643555,2.522113084793091
2021-05-31 00:00:00,2.621256113052368,2.418826103210449,2.621256113052368,153608,2.8112480640411377,2.6691598892211914
2021-06-01 00:00:00,2.6720540523529053,2.602963924407959,2.6720540523529053,154736,3.0579960346221924,2.621393918991089
2021-06-02 00:00:00,2.8092010021209717,2.6408700942993164,2.8092010021209717,158627,2.8798038959503174,2.672353982925415
2021-06-03 00:00:00,3.1113429069519043,2.688957929611206,3.1113429069519043,882919,3.2950150966644287,2.8095450401306152
2021-06-04 00:00:00,3.303718090057373,2.7351419925689697,3.303718090057373,1296055,3.367569923400879,3.1116199493408203
2021-06-05 00:00:00,3.027848958969116,2.998908042907715,3.027848958969116,1127004,3.585216999053955,3.301719903945923
2021-06-06 00:00:00,2.9667000770568848,2.9352331161499023,2.9667000770568848,535806,3.162332057952881,3.026705026626587
2021-06-07 00:00:00,2.6817378997802734,2.676224946975708,2.6817378997802734,452463,3.214092969894409,2.967082977294922
2021-06-08 00:00:00,2.5292139053344727,2.379940986633301,2.5292139053344727,440422,2.7990729808807373,2.680389881134033
2021-06-09 00:00:00,2.5364251136779785,2.3022000789642334,2.5364251136779785,247490,2.598160982131958,2.528994083404541
2021-06-10 00:00:00,2.36523699760437,2.3533449172973633,2.36523699760437,352805,2.7056210041046143,2.5362679958343506
2021-06-11 00:00:00,2.297513008117676,2.2702059745788574,2.297513008117676,288839,2.437235116958618,2.365093946456909
2021-06-12 00:00:00,2.2541210651397705,2.0389599800109863,2.2541210651397705,245507,2.337830066680908,2.2976748943328857
2021-06-13 00:00:00,2.392085075378418,2.113492965698242,2.392085075378418,191894,2.4075889587402344,2.2540040016174316
2021-06-14 00:00:00,2.3894379138946533,2.3173470497131348,2.3894379138946533,188034,2.5641579627990723,2.3922839164733887
2021-06-15 00:00:00,2.3497960567474365,2.1135289669036865,2.3497960567474365,482546,2.5024120807647705,2.490921974182129
2021-06-16 00:00:00,2.0949769020080566,2.091933012008667,2.0949769020080566,379717,2.474215030670166,2.1860239505767822
2021-06-17 00:00:00,2.171034097671509,2.094249963760376,2.171034097671509,299995,2.1929819583892822,2.0948069095611572
2021-06-18 00:00:00,1.9593349695205688,1.9420969486236572,1.9593349695205688,355150,2.273524045944214,2.171109914779663
2021-06-19 00:00:00,2.010201930999756,1.9505549669265747,2.010201930999756,180180,2.114656925201416,1.9595019817352295
2021-06-20 00:00:00,2.0313050746917725,1.8410940170288086,2.0313050746917725,274723,2.0960679054260254,2.0100820064544678
2021-06-21 00:00:00,1.5702069997787476,1.570091962814331,1.5702069997787476,384988,2.0365240573883057,2.0315330028533936
2021-06-22 00:00:00,1.3782999515533447,1.2717479467391968,1.3782999515533447,365979,1.6293480396270752,1.5700949430465698
2021-06-23 00:00:00,1.5160549879074097,1.3726609945297241,1.5160549879074097,326790,1.595574975013733,1.3783320188522339
2021-06-24 00:00:00,1.5584399700164795,1.4564169645309448,1.5584399700164795,198042,1.616307020187378,1.4653500318527222
2021-06-25 00:00:00,1.3427259922027588,1.3211510181427002,1.3427259922027588,174657,1.6113799810409546,1.5587220191955566
2021-06-26 00:00:00,1.4411380290985107,1.3234020471572876,1.4411380290985107,223466,1.4700510501861572,1.3425769805908203
2021-06-27 00:00:00,1.5147279500961304,1.3425179719924927,1.5147279500961304,119610,1.524129033088684,1.441079020500183
2021-06-28 00:00:00,1.5142229795455933,1.477797031402588,1.5142229795455933,123569,1.5737849473953247,1.5146180391311646
2021-06-29 00:00:00,1.8648090362548828,1.5046099424362183,1.8648090362548828,346304,1.8989859819412231,1.5140310525894165
2021-06-30 00:00:00,1.7497999668121338,1.650107979774475,1.7497999668121338,288737,1.8681449890136719,1.864596962928772
2021-07-01 00:00:00,1.6285779476165771,1.620627999305725,1.6285779476165771,167487,1.762516975402832,1.7500749826431274
2021-07-02 00:00:00,1.6001620292663574,1.5892659425735474,1.6001620292663574,90562,1.6409779787063599,1.62848699092865
2021-07-03 00:00:00,1.7049510478973389,1.5998690128326416,1.7049510478973389,98003,1.7448179721832275,1.600074052810669
2021-07-04 00:00:00,1.803907036781311,1.7033929824829102,1.803907036781311,145819,1.8404350280761719,1.7048579454421997
2021-07-05 00:00:00,1.7104649543762207,1.6419880390167236,1.7104649543762207,119466,1.8112469911575317,1.8040879964828491
2021-07-06 00:00:00,1.8068170547485352,1.7038880586624146,1.8068170547485352,190307,1.8886359930038452,1.7103919982910156
2021-07-07 00:00:00,2.0032289028167725,1.7806429862976074,2.0032289028167725,376264,2.0579769611358643,1.8069230318069458
2021-07-08 00:00:00,1.9089670181274414,1.831076979637146,1.9089670181274414,284653,2.0163419246673584,2.0034310817718506
2021-07-09 00:00:00,1.9243049621582031,1.8020410537719727,1.9243049621582031,128780,1.9384859800338745,1.908959984779358
2021-07-10 00:00:00,1.7399109601974487,1.7399109601974487,1.7399109601974487,471994,1.931939959526062,1.9241679906845093
2021-07-11 00:00:00,1.536342978477478,1.4369800090789795,1.536342978477478,1009376,1.745553970336914,1.7411390542984009
2021-07-12 00:00:00,1.4790209531784058,1.4744060039520264,1.4790209531784058,460933,1.5953060388565063,1.5364199876785278
2021-07-13 00:00:00,1.3963409662246704,1.3651740550994873,1.3963409662246704,216646,1.479032039642334,1.479032039642334
2021-07-14 00:00:00,1.4227839708328247,1.232954978942871,1.4227839708328247,81607,1.4326449632644653,1.3961950540542603
2021-07-15 00:00:00,1.3701250553131104,1.349882960319519,1.3701250553131104,198972,1.451056957244873,1.4231430292129517
2021-07-16 00:00:00,1.3637579679489136,1.3024870157241821,1.3637579679489136,1219352,1.4067360162734985,1.371487021446228
2021-07-17 00:00:00,1.3348480463027954,1.2918349504470825,1.3348480463027954,1196752,1.3683509826660156,1.3636980056762695
2021-07-18 00:00:00,1.345108985900879,1.3326350450515747,1.345108985900879,1097270,1.4631329774856567,1.3348510265350342
2021-07-19 00:00:00,1.2823330163955688,1.282251000404358,1.2823330163955688,1308221,1.476120948791504,1.3450649976730347
2021-07-20 00:00:00,1.1442140340805054,1.1326669454574585,1.1442140340805054,1467630,1.2890249490737915,1.2823350429534912
2021-07-21 00:00:00,1.296288013458252,1.1360299587249756,1.296288013458252,1231114,1.3003660440444946,1.1442209482192993
2021-07-22 00:00:00,1.3333330154418945,1.2198799848556519,1.3333330154418945,1760294,1.365198016166687,1.2962889671325684
2021-07-23 00:00:00,1.488116979598999,1.3281259536743164,1.488116979598999,1709563,1.4902750253677368,1.333325982093811
2021-07-24 00:00:00,1.536926031112671,1.4400360584259033,1.536926031112671,1630040,1.5580589771270752,1.4881739616394043
2021-07-25 00:00:00,1.490515947341919,1.4319839477539062,1.490515947341919,1666268,1.5660799741744995,1.5369490385055542
2021-07-26 00:00:00,1.526947021484375,1.481937050819397,1.526947021484375,2698799,1.7601970434188843,1.4905450344085693
2021-07-27 00:00:00,1.5362019538879395,1.3683929443359375,1.5362019538879395,2686560,1.686758041381836,1.5270459651947021
2021-07-28 00:00:00,1.4597439765930176,1.4164199829101562,1.4597439765930176,2607769,1.6508309841156006,1.5362329483032227
2021-07-29 00:00:00,1.506600022315979,1.4383909702301025,1.506600022315979,2455771,1.5295970439910889,1.45900297164917
2021-07-30 00:00:00,1.5243639945983887,1.4774190187454224,1.5243639945983887,1815142,1.5392789840698242,1.5065020322799683
2021-07-31 00:00:00,1.6173659563064575,1.5232460498809814,1.6173659563064575,2021362,1.6444790363311768,1.524332046508789
2021-08-01 00:00:00,1.7613919973373413,1.6044219732284546,1.7613919973373413,2322733,1.8669790029525757,1.6171269416809082
2021-08-02 00:00:00,1.7336770296096802,1.6174379587173462,1.7336770296096802,2329847,1.7633579969406128,1.7613719701766968
2021-08-03 00:00:00,1.7915760278701782,1.649340033531189,1.7915760278701782,2022402,1.8019839525222778,1.7336479425430298
2021-08-04 00:00:00,2.1741530895233154,1.786460041999817,2.1741530895233154,2647808,2.3814120292663574,1.791632056236267
2021-08-05 00:00:00,2.3723819255828857,2.0276920795440674,2.3723819255828857,3085847,2.4308969974517822,2.174164056777954
2021-08-06 00:00:00,2.5308399200439453,2.197463035583496,2.5308399200439453,4449480,2.5897738933563232,2.3724310398101807
2021-08-07 00:00:00,2.708158016204834,2.39241099357605,2.708158016204834,3176806,2.708158016204834,2.530900001525879
2021-08-08 00:00:00,2.432600975036621,2.4320449829101562,2.432600975036621,3237651,2.8327770233154297,2.7077689170837402
2021-08-09 00:00:00,2.589587926864624,2.367027997970581,2.589587926864624,4016742,2.7202649116516113,2.4328670501708984
2021-08-10 00:00:00,2.6848249435424805,2.4944329261779785,2.6848249435424805,4173424,2.7481861114501953,2.58970308303833
2021-08-11 00:00:00,2.9184439182281494,2.6758029460906982,2.9184439182281494,5580154,3.4409689903259277,2.684900999069214
2021-08-12 00:00:00,2.883836030960083,2.722357988357544,2.883836030960083,5949038,3.157589912414551,2.918384075164795
2021-08-13 00:00:00,2.9634130001068115,2.712574005126953,2.9634130001068115,5553984,3.0418639183044434,2.883765935897827
2021-08-14 00:00:00,2.9327969551086426,2.861949920654297,2.9327969551086426,4214757,3.1442739963531494,2.963736057281494
2021-08-15 00:00:00,2.9487171173095703,2.7770750522613525,2.9487171173095703,3923599,2.9586119651794434,2.9324069023132324
2021-08-16 00:00:00,3.0979878902435303,2.9410059452056885,3.0979878902435303,5179150,3.3720510005950928,2.9487240314483643
2021-08-17 00:00:00,2.8539700508117676,2.8258590698242188,2.8539700508117676,5924196,3.251446008682251,3.0981130599975586
2021-08-18 00:00:00,2.849148988723755,2.7453579902648926,2.849148988723755,5367929,3.333000898361206,2.8539419174194336
2021-08-19 00:00:00,3.163875102996826,2.7638039588928223,3.163875102996826,6145269,3.1725831031799316,2.848834991455078
2021-08-20 00:00:00,3.3489630222320557,3.1239399909973145,3.3489630222320557,4756069,3.410770893096924,3.163832902908325
2021-08-21 00:00:00,3.307033061981201,3.163304090499878,3.307033061981201,4658768,3.3955650329589844,3.349392890930176
2021-08-22 00:00:00,3.085231065750122,3.06264591217041,3.085231065750122,4518525,3.365652084350586,3.307317018508911
2021-08-23 00:00:00,3.213196039199829,3.0850179195404053,3.213196039199829,4731796,3.274444103240967,3.085297107696533
2021-08-24 00:00:00,3.018968105316162,2.9744770526885986,3.018968105316162,4771196,3.2319579124450684,3.213299036026001
2021-08-25 00:00:00,2.85261607170105,2.8130130767822266,2.85261607170105,4788301,3.1306369304656982,3.0085771083831787
2021-08-26 00:00:00,2.7145869731903076,2.6609110832214355,2.7145869731903076,4914578,3.024111032485962,2.8478879928588867
2021-08-27 00:00:00,2.9355249404907227,2.5725739002227783,2.9355249404907227,4190771,2.9355249404907227,2.714046001434326
2021-08-28 00:00:00,2.9140219688415527,2.817430019378662,2.9140219688415527,4309222,3.0412039756774902,2.9524788856506348
2021-08-29 00:00:00,3.01294207572937,2.667814016342163,3.01294207572937,3406702,3.0375609397888184,2.9090089797973633
2021-08-30 00:00:00,4.788651943206787,2.95123291015625,4.788651943206787,8110673,5.395777225494385,3.0139288902282715
2021-08-31 00:00:00,4.035900115966797,4.035900115966797,4.035900115966797,7438789,5.037078857421875,4.788249969482422
2021-09-01 00:00:00,4.662740230560303,3.9302000999450684,4.662740230560303,8503470,4.925979137420654,4.012948989868164
2021-09-02 00:00:00,4.675788879394531,4.4293670654296875,4.675788879394531,7754074,4.788274765014648,4.658977031707764
2021-09-03 00:00:00,4.747732162475586,4.388069152832031,4.747732162475586,10637913,4.8361639976501465,4.675160884857178
2021-09-04 00:00:00,4.859381198883057,4.742556095123291,4.859381198883057,8962798,5.208816051483154,4.747681140899658
2021-09-05 00:00:00,5.1012139320373535,4.7737717628479,5.1012139320373535,17172657,5.185752868652344,4.8585710525512695
2021-09-06 00:00:00,6.542395114898682,5.053396224975586,6.542395114898682,20052957,6.810797214508057,5.100988864898682
2021-09-07 00:00:00,5.356993198394775,5.3244829177856445,5.356993198394775,25651663,7.424314022064209,6.542576789855957
2021-09-08 00:00:00,5.439915180206299,4.703050136566162,5.439915180206299,32364116,5.774908065795898,5.356149196624756
2021-09-09 00:00:00,5.345531940460205,5.056222915649414,5.345531940460205,25527607,6.165892124176025,5.436316013336182
2021-09-10 00:00:00,4.918580055236816,4.8317461013793945,4.918580055236816,22266880,5.702631950378418,5.34548807144165
2021-09-11 00:00:00,4.777719020843506,4.686193943023682,4.777719020843506,17897998,5.054354190826416,4.9188690185546875
2021-09-12 00:00:00,5.12331485748291,4.693809986114502,5.12331485748291,18871962,5.480478763580322,4.777328014373779
2021-09-13 00:00:00,4.752195835113525,4.586112022399902,4.752195835113525,20634780,5.194530010223389,5.12362813949585
2021-09-14 00:00:00,5.5882182121276855,4.749472141265869,5.5882182121276855,20297051,5.749199867248535,4.751643180847168
2021-09-15 00:00:00,6.161038875579834,5.4475250244140625,6.161038875579834,24636300,6.446557998657227,5.587849140167236
2021-09-16 00:00:00,5.721138000488281,5.669443130493164,5.721138000488281,27389747,6.359250068664551,6.161946773529053
2021-09-17 00:00:00,5.4247589111328125,5.116782188415527,5.4247589111328125,16754612,5.7974162101745605,5.721775054931641
2021-09-18 00:00:00,5.2884979248046875,5.0895280838012695,5.2884979248046875,17814147,5.873065948486328,5.424950122833252
2021-09-19 00:00:00,5.838714122772217,5.28773307800293,5.838714122772217,16739809,6.096930027008057,5.288335800170898
2021-09-20 00:00:00,4.383653163909912,4.383310794830322,4.383653163909912,16054813,5.897292137145996,5.8393659591674805
2021-09-21 00:00:00,4.319042205810547,4.293871879577637,4.319042205810547,14211159,4.933451175689697,4.383205890655518
2021-09-22 00:00:00,4.982595920562744,3.7983360290527344,4.982595920562744,15875279,5.113771915435791,4.318058013916016
2021-09-23 00:00:00,5.197175025939941,4.713499069213867,5.197175025939941,16423484,5.341632843017578,4.982521057128906
2021-09-24 00:00:00,5.445828914642334,4.936610221862793,5.445828914642334,19741001,5.802718162536621,5.196967124938965
2021-09-25 00:00:00,5.455900192260742,5.11456823348999,5.455900192260742,16924096,5.745512962341309,5.445738792419434
2021-09-26 00:00:00,5.682969093322754,4.886750221252441,5.682969093322754,18567656,5.972571849822998,5.455939769744873
2021-09-27 00:00:00,6.430220127105713,5.682647228240967,6.430220127105713,22916102,7.134062767028809,5.682800769805908
2021-09-28 00:00:00,5.623757839202881,5.519056797027588,5.623757839202881,15244709,6.4391069412231445,6.43026876449585
2021-09-29 00:00:00,5.736030101776123,5.3139238357543945,5.736030101776123,11460796,6.587014198303223,5.623318195343018
2021-09-30 00:00:00,6.450455188751221,5.735791206359863,6.450455188751221,8367602,6.450455188751221,5.735791206359863
2021-10-01 00:00:00,7.3232550621032715,6.060545921325684,7.3232550621032715,10222045,7.4738078117370605,6.450370788574219
2021-10-02 00:00:00,7.384915828704834,6.920252799987793,7.384915828704834,11663518,7.4850358963012695,7.3237409591674805
2021-10-03 00:00:00,7.222370147705078,7.058973789215088,7.222370147705078,8898780,7.593623161315918,7.383631229400635
2021-10-04 00:00:00,6.620542049407959,6.456233024597168,6.620542049407959,8589302,7.231905937194824,7.22219181060791
2021-10-05 00:00:00,6.961712837219238,6.502409934997559,6.961712837219238,10621182,7.201413154602051,6.6203179359436035
2021-10-06 00:00:00,7.179998874664307,6.414629936218262,7.179998874664307,10817412,7.207438945770264,6.961406230926514
2021-10-07 00:00:00,9.684165954589844,7.144594192504883,9.684165954589844,18093747,9.78296184539795,7.179238796234131
2021-10-08 00:00:00,12.526833534240723,9.680935859680176,12.526833534240723,23457217,13.08503246307373,9.684853553771973
2021-10-09 00:00:00,12.26626968383789,10.376693725585938,12.26626968383789,12489332,12.530893325805664,12.527565956115723
2021-10-10 00:00:00,11.088385581970215,10.908506393432617,11.088385581970215,12654005,12.396530151367188,12.264735221862793
2021-10-11 00:00:00,12.771575927734375,10.50614070892334,12.771575927734375,14240224,12.934550285339355,11.08927059173584
2021-10-12 00:00:00,12.204033851623535,11.3815336227417,12.204033851623535,13317648,12.815478324890137,12.772713661193848
2021-10-13 00:00:00,12.319331169128418,11.224664688110352,12.319331169128418,12006223,12.465682029724121,12.205382347106934
2021-10-14 00:00:00,11.804890632629395,11.706815719604492,11.804890632629395,11642131,13.028693199157715,12.319046974182129
2021-10-15 00:00:00,10.3533296585083,10.256329536437988,10.3533296585083,15417219,11.808211326599121,11.804743766784668
2021-10-16 00:00:00,10.363051414489746,10.041090965270996,10.363051414489746,11443156,11.00296401977539,10.353411674499512
2021-10-17 00:00:00,12.312324523925781,10.31061840057373,12.312324523925781,17770297,12.928180694580078,10.362838745117188
2021-10-18 00:00:00,11.09713077545166,10.93745231628418,11.09713077545166,14632935,12.82339859008789,12.31249713897705
2021-10-19 00:00:00,11.168435096740723,10.89110279083252,11.168435096740723,13694418,11.899331092834473,11.09681224822998
2021-10-20 00:00:00,9.547855377197266,9.527912139892578,9.547855377197266,12897021,11.385937690734863,11.168562889099121
2021-10-21 00:00:00,9.232198715209961,8.835424423217773,9.232198715209961,9484368,9.975000381469727,9.54663372039795
2021-10-22 00:00:00,11.495192527770996,9.19101333618164,11.495192527770996,18480342,12.443456649780273,9.232034683227539
2021-10-23 00:00:00,11.304631233215332,11.00784969329834,11.304631233215332,7560267,12.405903816223145,11.496001243591309
2021-10-24 00:00:00,11.027048110961914,10.616912841796875,11.027048110961914,7779651,11.711359024047852,11.304323196411133
2021-10-25 00:00:00,12.28050422668457,11.025924682617188,12.28050422668457,10152880,12.522621154785156,11.025924682617188
2021-10-26 00:00:00,13.706350326538086,12.222066879272461,13.706350326538086,11885573,14.5021390914917,12.2797269821167
2021-10-27 00:00:00,13.588425636291504,13.171512603759766,13.588425636291504,17710365,14.54000186920166,13.705343246459961
2021-10-28 00:00:00,14.087272644042969,12.840124130249023,14.087272644042969,17597453,14.128508567810059,13.586984634399414
2021-10-29 00:00:00,13.570131301879883,13.510103225708008,13.570131301879883,18335288,14.317831993103027,14.088258743286133
2021-10-30 00:00:00,11.705364227294922,11.637019157409668,11.705364227294922,19522343,13.799256324768066,13.57112979888916
2021-10-31 00:00:00,12.173894882202148,11.157488822937012,12.173894882202148,17667226,12.174361228942871,11.706354141235352
2021-11-01 00:00:00,11.314616203308105,11.253823280334473,11.314616203308105,16499000,12.290727615356445,12.17331600189209
2021-11-02 00:00:00,11.735061645507812,11.235696792602539,11.735061645507812,17507734,12.14707088470459,11.313445091247559
2021-11-03 00:00:00,11.99670696258545,11.235692024230957,11.99670696258545,9089982,12.227554321289062,11.7362699508667
2021-11-04 00:00:00,12.166250228881836,11.777111053466797,12.166250228881836,8264402,12.863478660583496,11.996331214904785
2021-11-05 00:00:00,12.185619354248047,11.864422798156738,12.185619354248047,7300169,12.822014808654785,12.165616989135742
2021-11-06 00:00:00,12.286008834838867,11.696375846862793,12.286008834838867,6196055,12.287830352783203,12.187088966369629
2021-11-07 00:00:00,11.927166938781738,11.635734558105469,11.927166938781738,7525367,12.825713157653809,12.28820514678955
2021-11-08 00:00:00,12.41647720336914,11.47661018371582,12.41647720336914,9454211,12.41647720336914,11.928351402282715
2021-11-09 00:00:00,11.427775382995605,11.315069198608398,11.427775382995605,7036842,12.643474578857422,12.415884971618652
2021-11-10 00:00:00,10.583417892456055,10.10407543182373,10.583417892456055,7929501,11.751618385314941,11.426694869995117
2021-11-11 00:00:00,10.129851341247559,9.831822395324707,10.129851341247559,8552755,10.601170539855957,10.584184646606445
2021-11-12 00:00:00,9.864805221557617,9.694279670715332,9.864805221557617,6734068,10.486897468566895,10.121121406555176
2021-11-13 00:00:00,11.31592845916748,9.764698028564453,11.31592845916748,8803931,11.7515287399292,9.875309944152832
2021-11-14 00:00:00,11.073116302490234,10.882022857666016,11.073116302490234,7478913,11.500850677490234,11.318122863769531
2021-11-15 00:00:00,11.73753547668457,11.054230690002441,11.73753547668457,7624798,11.801780700683594,11.074041366577148
2021-11-16 00:00:00,11.000438690185547,10.650505065917969,11.000438690185547,7117213,23.090335845947266,11.750354766845703
2021-11-17 00:00:00,10.58150863647461,10.39717960357666,10.58150863647461,7371102,11.812905311584473,10.999003410339355
2021-11-18 00:00:00,9.69030475616455,9.48034381866455,9.69030475616455,9289448,10.735210418701172,10.580639839172363
2021-11-19 00:00:00,10.894030570983887,9.480581283569336,10.894030570983887,10545652,10.902080535888672,9.692588806152344
2021-11-20 00:00:00,10.854413032531738,10.320761680603027,10.854413032531738,8435258,10.899688720703125,10.893473625183105
2021-11-21 00:00:00,11.244041442871094,10.467551231384277,11.244041442871094,10666585,11.420477867126465,10.861491203308105
2021-11-22 00:00:00,11.946915626525879,11.167723655700684,11.946915626525879,13885093,13.015609741210938,11.239365577697754
2021-11-23 00:00:00,13.220330238342285,11.850869178771973,13.220330238342285,11828708,13.455167770385742,11.94654655456543
2021-11-24 00:00:00,13.236014366149902,12.851479530334473,13.236014366149902,11635311,14.58091926574707,13.219597816467285
2021-11-25 00:00:00,14.371376991271973,13.899795532226562,14.371376991271973,17713260,17.45018768310547,13.995630264282227
2021-11-26 00:00:00,14.339151382446289,14.087104797363281,14.339151382446289,16371870,17.337034225463867,16.714317321777344
2021-11-27 00:00:00,13.744659423828125,13.710061073303223,13.744659423828125,14311552,15.149145126342773,14.332111358642578
2021-11-28 00:00:00,13.337804794311523,12.51304817199707,13.337804794311523,11436505,13.805936813354492,13.741929054260254
2021-11-29 00:00:00,16.236631393432617,13.335824012756348,16.236631393432617,17146766,16.89898109436035,13.335824012756348
2021-11-30 00:00:00,15.954313278198242,15.145002365112305,15.954313278198242,15611468,16.50737953186035,16.23416519165039
2021-12-01 00:00:00,15.248017311096191,15.248017311096191,15.248017311096191,13639454,16.191904067993164,15.951543807983398
2021-12-02 00:00:00,15.160819053649902,14.952279090881348,15.160819053649902,8410888,15.505021095275879,15.248193740844727
2021-12-03 00:00:00,15.019048690795898,14.946767807006836,15.019048690795898,14265908,17.67549705505371,15.170159339904785
2021-12-04 00:00:00,19.43022346496582,12.857504844665527,19.43022346496582,216604433,25.6308536529541,15.015454292297363
2021-12-05 00:00:00,14.788999557495117,13.934687614440918,14.788999557495117,31787729,19.48185920715332,19.25054168701172
2021-12-06 00:00:00,13.888948440551758,12.083874702453613,13.888948440551758,17666044,14.821001052856445,14.781036376953125
2021-12-07 00:00:00,14.272067070007324,13.501781463623047,14.272067070007324,17023126,16.305362701416016,13.963136672973633
2021-12-08 00:00:00,17.841567993164062,13.881667137145996,17.841567993164062,52441550,21.544845581054688,14.261962890625
2021-12-09 00:00:00,16.353233337402344,15.51152229309082,16.353233337402344,27850936,19.532827377319336,17.81231689453125
2021-12-10 00:00:00,16.552095413208008,16.19791603088379,16.552095413208008,18183071,19.220863342285156,16.369293212890625
2021-12-11 00:00:00,16.727909088134766,16.146785736083984,16.727909088134766,6750586,17.23223114013672,16.56972885131836
2021-12-12 00:00:00,15.696270942687988,15.329548835754395,15.696270942687988,6696202,16.839174270629883,16.725982666015625
2021-12-13 00:00:00,14.200379371643066,13.846546173095703,14.200379371643066,6440049,15.843579292297363,15.703550338745117
2021-12-14 00:00:00,18.48974609375,14.013809204101562,18.48974609375,36293286,18.592060089111328,14.162345886230469
2021-12-15 00:00:00,20.92396354675293,17.336631774902344,20.92396354675293,34207171,21.03227996826172,18.44053840637207
2021-12-16 00:00:00,18.923913955688477,18.782926559448242,18.923913955688477,40296369,24.673641204833984,20.876083374023438
2021-12-17 00:00:00,19.48003578186035,18.584217071533203,19.48003578186035,24542396,20.736427307128906,18.926664352416992
2021-12-18 00:00:00,19.041372299194336,18.564800262451172,19.041372299194336,19349730,19.644472122192383,19.490697860717773
2021-12-19 00:00:00,21.272226333618164,18.980266571044922,21.272226333618164,30123347,21.73545265197754,19.0390682220459
2021-12-20 00:00:00,23.9851131439209,20.96137809753418,23.9851131439209,101972893,27.42807960510254,21.32196044921875
2021-12-21 00:00:00,21.925804138183594,21.64036750793457,21.925804138183594,73012264,27.606054306030273,23.888303756713867
2021-12-22 00:00:00,20.250104904174805,19.375486373901367,20.250104904174805,40454305,22.996000289916992,21.966838836669922
2021-12-23 00:00:00,20.257965087890625,19.613584518432617,20.257965087890625,25533652,20.807645797729492,20.26785659790039
2021-12-24 00:00:00,19.536508560180664,19.20823860168457,19.536508560180664,30508909,21.0245361328125,20.267030715942383
2021-12-25 00:00:00,19.309215545654297,18.756996154785156,19.309215545654297,23223985,20.337669372558594,19.53677749633789
2021-12-26 00:00:00,18.34255599975586,18.22091293334961,18.34255599975586,22210569,19.708147048950195,19.309938430786133
2021-12-27 00:00:00,18.197059631347656,18.094627380371094,18.197059631347656,24778044,19.298824310302734,18.33126449584961
2021-12-28 00:00:00,16.924266815185547,16.77509117126465,16.924266815185547,26186631,18.382652282714844,18.20212745666504
2021-12-29 00:00:00,18.00913429260254,16.877065658569336,18.00913429260254,34095444,19.095176696777344,16.92172622680664
2021-12-30 00:00:00,16.938472747802734,16.8481502532959,16.938472747802734,21202401,18.991275787353516,18.009931564331055
2021-12-31 00:00:00,16.951393127441406,16.710384368896484,16.951393127441406,17554505,17.40568733215332,16.93943977355957
2022-01-01 00:00:00,17.072223663330078,16.71495246887207,17.072223663330078,17959368,17.38861083984375,16.95038604736328
2022-01-02 00:00:00,16.946231842041016,16.6779727935791,16.946231842041016,17812298,17.070358276367188,17.070358276367188
2022-01-03 00:00:00,17.037240982055664,16.25411605834961,17.037240982055664,16695627,17.090360641479492,16.945032119750977
2022-01-04 00:00:00,18.25663948059082,16.57343864440918,18.25663948059082,28735526,19.657085418701172,17.034204483032227
2022-01-05 00:00:00,19.161712646484375,17.864822387695312,19.161712646484375,77929910,22.445358276367188,18.25809097290039
2022-01-06 00:00:00,18.592687606811523,18.2214298248291,18.592687606811523,46087263,21.05725860595703,19.150983810424805
2022-01-07 00:00:00,18.68938446044922,16.88670539855957,18.68938446044922,54491233,20.482805252075195,18.591238021850586
2022-01-08 00:00:00,17.419963836669922,16.88363265991211,17.419963836669922,21298602,19.48147964477539,18.692142486572266
2022-01-09 00:00:00,16.823347091674805,16.550838470458984,16.823347091674805,17737051,17.436222076416016,17.41971778869629
2022-01-10 00:00:00,15.641837120056152,15.210355758666992,15.641837120056152,16470831,17.072744369506836,16.823291778564453
2022-01-11 00:00:00,17.41936492919922,15.55772590637207,17.41936492919922,20478406,17.41936492919922,15.64175033569336
2022-01-12 00:00:00,25.668941497802734,17.42275619506836,25.668941497802734,165940537,26.01064682006836,17.42275619506836
2022-01-13 00:00:00,27.64069366455078,23.735172271728516,27.64069366455078,152900278,30.1351261138916,25.66598129272461
2022-01-14 00:00:00,28.746929168701172,27.252273559570312,28.746929168701172,124654611,34.237186431884766,27.639427185058594
2022-01-15 00:00:00,28.254785537719727,27.44853973388672,28.254785537719727,50241102,30.51771354675293,28.74428939819336
2022-01-16 00:00:00,30.208967208862305,27.066484451293945,30.208967208862305,32030169,30.249353408813477,28.262645721435547
2022-01-17 00:00:00,27.085920333862305,26.49836540222168,27.085920333862305,53661134,33.21943283081055,30.197675704956055
2022-01-18 00:00:00,25.4677791595459,22.92033576965332,25.4677791595459,39519830,27.29598617553711,27.087549209594727
2022-01-19 00:00:00,24.004037857055664,22.828397750854492,24.004037857055664,34358038,26.598913192749023,25.474489212036133
2022-01-20 00:00:00,23.17410659790039,21.79859733581543,23.17410659790039,30510620,26.506271362304688,24.001394271850586
2022-01-21 00:00:00,21.82295036315918,21.09929656982422,21.82295036315918,47950192,24.34048080444336,23.172861099243164
2022-01-22 00:00:00,19.777862548828125,16.87455940246582,19.777862548828125,38636558,21.84392738342285,21.82416343688965
2022-01-23 00:00:00,21.79035758972168,19.722551345825195,21.79035758972168,41167809,23.757783889770508,19.77277183532715
2022-01-24 00:00:00,19.775463104248047,17.888927459716797,19.775463104248047,36520182,21.88382339477539,21.799972534179688
2022-01-25 00:00:00,21.70935821533203,18.840356826782227,21.70935821533203,29717551,21.7966365814209,19.77033233642578
2022-01-26 00:00:00,21.941102981567383,20.72919273376465,21.941102981567383,36005300,23.237468719482422,21.72972297668457
2022-01-27 00:00:00,20.4322509765625,19.81072425842285,20.4322509765625,28316070,21.991554260253906,21.932512283325195
2022-01-28 00:00:00,20.455890655517578,19.058963775634766,20.455890655517578,20356636,20.638025283813477,20.429122924804688
2022-01-29 00:00:00,19.9146728515625,19.718835830688477,19.9146728515625,23364369,21.84476089477539,20.450721740722656
2022-01-30 00:00:00,19.342737197875977,18.255870819091797,19.342737197875977,22498952,20.015640258789062,19.920549392700195
2022-01-31 00:00:00,19.952213287353516,18.333194732666016,19.952213287353516,15810236,20.14232635498047,19.34775161743164
2022-02-01 00:00:00,19.439504623413086,19.2987003326416,19.439504623413086,13304974,20.577274322509766,19.95182991027832
2022-02-02 00:00:00,20.401399612426758,19.277812957763672,20.401399612426758,14050929,20.44556427001953,19.4427490234375
2022-02-03 00:00:00,20.344999313354492,19.863977432250977,20.344999313354492,23138942,21.6074161529541,20.399545669555664
2022-02-04 00:00:00,22.65016746520996,20.233417510986328,22.65016746520996,22746558,22.656402587890625,20.344274520874023
2022-02-05 00:00:00,24.37811279296875,22.372154235839844,24.37811279296875,30170809,24.702316284179688,22.649057388305664
2022-02-06 00:00:00,23.50661849975586,22.7097225189209,23.50661849975586,14990901,24.633222579956055,24.38470458984375
2022-02-07 00:00:00,25.837114334106445,23.45738410949707,25.837114334106445,19859939,26.33561134338379,23.506397247314453
2022-02-08 00:00:00,24.849021911621094,23.98936653137207,24.849021911621094,17624662,26.857776641845703,25.839616775512695
2022-02-09 00:00:00,25.0865535736084,24.370452880859375,25.0865535736084,14228376,25.312255859375,24.8439884185791
2022-02-10 00:00:00,23.19347381591797,23.176259994506836,23.19347381591797,20362171,25.17769432067871,25.0875301361084
2022-02-11 00:00:00,21.00315284729004,20.912025451660156,21.00315284729004,20598067,23.310239791870117,23.195070266723633
2022-02-12 00:00:00,20.62575912475586,20.090885162353516,20.62575912475586,19085170,21.20808982849121,21.004404067993164
2022-02-13 00:00:00,20.736663818359375,20.32708740234375,20.736663818359375,17509912,21.184913635253906,20.624921798706055
2022-02-14 00:00:00,19.58008575439453,19.21986198425293,19.58008575439453,25001452,20.731698989868164,20.731698989868164
2022-02-15 00:00:00,20.804521560668945,19.550617218017578,20.804521560668945,16131575,20.814170837402344,19.581663131713867
2022-02-16 00:00:00,20.417522430419922,20.351179122924805,20.417522430419922,19743169,21.196136474609375,20.806396484375
2022-02-17 00:00:00,17.975723266601562,17.969276428222656,17.975723266601562,19354418,20.540367126464844,20.41520118713379
2022-02-18 00:00:00,16.621570587158203,16.223468780517578,16.621570587158203,22914281,18.191139221191406,17.979806900024414
2022-02-19 00:00:00,16.025659561157227,15.752226829528809,16.025659561157227,17470399,16.82404327392578,16.620361328125
2022-02-20 00:00:00,16.241744995117188,14.485051155090332,16.241744995117188,25197224,16.509349822998047,16.02614974975586
2022-02-21 00:00:00,14.20794677734375,14.18680477142334,14.20794677734375,24334701,16.85010528564453,16.244754791259766
2022-02-22 00:00:00,14.64441967010498,13.851786613464355,14.64441967010498,16414981,14.6466064453125,14.208488464355469
2022-02-23 00:00:00,13.563666343688965,13.547794342041016,13.563666343688965,20335991,14.716240882873535,14.643872261047363
2022-02-24 00:00:00,12.585866928100586,11.243561744689941,12.585866928100586,22539936,13.57597827911377,13.567695617675781
2022-02-25 00:00:00,14.088759422302246,12.578949928283691,14.088759422302246,21853685,14.37471866607666,12.586557388305664
2022-02-26 00:00:00,14.543231964111328,13.712925910949707,14.543231964111328,19473482,14.758270263671875,14.088865280151367
2022-02-27 00:00:00,13.409438133239746,13.262723922729492,13.409438133239746,16924182,14.680404663085938,14.542826652526855
2022-02-28 00:00:00,17.080066680908203,12.894463539123535,17.080066680908203,47654157,17.369709014892578,13.409643173217773
2022-03-01 00:00:00,17.3665828704834,16.14033317565918,17.3665828704834,34521248,17.37157440185547,17.08122444152832
2022-03-02 00:00:00,17.2259521484375,17.110660552978516,17.2259521484375,41055387,18.579185485839844,17.366609573364258
2022-03-03 00:00:00,16.200641632080078,16.03316879272461,16.200641632080078,29341165,17.229923248291016,17.22709083557129
2022-03-04 00:00:00,13.87470817565918,13.756192207336426,13.87470817565918,23127103,16.233509063720703,16.20147705078125
2022-03-05 00:00:00,14.814217567443848,13.597625732421875,14.814217567443848,21921886,14.943964004516602,13.875948905944824
2022-03-06 00:00:00,12.369832038879395,12.350736618041992,12.369832038879395,29514625,14.967708587646484,14.818732261657715
2022-03-07 00:00:00,11.941723823547363,11.733565330505371,11.941723823547363,19763508,12.739465713500977,12.37475299835205
2022-03-08 00:00:00,12.3466157913208,11.7340726852417,12.3466157913208,13910710,12.463335037231445,11.940912246704102
2022-03-09 00:00:00,12.040739059448242,11.612911224365234,12.040739059448242,18296521,12.995479583740234,12.34885025024414
2022-03-10 00:00:00,10.98558521270752,10.938362121582031,10.98558521270752,23130823,12.041349411010742,12.015973091125488
2022-03-11 00:00:00,10.199780464172363,10.131440162658691,10.199780464172363,16476018,10.997406005859375,10.987492561340332
2022-03-12 00:00:00,9.828035354614258,9.828035354614258,9.828035354614258,15133626,10.55540657043457,10.196748733520508
2022-03-13 00:00:00,9.306756973266602,9.286044120788574,9.306756973266602,13775171,10.099146842956543,9.82507038116455
2022-03-14 00:00:00,9.050945281982422,8.851750373840332,9.050945281982422,23202874,10.07697868347168,9.30413818359375
2022-03-15 00:00:00,8.940637588500977,8.095871925354004,8.940637588500977,29475795,9.967944145202637,9.052630424499512
2022-03-16 00:00:00,9.339717864990234,8.879581451416016,9.339717864990234,38544531,10.270597457885742,8.939190864562988
2022-03-17 00:00:00,8.878052711486816,8.801372528076172,8.878052711486816,15586548,9.471761703491211,9.33891487121582
2022-03-18 00:00:00,8.933576583862305,8.494897842407227,8.933576583862305,16207468,8.976847648620605,8.877769470214844
2022-03-19 00:00:00,9.316754341125488,8.887508392333984,9.316754341125488,21295360,9.64440631866455,8.933018684387207
2022-03-20 00:00:00,9.209925651550293,8.774073600769043,9.209925651550293,19235806,9.519043922424316,9.316859245300293
2022-03-21 00:00:00,9.657073020935059,9.210495948791504,9.657073020935059,41581315,10.321864128112793,9.210495948791504
2022-03-22 00:00:00,9.966570854187012,9.550008773803711,9.966570854187012,24174611,10.204524993896484,9.656846046447754
2022-03-23 00:00:00,9.832330703735352,9.59445858001709,9.832330703735352,17484493,9.99911880493164,9.966609001159668
2022-03-24 00:00:00,10.962711334228516,9.6980562210083,10.962711334228516,59979745,11.460665702819824,9.830995559692383
2022-03-25 00:00:00,13.372085571289062,10.837807655334473,13.372085571289062,135325156,15.688029289245605,10.96873664855957
2022-03-26 00:00:00,12.71413516998291,12.497111320495605,12.71413516998291,35573390,13.614255905151367,13.375397682189941
2022-03-27 00:00:00,13.190197944641113,12.560627937316895,13.190197944641113,24442287,13.239791870117188,12.711071968078613
2022-03-28 00:00:00,12.597262382507324,12.508734703063965,12.597262382507324,28958638,13.407258987426758,13.192117691040039
2022-03-29 00:00:00,12.413827896118164,12.169415473937988,12.413827896118164,21741497,13.218481063842773,12.595991134643555
2022-03-30 00:00:00,12.670655250549316,12.132878303527832,12.670655250549316,2224304,12.699612617492676,12.412984848022461
2022-03-31 00:00:00,12.30617904663086,12.30148696899414,12.30617904663086,940939,12.866581916809082,12.670265197753906
2022-04-01 00:00:00,12.296595573425293,12.255453109741211,12.296595573425293,546226,12.307817459106445,12.30647087097168
2022-04-02 00:00:00,12.364553451538086,12.286202430725098,12.364553451538086,873785,12.402308464050293,12.296958923339844
2022-04-03 00:00:00,13.099608421325684,12.364176750183105,13.099608421325684,4819050,13.18067455291748,12.364398002624512
2022-04-04 00:00:00,12.399126052856445,12.354508399963379,12.399126052856445,8201612,13.133099555969238,13.100505828857422
2022-04-05 00:00:00,12.485806465148926,12.297871589660645,12.485806465148926,1042688,15.805176734924316,12.399057388305664
2022-04-06 00:00:00,13.70656681060791,12.438456535339355,13.70656681060791,3791649,14.040103912353516,12.485589981079102
2022-04-07 00:00:00,12.672618865966797,12.660980224609375,12.672618865966797,1363175,16.4263973236084,13.706450462341309
2022-04-08 00:00:00,13.666799545288086,12.479471206665039,13.666799545288086,918288,16.27997398376465,12.672739028930664
2022-04-09 00:00:00,13.928065299987793,13.6563720703125,13.928065299987793,629323,14.952045440673828,13.666699409484863
2022-04-10 00:00:00,13.127462387084961,12.925790786743164,13.127462387084961,284526,13.933585166931152,13.928044319152832
2022-04-11 00:00:00,12.060834884643555,11.954830169677734,12.060834884643555,7861609,13.127421379089355,13.127421379089355
2022-04-12 00:00:00,12.499466896057129,11.999035835266113,12.499466896057129,145498,12.741632461547852,12.061026573181152
2022-04-13 00:00:00,13.007776260375977,12.410782814025879,13.007776260375977,8173327,13.130504608154297,12.499455451965332
2022-04-14 00:00:00,12.220099449157715,12.125581741333008,12.220099449157715,117541,13.055953025817871,13.007657051086426
2022-04-15 00:00:00,11.918843269348145,11.892603874206543,11.918843269348145,159233,12.257080078125,12.22003173828125
2022-04-16 00:00:00,11.609247207641602,11.50034236907959,11.609247207641602,54301,11.926838874816895,11.918704986572266
2022-04-17 00:00:00,12.608668327331543,11.524571418762207,12.608668327331543,631931,13.95029067993164,11.609228134155273
2022-04-18 00:00:00,12.484299659729004,11.8245210647583,12.484299659729004,295779,12.608721733093262,12.608721733093262
2022-04-19 00:00:00,12.939151763916016,12.465693473815918,12.939151763916016,223256,13.21760082244873,12.485832214355469
2022-04-20 00:00:00,12.993494033813477,12.486350059509277,12.993494033813477,228280,13.102027893066406,12.939823150634766
2022-04-21 00:00:00,12.534623146057129,12.480460166931152,12.534623146057129,277943,13.780096054077148,12.971658706665039
2022-04-22 00:00:00,11.96606159210205,11.957490921020508,11.96606159210205,98340,12.67191219329834,12.534672737121582
2022-04-23 00:00:00,11.903985977172852,11.73047924041748,11.903985977172852,175674,12.111319541931152,11.965575218200684
2022-04-24 00:00:00,11.632843017578125,11.564655303955078,11.632843017578125,161361,11.990991592407227,11.903549194335938
2022-04-25 00:00:00,11.194016456604004,10.643180847167969,11.194016456604004,196433,11.6470308303833,11.634782791137695
2022-04-26 00:00:00,10.029145240783691,9.992877006530762,10.029145240783691,173087,11.32934856414795,11.194255828857422
2022-04-27 00:00:00,10.178289413452148,9.992316246032715,10.178289413452148,179523,10.372014045715332,10.029135704040527
2022-04-28 00:00:00,10.238842010498047,10.03675365447998,10.238842010498047,75964,10.621804237365723,10.178406715393066
2022-04-29 00:00:00,9.043270111083984,8.731996536254883,9.043270111083984,89327,10.318325996398926,10.238418579101562
2022-04-30 00:00:00,8.27267074584961,8.000134468078613,8.27267074584961,584387,9.195866584777832,9.0432710647583
2022-05-01 00:00:00,9.841121673583984,8.099544525146484,9.841121673583984,942568,9.853020668029785,8.272418975830078
2022-05-02 00:00:00,9.202400207519531,8.928908348083496,9.202400207519531,819874,9.897333145141602,9.836191177368164
2022-05-03 00:00:00,9.216561317443848,9.162790298461914,9.216561317443848,690045,9.491276741027832,9.20250415802002
2022-05-04 00:00:00,10.047992706298828,9.17785930633545,10.047992706298828,677231,10.05089282989502,9.216560363769531
2022-05-05 00:00:00,11.066217422485352,10.00344181060791,11.066217422485352,1153512,11.556221961975098,10.047987937927246
2022-05-06 00:00:00,10.536399841308594,10.440195083618164,10.536399841308594,1442458,12.230117797851562,11.0662202835083
2022-05-07 00:00:00,11.628106117248535,10.381537437438965,11.628106117248535,964597,12.107291221618652,10.537833213806152
2022-05-08 00:00:00,10.455416679382324,10.363936424255371,10.455416679382324,767027,11.88521671295166,11.627970695495605
2022-05-09 00:00:00,9.130130767822266,9.129920959472656,9.130130767822266,2020329,10.640979766845703,10.455669403076172
2022-05-10 00:00:00,10.309377670288086,8.865367889404297,10.309377670288086,4787366,10.354058265686035,9.125940322875977
2022-05-11 00:00:00,8.34546947479248,7.352605819702148,8.34546947479248,4730294,11.156451225280762,10.3093900680542
2022-05-12 00:00:00,7.391080856323242,6.415804862976074,7.391080856323242,3705032,8.965660095214844,8.345538139343262
2022-05-13 00:00:00,7.541639804840088,7.151605129241943,7.541639804840088,3883725,9.337361335754395,7.391066074371338
2022-05-14 00:00:00,8.067756652832031,7.21712589263916,8.067756652832031,1291891,8.166633605957031,7.541718006134033
2022-05-15 00:00:00,8.469281196594238,7.564742088317871,8.469281196594238,1306859,8.496685981750488,8.067763328552246
2022-05-16 00:00:00,7.928030014038086,7.786546230316162,7.928030014038086,1240624,8.474715232849121,8.469281196594238
2022-05-17 00:00:00,7.9015350341796875,7.5047478675842285,7.9015350341796875,1221188,8.29495620727539,7.92802095413208
2022-05-18 00:00:00,6.836732864379883,6.836656093597412,6.836732864379883,1148492,8.046184539794922,7.901473045349121
2022-05-19 00:00:00,7.149590969085693,6.812142848968506,7.149590969085693,1032545,7.328618049621582,6.836706161499023
2022-05-20 00:00:00,6.188188076019287,6.1406569480896,6.188188076019287,1045610,7.1496901512146,7.1496901512146
2022-05-21 00:00:00,6.640685081481934,6.152082920074463,6.640685081481934,1030353,7.188269138336182,6.188202857971191
2022-05-22 00:00:00,6.714206218719482,6.3910298347473145,6.714206218719482,1021714,7.000414848327637,6.640663146972656
2022-05-23 00:00:00,6.177535057067871,6.151954174041748,6.177535057067871,1075338,6.995536804199219,6.7141852378845215
2022-05-24 00:00:00,6.0758748054504395,5.7782487869262695,6.0758748054504395,880585,6.4174652099609375,6.177544116973877
2022-05-25 00:00:00,5.50222110748291,5.5022149085998535,5.50222110748291,785951,6.226019859313965,6.075873851776123
2022-05-26 00:00:00,5.179413795471191,4.994576930999756,5.179413795471191,716194,5.631353855133057,5.502217769622803
2022-05-27 00:00:00,4.776598930358887,4.735391139984131,4.776598930358887,724710,5.194907188415527,5.179413795471191
2022-05-28 00:00:00,5.219636917114258,4.765653133392334,5.219636917114258,670912,5.21986198425293,4.945582866668701
2022-05-29 00:00:00,5.099391937255859,4.935985088348389,5.099391937255859,653741,5.307176113128662,5.219637870788574
2022-05-30 00:00:00,5.637539863586426,5.088490009307861,5.637539863586426,780778,5.691804885864258,5.099374771118164
2022-05-31 00:00:00,5.498027801513672,5.311070919036865,5.498027801513672,679156,5.7410359382629395,5.637539863586426
2022-06-01 00:00:00,5.09993314743042,4.995344161987305,5.09993314743042,718921,5.553610801696777,5.498027801513672
2022-06-02 00:00:00,5.230165958404541,4.93861198425293,5.230165958404541,648811,5.28469705581665,5.099930763244629
2022-06-03 00:00:00,4.937955856323242,4.869659900665283,4.937955856323242,612137,5.3003830909729,5.230165958404541
2022-06-04 00:00:00,4.992998123168945,4.7711639404296875,4.992998123168945,616346,5.0180511474609375,4.937955856323242
2022-06-05 00:00:00,4.9132161140441895,4.796389102935791,4.9132161140441895,586892,5.005828857421875,4.992997169494629
2022-06-06 00:00:00,4.9627461433410645,4.854325771331787,4.9627461433410645,701649,5.2310638427734375,4.9132161140441895
2022-06-07 00:00:00,4.849578857421875,4.6629638671875,4.849578857421875,656011,4.973656177520752,4.9627461433410645
2022-06-08 00:00:00,4.7392377853393555,4.722771167755127,4.7392377853393555,628990,4.948334217071533,4.849579811096191
2022-06-09 00:00:00,4.849187850952148,4.705901145935059,4.849187850952148,644515,5.038425922393799,4.739243030548096
2022-06-10 00:00:00,4.788149833679199,4.72990608215332,4.788149833679199,672163,5.221778869628906,4.849185943603516
2022-06-11 00:00:00,4.373444080352783,4.311155796051025,4.373444080352783,599410,4.883421897888184,4.788144111633301
2022-06-12 00:00:00,3.869823932647705,3.8613638877868652,3.869823932647705,629731,4.424958229064941,4.373423099517822
2022-06-13 00:00:00,3.5946269035339355,3.429410934448242,3.5946269035339355,575014,3.897110939025879,3.8698740005493164
2022-06-14 00:00:00,3.5472700595855713,3.36368989944458,3.5472700595855713,478671,3.757858991622925,3.5946269035339355
2022-06-15 00:00:00,3.6692609786987305,3.1922760009765625,3.6692609786987305,470443,3.6697568893432617,3.547269105911255
2022-06-16 00:00:00,3.251173973083496,3.2201030254364014,3.251173973083496,463907,3.718722105026245,3.6692581176757812
2022-06-17 00:00:00,3.471592903137207,3.249208927154541,3.471592903137207,425980,3.55875301361084,3.2511749267578125
2022-06-18 00:00:00,3.10617995262146,2.977389097213745,3.10617995262146,453963,3.528348922729492,3.4715991020202637
2022-06-19 00:00:00,3.3387129306793213,2.9680330753326416,3.3387129306793213,391296,3.3681070804595947,3.10617995262146
2022-06-20 00:00:00,3.342909097671509,3.171994924545288,3.342909097671509,513125,3.4734559059143066,3.338710069656372
2022-06-21 00:00:00,3.401149034500122,3.301121950149536,3.401149034500122,531156,3.6697440147399902,3.342909097671509
2022-06-22 00:00:00,3.278965950012207,3.2396819591522217,3.278965950012207,523502,3.4852828979492188,3.401144027709961
2022-06-23 00:00:00,3.4736509323120117,3.267920970916748,3.4736509323120117,478194,3.525418996810913,3.2789580821990967
2022-06-24 00:00:00,3.9073190689086914,3.4312350749969482,3.9073190689086914,509649,3.9073290824890137,3.4736530780792236
2022-06-25 00:00:00,3.9574379920959473,3.5749919414520264,3.9574379920959473,548587,4.03586483001709,3.907310962677002
2022-06-26 00:00:00,3.642786979675293,3.6427459716796875,3.642786979675293,495542,4.063220024108887,3.957473039627075
2022-06-27 00:00:00,3.5849409103393555,3.544260025024414,3.5849409103393555,531410,3.815593957901001,3.6427860260009766
2022-06-28 00:00:00,3.4702630043029785,3.461782932281494,3.4702630043029785,518448,3.7289040088653564,3.584944009780884
2022-06-29 00:00:00,3.3892059326171875,3.3555428981781006,3.3892059326171875,498494,3.5975520610809326,3.4702999591827393
2022-06-30 00:00:00,3.328726053237915,3.151297092437744,3.328726053237915,479960,3.457429885864258,3.3891470432281494
2022-07-01 00:00:00,3.3054471015930176,3.2412679195404053,3.3054471015930176,503862,3.463304042816162,3.328713893890381
2022-07-02 00:00:00,4.184104919433594,3.2648050785064697,4.184104919433594,672818,4.431850910186768,3.305443048477173
2022-07-03 00:00:00,4.045627117156982,3.9544379711151123,4.045627117156982,698459,4.197805881500244,4.184101104736328
2022-07-04 00:00:00,4.035796165466309,3.8844358921051025,4.035796165466309,571845,4.060000896453857,4.045638084411621
2022-07-05 00:00:00,4.1183881759643555,3.8909189701080322,4.1183881759643555,618214,4.223862171173096,4.035796165466309
2022-07-06 00:00:00,4.255205154418945,3.9911649227142334,4.255205154418945,619582,4.34168815612793,4.1183881759643555
2022-07-07 00:00:00,4.438230991363525,4.204625129699707,4.438230991363525,641042,4.484528064727783,4.255314826965332
2022-07-08 00:00:00,4.3855719566345215,4.226853847503662,4.3855719566345215,641757,4.571263790130615,4.438231945037842
2022-07-09 00:00:00,4.4360270500183105,4.2981648445129395,4.4360270500183105,638373,4.504793167114258,4.385573863983154
2022-07-10 00:00:00,4.033516883850098,3.9956960678100586,4.033516883850098,573710,4.478723049163818,4.436017036437988
2022-07-11 00:00:00,3.757469892501831,3.736164093017578,3.757469892501831,449777,4.063080787658691,4.033484935760498
2022-07-12 00:00:00,3.6760849952697754,3.6760520935058594,3.6760849952697754,565904,3.877734899520874,3.757469892501831
2022-07-13 00:00:00,4.122848033905029,3.537877082824707,4.122848033905029,527174,4.122848033905029,3.676084041595459
2022-07-14 00:00:00,4.25011682510376,3.972364902496338,4.25011682510376,591440,4.250195026397705,4.122848033905029
2022-07-15 00:00:00,4.100648880004883,4.006429195404053,4.100648880004883,569989,4.255943775177002,4.250187873840332
2022-07-16 00:00:00,4.253833770751953,3.9639220237731934,4.253833770751953,665775,4.270174980163574,4.101116180419922
2022-07-17 00:00:00,4.180613040924072,4.150938987731934,4.180613040924072,724376,4.386347770690918,4.253832817077637
2022-07-18 00:00:00,4.586188793182373,4.1125359535217285,4.586188793182373,645244,4.586188793182373,4.180614948272705
2022-07-19 00:00:00,4.6858320236206055,4.4413371086120605,4.6858320236206055,800701,4.778602123260498,4.586174964904785
2022-07-20 00:00:00,4.39445686340332,4.304236888885498,4.39445686340332,576723,4.826916217803955,4.68602180480957
2022-07-21 00:00:00,4.464521884918213,4.12892484664917,4.464521884918213,684958,4.480401039123535,4.394835948944092
2022-07-22 00:00:00,4.338335037231445,4.271968841552734,4.338335037231445,718006,4.575116157531738,4.4646501541137695
2022-07-23 00:00:00,4.438326835632324,4.2673258781433105,4.438326835632324,609852,4.642368793487549,4.338284969329834
2022-07-24 00:00:00,4.557187080383301,4.283186912536621,4.557187080383301,641450,4.596254825592041,4.438337802886963
2022-07-25 00:00:00,4.073245048522949,4.073245048522949,4.073245048522949,548218,4.559507846832275,4.557182788848877
2022-07-26 00:00:00,4.1306657791137695,3.8355069160461426,4.1306657791137695,544003,4.1306657791137695,4.073248863220215
2022-07-27 00:00:00,4.483682155609131,4.004036903381348,4.483682155609131,604495,4.488790988922119,4.130597114562988
2022-07-28 00:00:00,4.478752136230469,4.317997932434082,4.478752136230469,582840,4.640818119049072,4.483674049377441
2022-07-29 00:00:00,4.710914134979248,4.41995096206665,4.710914134979248,609706,4.761453151702881,4.478858947753906
2022-07-30 00:00:00,4.717604160308838,4.649412155151367,4.717604160308838,641378,4.958413124084473,4.7108588218688965
2022-07-31 00:00:00,4.55986213684082,4.518065929412842,4.55986213684082,695047,4.9476847648620605,4.7176032066345215
2022-08-01 00:00:00,4.685061931610107,4.489074230194092,4.685061931610107,706951,4.759765148162842,4.559924125671387
2022-08-02 00:00:00,4.562534809112549,4.3418169021606445,4.562534809112549,685079,4.723082065582275,4.6850762367248535
2022-08-03 00:00:00,4.65093994140625,4.430348873138428,4.65093994140625,675819,4.77093505859375,4.562068939208984
2022-08-04 00:00:00,6.041734218597412,4.623772144317627,6.041734218597412,1031487,6.709742069244385,4.6509270668029785
2022-08-05 00:00:00,5.884477138519287,5.648313999176025,5.884477138519287,840919,6.097904205322266,6.038498878479004
2022-08-06 00:00:00,5.8898138999938965,5.667848110198975,5.8898138999938965,813277,6.043980121612549,5.884774208068848
2022-08-07 00:00:00,5.900102138519287,5.624031066894531,5.900102138519287,848091,5.924116134643555,5.889855861663818
2022-08-08 00:00:00,7.042627811431885,5.786839962005615,7.042627811431885,1110908,7.29642391204834,5.900108814239502
2022-08-09 00:00:00,6.4415669441223145,6.214530944824219,6.4415669441223145,917853,7.156632900238037,7.042477130889893
2022-08-10 00:00:00,6.812240123748779,6.265590190887451,6.812240123748779,857744,6.923874855041504,6.4423980712890625
2022-08-11 00:00:00,6.603485107421875,6.576952934265137,6.603485107421875,934787,6.870089054107666,6.812914848327637
2022-08-12 00:00:00,6.7221808433532715,6.51585578918457,6.7221808433532715,710064,6.728165149688721,6.603332042694092
2022-08-13 00:00:00,6.762320041656494,6.636257171630859,6.762320041656494,795975,6.899407863616943,6.720109939575195
2022-08-14 00:00:00,6.475543022155762,6.399171829223633,6.475543022155762,993310,6.849427223205566,6.762548923492432
2022-08-15 00:00:00,6.318751811981201,6.25281286239624,6.318751811981201,932816,6.682464122772217,6.4766669273376465
2022-08-16 00:00:00,6.174084186553955,6.122646808624268,6.174084186553955,899439,6.344390869140625,6.31808614730835
2022-08-17 00:00:00,5.790869235992432,5.76841402053833,5.790869235992432,670753,6.270256996154785,6.174233913421631
2022-08-18 00:00:00,5.6633830070495605,5.632030963897705,5.6633830070495605,737813,5.8715949058532715,5.7915120124816895
2022-08-19 00:00:00,5.186543941497803,5.129281044006348,5.186543941497803,605536,5.662927150726318,5.658505916595459
2022-08-20 00:00:00,5.095426082611084,4.984353065490723,5.095426082611084,671598,5.297057151794434,5.1864190101623535
2022-08-21 00:00:00,5.2659077644348145,5.0947442054748535,5.2659077644348145,638337,5.313364028930664,5.095404148101807
2022-08-22 00:00:00,5.1759209632873535,5.012020111083984,5.1759209632873535,642970,5.269161224365234,5.266387939453125
2022-08-23 00:00:00,5.436614036560059,5.066722869873047,5.436614036560059,666210,5.443111896514893,5.174735069274902
2022-08-24 00:00:00,5.805873870849609,5.2715911865234375,5.805873870849609,850188,6.370151042938232,5.436744213104248
2022-08-25 00:00:00,5.780579090118408,5.697484016418457,5.780579090118408,687334,5.908329963684082,5.80511999130249
2022-08-26 00:00:00,5.12709379196167,5.105609893798828,5.12709379196167,721305,5.7811970710754395,5.7807159423828125
2022-08-27 00:00:00,5.168784141540527,5.04759407043457,5.168784141540527,626454,5.235467910766602,5.129662036895752
2022-08-28 00:00:00,4.967930793762207,4.964775085449219,4.967930793762207,745550,5.200429916381836,5.168336868286133
2022-08-29 00:00:00,5.2672529220581055,4.903219223022461,5.2672529220581055,654272,5.2767839431762695,4.964314937591553
2022-08-30 00:00:00,5.088931083679199,4.997012138366699,5.088931083679199,672292,5.3232340812683105,5.267094135284424
2022-08-31 00:00:00,5.083367824554443,5.029047966003418,5.083367824554443,626931,5.270103931427002,5.089001178741455
2022-09-01 00:00:00,5.1028289794921875,4.967267990112305,5.1028289794921875,578633,5.161336898803711,5.084955215454102
2022-09-02 00:00:00,5.136353969573975,5.055475234985352,5.136353969573975,607330,5.307126998901367,5.103000164031982
2022-09-03 00:00:00,5.0638298988342285,5.001071929931641,5.0638298988342285,699851,5.199120998382568,5.136997222900391
2022-09-04 00:00:00,5.156968116760254,5.048656940460205,5.156968116760254,598787,5.243453025817871,5.0637688636779785
2022-09-05 00:00:00,5.073331832885742,5.020153999328613,5.073331832885742,679442,5.216672897338867,5.136555194854736
2022-09-06 00:00:00,4.791169166564941,4.76373291015625,4.791169166564941,611634,5.227635860443115,5.083891868591309
2022-09-07 00:00:00,4.979307174682617,4.7408881187438965,4.979307174682617,741837,5.023289203643799,4.791118144989014
2022-09-08 00:00:00,5.357954025268555,4.903896808624268,5.357954025268555,673158,5.475327014923096,4.979245185852051
2022-09-09 00:00:00,5.465226173400879,5.255428791046143,5.465226173400879,698753,5.546290874481201,5.34624719619751
2022-09-10 00:00:00,5.4974188804626465,5.311968803405762,5.4974188804626465,720831,5.601068019866943,5.465904235839844
2022-09-11 00:00:00,5.382424831390381,5.2647199630737305,5.382424831390381,666049,5.5362420082092285,5.497096061706543
2022-09-12 00:00:00,5.253468036651611,5.153731822967529,5.253468036651611,821704,5.558065891265869,5.382430076599121
2022-09-13 00:00:00,4.965779781341553,4.921783924102783,4.965779781341553,774558,5.407450199127197,5.254158020019531
2022-09-14 00:00:00,5.124931812286377,4.921783924102783,5.124931812286377,701198,5.149473190307617,4.9313530921936035
2022-09-15 00:00:00,4.881688117980957,4.8665571212768555,4.881688117980957,667967,5.124546051025391,5.116213798522949
2022-09-16 00:00:00,4.910514831542969,4.833044052124023,4.910514831542969,652899,4.959747791290283,4.8733320236206055
2022-09-17 00:00:00,5.032261848449707,4.890818119049072,5.032261848449707,615077,5.032896995544434,4.910159111022949
2022-09-18 00:00:00,4.690336227416992,4.679403781890869,4.690336227416992,672069,5.156493186950684,5.0317769050598145
2022-09-19 00:00:00,4.648140907287598,4.5459418296813965,4.648140907287598,640855,4.774569988250732,4.690725803375244
2022-09-20 00:00:00,4.570089817047119,4.554117202758789,4.570089817047119,593933,4.664918899536133,4.639084815979004
2022-09-21 00:00:00,4.266726970672607,4.231331825256348,4.266726970672607,643070,4.633087158203125,4.576271057128906
2022-09-22 00:00:00,4.430109977722168,4.254389762878418,4.430109977722168,587258,4.472356796264648,4.269381046295166
2022-09-23 00:00:00,4.405054092407227,4.285055160522461,4.405054092407227,657564,4.522836208343506,4.424718856811523
2022-09-24 00:00:00,4.412789821624756,4.377044200897217,4.412789821624756,660334,4.534972190856934,4.404747009277344
2022-09-25 00:00:00,4.386112213134766,4.33646297454834,4.386112213134766,521616,4.527917861938477,4.4128289222717285
2022-09-26 00:00:00,4.448452949523926,4.311291217803955,4.448452949523926,583493,4.483037948608398,4.386086940765381
2022-09-27 00:00:00,4.3945441246032715,4.346228122711182,4.3945441246032715,548694,4.628963947296143,4.448450088500977
2022-09-28 08:57:00,4.262574195861816,4.212643623352051,4.262574195861816,537896,4.464977741241455,4.391732692718506
